job_id,job_title,field_name,field_type,label,required,placeholder,options,selector
mitigation-documentation-specialist-hr87436,Mitigation Documentation Specialist - (HR87436),pt_user_fname,text,First Name,False,First Name,,"[name=""pt_user_fname""]"
mitigation-documentation-specialist-hr87436,Mitigation Documentation Specialist - (HR87436),pt_user_lname,text,Last Name,False,Last Name,,"[name=""pt_user_lname""]"
mitigation-documentation-specialist-hr87436,Mitigation Documentation Specialist - (HR87436),user_email,text,Email Address,False,Email Address,,"[name=""user_email""]"
mitigation-documentation-specialist-hr87436,Mitigation Documentation Specialist - (HR87436),user_phone,tel,Phone Number,False,Phone Number,,#pt_user_phone_187481998
mitigation-documentation-specialist-hr87436,Mitigation Documentation Specialist - (HR87436),user_job_title,text,Current Job Title,False,Current Job Title,,"[name=""user_job_title""]"
mitigation-documentation-specialist-hr87436,Mitigation Documentation Specialist - (HR87436),user_salary,text,Current Salary,False,Current Salary,,"[name=""user_salary""]"
mitigation-documentation-specialist-hr87436,Mitigation Documentation Specialist - (HR87436),academic-level,select,Academic Level,False,Academic Level,,"[name=""academic-level""]"
mitigation-documentation-specialist-hr87436,Mitigation Documentation Specialist - (HR87436),Age,select,Age,False,Age,,"[name=""Age""]"
mitigation-documentation-specialist-hr87436,Mitigation Documentation Specialist - (HR87436),salary,text,salary,False,,,#salary83785
mitigation-documentation-specialist-hr87436,Mitigation Documentation Specialist - (HR87436),gender,select,Gender,False,Gender,,"[name=""gender""]"
mitigation-documentation-specialist-hr87436,Mitigation Documentation Specialist - (HR87436),industry,select,Industry,False,Industry,,"[name=""industry""]"
mitigation-documentation-specialist-hr87436,Mitigation Documentation Specialist - (HR87436),cand_woutreg_cv_file,file,cand_woutreg_cv_file,False,,,#cand_cv_filefield
mitigation-documentation-specialist-hr87436,Mitigation Documentation Specialist - (HR87436),cand_cover_letter,textarea,Cover Letter,False,Cover Letter,,"[name=""cand_cover_letter""]"
mitigation-documentation-specialist-hr87436,Mitigation Documentation Specialist - (HR87436),candidate_apply_cover,file,candidate_apply_cover,False,,,"[name=""candidate_apply_cover""]"
mitigation-documentation-specialist-hr87436,Mitigation Documentation Specialist - (HR87436),job_id,hidden,job_id,False,,,"[name=""job_id""]"
mitigation-documentation-specialist-hr87436,Mitigation Documentation Specialist - (HR87436),terms_cond_check,checkbox,terms_cond_check,False,,,"[name=""terms_cond_check""]"
recruiter-skilled-trades-hr71598,Recruiter – Skilled Trades - (HR71598),pt_user_fname,text,First Name,False,First Name,,"[name=""pt_user_fname""]"
recruiter-skilled-trades-hr71598,Recruiter – Skilled Trades - (HR71598),pt_user_lname,text,Last Name,False,Last Name,,"[name=""pt_user_lname""]"
recruiter-skilled-trades-hr71598,Recruiter – Skilled Trades - (HR71598),user_email,text,Email Address,False,Email Address,,"[name=""user_email""]"
recruiter-skilled-trades-hr71598,Recruiter – Skilled Trades - (HR71598),user_phone,tel,Phone Number,False,Phone Number,,#pt_user_phone_679618315
recruiter-skilled-trades-hr71598,Recruiter – Skilled Trades - (HR71598),user_job_title,text,Current Job Title,False,Current Job Title,,"[name=""user_job_title""]"
recruiter-skilled-trades-hr71598,Recruiter – Skilled Trades - (HR71598),user_salary,text,Current Salary,False,Current Salary,,"[name=""user_salary""]"
recruiter-skilled-trades-hr71598,Recruiter – Skilled Trades - (HR71598),academic-level,select,Academic Level,False,Academic Level,,"[name=""academic-level""]"
recruiter-skilled-trades-hr71598,Recruiter – Skilled Trades - (HR71598),Age,select,Age,False,Age,,"[name=""Age""]"
recruiter-skilled-trades-hr71598,Recruiter – Skilled Trades - (HR71598),salary,text,salary,False,,,#salary34393
recruiter-skilled-trades-hr71598,Recruiter – Skilled Trades - (HR71598),gender,select,Gender,False,Gender,,"[name=""gender""]"
recruiter-skilled-trades-hr71598,Recruiter – Skilled Trades - (HR71598),industry,select,Industry,False,Industry,,"[name=""industry""]"
recruiter-skilled-trades-hr71598,Recruiter – Skilled Trades - (HR71598),cand_woutreg_cv_file,file,cand_woutreg_cv_file,False,,,#cand_cv_filefield
recruiter-skilled-trades-hr71598,Recruiter – Skilled Trades - (HR71598),cand_cover_letter,textarea,Cover Letter,False,Cover Letter,,"[name=""cand_cover_letter""]"
recruiter-skilled-trades-hr71598,Recruiter – Skilled Trades - (HR71598),candidate_apply_cover,file,candidate_apply_cover,False,,,"[name=""candidate_apply_cover""]"
recruiter-skilled-trades-hr71598,Recruiter – Skilled Trades - (HR71598),job_id,hidden,job_id,False,,,"[name=""job_id""]"
recruiter-skilled-trades-hr71598,Recruiter – Skilled Trades - (HR71598),terms_cond_check,checkbox,terms_cond_check,False,,,"[name=""terms_cond_check""]"
corporate-controller-hr49489,Corporate Controller - (HR49489),pt_user_fname,text,First Name,False,First Name,,"[name=""pt_user_fname""]"
corporate-controller-hr49489,Corporate Controller - (HR49489),pt_user_lname,text,Last Name,False,Last Name,,"[name=""pt_user_lname""]"
corporate-controller-hr49489,Corporate Controller - (HR49489),user_email,text,Email Address,False,Email Address,,"[name=""user_email""]"
corporate-controller-hr49489,Corporate Controller - (HR49489),user_phone,tel,Phone Number,False,Phone Number,,#pt_user_phone_180763994
corporate-controller-hr49489,Corporate Controller - (HR49489),user_job_title,text,Current Job Title,False,Current Job Title,,"[name=""user_job_title""]"
corporate-controller-hr49489,Corporate Controller - (HR49489),user_salary,text,Current Salary,False,Current Salary,,"[name=""user_salary""]"
corporate-controller-hr49489,Corporate Controller - (HR49489),academic-level,select,Academic Level,False,Academic Level,,"[name=""academic-level""]"
corporate-controller-hr49489,Corporate Controller - (HR49489),Age,select,Age,False,Age,,"[name=""Age""]"
corporate-controller-hr49489,Corporate Controller - (HR49489),salary,text,salary,False,,,#salary80293
corporate-controller-hr49489,Corporate Controller - (HR49489),gender,select,Gender,False,Gender,,"[name=""gender""]"
corporate-controller-hr49489,Corporate Controller - (HR49489),industry,select,Industry,False,Industry,,"[name=""industry""]"
corporate-controller-hr49489,Corporate Controller - (HR49489),cand_woutreg_cv_file,file,cand_woutreg_cv_file,False,,,#cand_cv_filefield
corporate-controller-hr49489,Corporate Controller - (HR49489),cand_cover_letter,textarea,Cover Letter,False,Cover Letter,,"[name=""cand_cover_letter""]"
corporate-controller-hr49489,Corporate Controller - (HR49489),candidate_apply_cover,file,candidate_apply_cover,False,,,"[name=""candidate_apply_cover""]"
corporate-controller-hr49489,Corporate Controller - (HR49489),job_id,hidden,job_id,False,,,"[name=""job_id""]"
corporate-controller-hr49489,Corporate Controller - (HR49489),terms_cond_check,checkbox,terms_cond_check,False,,,"[name=""terms_cond_check""]"
paid-search-ppc-media-buyer-brazil-ap00021,Paid Search / PPC Media Buyer (Brazil) - (AP00021),pt_user_fname,text,First Name,False,First Name,,"[name=""pt_user_fname""]"
paid-search-ppc-media-buyer-brazil-ap00021,Paid Search / PPC Media Buyer (Brazil) - (AP00021),pt_user_lname,text,Last Name,False,Last Name,,"[name=""pt_user_lname""]"
paid-search-ppc-media-buyer-brazil-ap00021,Paid Search / PPC Media Buyer (Brazil) - (AP00021),user_email,text,Email Address,False,Email Address,,"[name=""user_email""]"
paid-search-ppc-media-buyer-brazil-ap00021,Paid Search / PPC Media Buyer (Brazil) - (AP00021),user_phone,tel,Phone Number,False,Phone Number,,#pt_user_phone_992998811
paid-search-ppc-media-buyer-brazil-ap00021,Paid Search / PPC Media Buyer (Brazil) - (AP00021),user_job_title,text,Current Job Title,False,Current Job Title,,"[name=""user_job_title""]"
paid-search-ppc-media-buyer-brazil-ap00021,Paid Search / PPC Media Buyer (Brazil) - (AP00021),user_salary,text,Current Salary,False,Current Salary,,"[name=""user_salary""]"
paid-search-ppc-media-buyer-brazil-ap00021,Paid Search / PPC Media Buyer (Brazil) - (AP00021),academic-level,select,Academic Level,False,Academic Level,,"[name=""academic-level""]"
paid-search-ppc-media-buyer-brazil-ap00021,Paid Search / PPC Media Buyer (Brazil) - (AP00021),Age,select,Age,False,Age,,"[name=""Age""]"
paid-search-ppc-media-buyer-brazil-ap00021,Paid Search / PPC Media Buyer (Brazil) - (AP00021),salary,text,salary,False,,,#salary105471
paid-search-ppc-media-buyer-brazil-ap00021,Paid Search / PPC Media Buyer (Brazil) - (AP00021),gender,select,Gender,False,Gender,,"[name=""gender""]"
paid-search-ppc-media-buyer-brazil-ap00021,Paid Search / PPC Media Buyer (Brazil) - (AP00021),industry,select,Industry,False,Industry,,"[name=""industry""]"
paid-search-ppc-media-buyer-brazil-ap00021,Paid Search / PPC Media Buyer (Brazil) - (AP00021),cand_woutreg_cv_file,file,cand_woutreg_cv_file,False,,,#cand_cv_filefield
paid-search-ppc-media-buyer-brazil-ap00021,Paid Search / PPC Media Buyer (Brazil) - (AP00021),cand_cover_letter,textarea,Cover Letter,False,Cover Letter,,"[name=""cand_cover_letter""]"
paid-search-ppc-media-buyer-brazil-ap00021,Paid Search / PPC Media Buyer (Brazil) - (AP00021),candidate_apply_cover,file,candidate_apply_cover,False,,,"[name=""candidate_apply_cover""]"
paid-search-ppc-media-buyer-brazil-ap00021,Paid Search / PPC Media Buyer (Brazil) - (AP00021),job_id,hidden,job_id,False,,,"[name=""job_id""]"
paid-search-ppc-media-buyer-brazil-ap00021,Paid Search / PPC Media Buyer (Brazil) - (AP00021),terms_cond_check,checkbox,terms_cond_check,False,,,"[name=""terms_cond_check""]"
paid-social-media-buyer-eastern-europe-ap00022,Paid Social Media Buyer (Eastern Europe) - (AP00022),pt_user_fname,text,First Name,False,First Name,,"[name=""pt_user_fname""]"
paid-social-media-buyer-eastern-europe-ap00022,Paid Social Media Buyer (Eastern Europe) - (AP00022),pt_user_lname,text,Last Name,False,Last Name,,"[name=""pt_user_lname""]"
paid-social-media-buyer-eastern-europe-ap00022,Paid Social Media Buyer (Eastern Europe) - (AP00022),user_email,text,Email Address,False,Email Address,,"[name=""user_email""]"
paid-social-media-buyer-eastern-europe-ap00022,Paid Social Media Buyer (Eastern Europe) - (AP00022),user_phone,tel,Phone Number,False,Phone Number,,#pt_user_phone_727900130
paid-social-media-buyer-eastern-europe-ap00022,Paid Social Media Buyer (Eastern Europe) - (AP00022),user_job_title,text,Current Job Title,False,Current Job Title,,"[name=""user_job_title""]"
paid-social-media-buyer-eastern-europe-ap00022,Paid Social Media Buyer (Eastern Europe) - (AP00022),user_salary,text,Current Salary,False,Current Salary,,"[name=""user_salary""]"
paid-social-media-buyer-eastern-europe-ap00022,Paid Social Media Buyer (Eastern Europe) - (AP00022),academic-level,select,Academic Level,False,Academic Level,,"[name=""academic-level""]"
paid-social-media-buyer-eastern-europe-ap00022,Paid Social Media Buyer (Eastern Europe) - (AP00022),Age,select,Age,False,Age,,"[name=""Age""]"
paid-social-media-buyer-eastern-europe-ap00022,Paid Social Media Buyer (Eastern Europe) - (AP00022),salary,text,salary,False,,,#salary55521
paid-social-media-buyer-eastern-europe-ap00022,Paid Social Media Buyer (Eastern Europe) - (AP00022),gender,select,Gender,False,Gender,,"[name=""gender""]"
paid-social-media-buyer-eastern-europe-ap00022,Paid Social Media Buyer (Eastern Europe) - (AP00022),industry,select,Industry,False,Industry,,"[name=""industry""]"
paid-social-media-buyer-eastern-europe-ap00022,Paid Social Media Buyer (Eastern Europe) - (AP00022),cand_woutreg_cv_file,file,cand_woutreg_cv_file,False,,,#cand_cv_filefield
paid-social-media-buyer-eastern-europe-ap00022,Paid Social Media Buyer (Eastern Europe) - (AP00022),cand_cover_letter,textarea,Cover Letter,False,Cover Letter,,"[name=""cand_cover_letter""]"
paid-social-media-buyer-eastern-europe-ap00022,Paid Social Media Buyer (Eastern Europe) - (AP00022),candidate_apply_cover,file,candidate_apply_cover,False,,,"[name=""candidate_apply_cover""]"
paid-social-media-buyer-eastern-europe-ap00022,Paid Social Media Buyer (Eastern Europe) - (AP00022),job_id,hidden,job_id,False,,,"[name=""job_id""]"
paid-social-media-buyer-eastern-europe-ap00022,Paid Social Media Buyer (Eastern Europe) - (AP00022),terms_cond_check,checkbox,terms_cond_check,False,,,"[name=""terms_cond_check""]"
paid-search-ppc-media-buyer-eastern-europe-ap00023,Google Ads Specialist - (AP00023),pt_user_fname,text,First Name,False,First Name,,"[name=""pt_user_fname""]"
paid-search-ppc-media-buyer-eastern-europe-ap00023,Google Ads Specialist - (AP00023),pt_user_lname,text,Last Name,False,Last Name,,"[name=""pt_user_lname""]"
paid-search-ppc-media-buyer-eastern-europe-ap00023,Google Ads Specialist - (AP00023),user_email,text,Email Address,False,Email Address,,"[name=""user_email""]"
paid-search-ppc-media-buyer-eastern-europe-ap00023,Google Ads Specialist - (AP00023),user_phone,tel,Phone Number,False,Phone Number,,#pt_user_phone_595611477
paid-search-ppc-media-buyer-eastern-europe-ap00023,Google Ads Specialist - (AP00023),user_job_title,text,Current Job Title,False,Current Job Title,,"[name=""user_job_title""]"
paid-search-ppc-media-buyer-eastern-europe-ap00023,Google Ads Specialist - (AP00023),user_salary,text,Current Salary,False,Current Salary,,"[name=""user_salary""]"
paid-search-ppc-media-buyer-eastern-europe-ap00023,Google Ads Specialist - (AP00023),academic-level,select,Academic Level,False,Academic Level,,"[name=""academic-level""]"
paid-search-ppc-media-buyer-eastern-europe-ap00023,Google Ads Specialist - (AP00023),Age,select,Age,False,Age,,"[name=""Age""]"
paid-search-ppc-media-buyer-eastern-europe-ap00023,Google Ads Specialist - (AP00023),salary,text,salary,False,,,#salary81419
paid-search-ppc-media-buyer-eastern-europe-ap00023,Google Ads Specialist - (AP00023),gender,select,Gender,False,Gender,,"[name=""gender""]"
paid-search-ppc-media-buyer-eastern-europe-ap00023,Google Ads Specialist - (AP00023),industry,select,Industry,False,Industry,,"[name=""industry""]"
paid-search-ppc-media-buyer-eastern-europe-ap00023,Google Ads Specialist - (AP00023),cand_woutreg_cv_file,file,cand_woutreg_cv_file,False,,,#cand_cv_filefield
paid-search-ppc-media-buyer-eastern-europe-ap00023,Google Ads Specialist - (AP00023),cand_cover_letter,textarea,Cover Letter,False,Cover Letter,,"[name=""cand_cover_letter""]"
paid-search-ppc-media-buyer-eastern-europe-ap00023,Google Ads Specialist - (AP00023),candidate_apply_cover,file,candidate_apply_cover,False,,,"[name=""candidate_apply_cover""]"
paid-search-ppc-media-buyer-eastern-europe-ap00023,Google Ads Specialist - (AP00023),job_id,hidden,job_id,False,,,"[name=""job_id""]"
paid-search-ppc-media-buyer-eastern-europe-ap00023,Google Ads Specialist - (AP00023),terms_cond_check,checkbox,terms_cond_check,False,,,"[name=""terms_cond_check""]"
ppc-specialist-ppc-manager-ap00024,PPC Specialist / PPC Manager - (AP00024),pt_user_fname,text,First Name,False,First Name,,"[name=""pt_user_fname""]"
ppc-specialist-ppc-manager-ap00024,PPC Specialist / PPC Manager - (AP00024),pt_user_lname,text,Last Name,False,Last Name,,"[name=""pt_user_lname""]"
ppc-specialist-ppc-manager-ap00024,PPC Specialist / PPC Manager - (AP00024),user_email,text,Email Address,False,Email Address,,"[name=""user_email""]"
ppc-specialist-ppc-manager-ap00024,PPC Specialist / PPC Manager - (AP00024),user_phone,tel,Phone Number,False,Phone Number,,#pt_user_phone_971974724
ppc-specialist-ppc-manager-ap00024,PPC Specialist / PPC Manager - (AP00024),user_job_title,text,Current Job Title,False,Current Job Title,,"[name=""user_job_title""]"
ppc-specialist-ppc-manager-ap00024,PPC Specialist / PPC Manager - (AP00024),user_salary,text,Current Salary,False,Current Salary,,"[name=""user_salary""]"
ppc-specialist-ppc-manager-ap00024,PPC Specialist / PPC Manager - (AP00024),academic-level,select,Academic Level,False,Academic Level,,"[name=""academic-level""]"
ppc-specialist-ppc-manager-ap00024,PPC Specialist / PPC Manager - (AP00024),Age,select,Age,False,Age,,"[name=""Age""]"
ppc-specialist-ppc-manager-ap00024,PPC Specialist / PPC Manager - (AP00024),salary,text,salary,False,,,#salary77944
ppc-specialist-ppc-manager-ap00024,PPC Specialist / PPC Manager - (AP00024),gender,select,Gender,False,Gender,,"[name=""gender""]"
ppc-specialist-ppc-manager-ap00024,PPC Specialist / PPC Manager - (AP00024),industry,select,Industry,False,Industry,,"[name=""industry""]"
ppc-specialist-ppc-manager-ap00024,PPC Specialist / PPC Manager - (AP00024),cand_woutreg_cv_file,file,cand_woutreg_cv_file,False,,,#cand_cv_filefield
ppc-specialist-ppc-manager-ap00024,PPC Specialist / PPC Manager - (AP00024),cand_cover_letter,textarea,Cover Letter,False,Cover Letter,,"[name=""cand_cover_letter""]"
ppc-specialist-ppc-manager-ap00024,PPC Specialist / PPC Manager - (AP00024),candidate_apply_cover,file,candidate_apply_cover,False,,,"[name=""candidate_apply_cover""]"
ppc-specialist-ppc-manager-ap00024,PPC Specialist / PPC Manager - (AP00024),job_id,hidden,job_id,False,,,"[name=""job_id""]"
ppc-specialist-ppc-manager-ap00024,PPC Specialist / PPC Manager - (AP00024),terms_cond_check,checkbox,terms_cond_check,False,,,"[name=""terms_cond_check""]"
google-ads-specialist-ap00025,Performance Marketing Manager - (AP00025),pt_user_fname,text,First Name,False,First Name,,"[name=""pt_user_fname""]"
google-ads-specialist-ap00025,Performance Marketing Manager - (AP00025),pt_user_lname,text,Last Name,False,Last Name,,"[name=""pt_user_lname""]"
google-ads-specialist-ap00025,Performance Marketing Manager - (AP00025),user_email,text,Email Address,False,Email Address,,"[name=""user_email""]"
google-ads-specialist-ap00025,Performance Marketing Manager - (AP00025),user_phone,tel,Phone Number,False,Phone Number,,#pt_user_phone_432636327
google-ads-specialist-ap00025,Performance Marketing Manager - (AP00025),user_job_title,text,Current Job Title,False,Current Job Title,,"[name=""user_job_title""]"
google-ads-specialist-ap00025,Performance Marketing Manager - (AP00025),user_salary,text,Current Salary,False,Current Salary,,"[name=""user_salary""]"
google-ads-specialist-ap00025,Performance Marketing Manager - (AP00025),academic-level,select,Academic Level,False,Academic Level,,"[name=""academic-level""]"
google-ads-specialist-ap00025,Performance Marketing Manager - (AP00025),Age,select,Age,False,Age,,"[name=""Age""]"
google-ads-specialist-ap00025,Performance Marketing Manager - (AP00025),salary,text,salary,False,,,#salary55224
google-ads-specialist-ap00025,Performance Marketing Manager - (AP00025),gender,select,Gender,False,Gender,,"[name=""gender""]"
google-ads-specialist-ap00025,Performance Marketing Manager - (AP00025),industry,select,Industry,False,Industry,,"[name=""industry""]"
google-ads-specialist-ap00025,Performance Marketing Manager - (AP00025),cand_woutreg_cv_file,file,cand_woutreg_cv_file,False,,,#cand_cv_filefield
google-ads-specialist-ap00025,Performance Marketing Manager - (AP00025),cand_cover_letter,textarea,Cover Letter,False,Cover Letter,,"[name=""cand_cover_letter""]"
google-ads-specialist-ap00025,Performance Marketing Manager - (AP00025),candidate_apply_cover,file,candidate_apply_cover,False,,,"[name=""candidate_apply_cover""]"
google-ads-specialist-ap00025,Performance Marketing Manager - (AP00025),job_id,hidden,job_id,False,,,"[name=""job_id""]"
google-ads-specialist-ap00025,Performance Marketing Manager - (AP00025),terms_cond_check,checkbox,terms_cond_check,False,,,"[name=""terms_cond_check""]"
full-stack-product-engineer-ai-assisted-hr79517,Full-Stack Product Engineer (AI-Assisted) - (HR79517),pt_user_fname,text,First Name,False,First Name,,"[name=""pt_user_fname""]"
full-stack-product-engineer-ai-assisted-hr79517,Full-Stack Product Engineer (AI-Assisted) - (HR79517),pt_user_lname,text,Last Name,False,Last Name,,"[name=""pt_user_lname""]"
full-stack-product-engineer-ai-assisted-hr79517,Full-Stack Product Engineer (AI-Assisted) - (HR79517),user_email,text,Email Address,False,Email Address,,"[name=""user_email""]"
full-stack-product-engineer-ai-assisted-hr79517,Full-Stack Product Engineer (AI-Assisted) - (HR79517),user_phone,tel,Phone Number,False,Phone Number,,#pt_user_phone_252879029
full-stack-product-engineer-ai-assisted-hr79517,Full-Stack Product Engineer (AI-Assisted) - (HR79517),user_job_title,text,Current Job Title,False,Current Job Title,,"[name=""user_job_title""]"
full-stack-product-engineer-ai-assisted-hr79517,Full-Stack Product Engineer (AI-Assisted) - (HR79517),user_salary,text,Current Salary,False,Current Salary,,"[name=""user_salary""]"
full-stack-product-engineer-ai-assisted-hr79517,Full-Stack Product Engineer (AI-Assisted) - (HR79517),academic-level,select,Academic Level,False,Academic Level,,"[name=""academic-level""]"
full-stack-product-engineer-ai-assisted-hr79517,Full-Stack Product Engineer (AI-Assisted) - (HR79517),Age,select,Age,False,Age,,"[name=""Age""]"
full-stack-product-engineer-ai-assisted-hr79517,Full-Stack Product Engineer (AI-Assisted) - (HR79517),salary,text,salary,False,,,#salary71013
full-stack-product-engineer-ai-assisted-hr79517,Full-Stack Product Engineer (AI-Assisted) - (HR79517),gender,select,Gender,False,Gender,,"[name=""gender""]"
full-stack-product-engineer-ai-assisted-hr79517,Full-Stack Product Engineer (AI-Assisted) - (HR79517),industry,select,Industry,False,Industry,,"[name=""industry""]"
full-stack-product-engineer-ai-assisted-hr79517,Full-Stack Product Engineer (AI-Assisted) - (HR79517),cand_woutreg_cv_file,file,cand_woutreg_cv_file,False,,,#cand_cv_filefield
full-stack-product-engineer-ai-assisted-hr79517,Full-Stack Product Engineer (AI-Assisted) - (HR79517),cand_cover_letter,textarea,Cover Letter,False,Cover Letter,,"[name=""cand_cover_letter""]"
full-stack-product-engineer-ai-assisted-hr79517,Full-Stack Product Engineer (AI-Assisted) - (HR79517),candidate_apply_cover,file,candidate_apply_cover,False,,,"[name=""candidate_apply_cover""]"
full-stack-product-engineer-ai-assisted-hr79517,Full-Stack Product Engineer (AI-Assisted) - (HR79517),job_id,hidden,job_id,False,,,"[name=""job_id""]"
full-stack-product-engineer-ai-assisted-hr79517,Full-Stack Product Engineer (AI-Assisted) - (HR79517),terms_cond_check,checkbox,terms_cond_check,False,,,"[name=""terms_cond_check""]"
paid-social-media-buyer-brazil-ap00020,Paid Social Media Buyer (Brazil) - (AP00020),pt_user_fname,text,First Name,False,First Name,,"[name=""pt_user_fname""]"
paid-social-media-buyer-brazil-ap00020,Paid Social Media Buyer (Brazil) - (AP00020),pt_user_lname,text,Last Name,False,Last Name,,"[name=""pt_user_lname""]"
paid-social-media-buyer-brazil-ap00020,Paid Social Media Buyer (Brazil) - (AP00020),user_email,text,Email Address,False,Email Address,,"[name=""user_email""]"
paid-social-media-buyer-brazil-ap00020,Paid Social Media Buyer (Brazil) - (AP00020),user_phone,tel,Phone Number,False,Phone Number,,#pt_user_phone_303613527
paid-social-media-buyer-brazil-ap00020,Paid Social Media Buyer (Brazil) - (AP00020),user_job_title,text,Current Job Title,False,Current Job Title,,"[name=""user_job_title""]"
paid-social-media-buyer-brazil-ap00020,Paid Social Media Buyer (Brazil) - (AP00020),user_salary,text,Current Salary,False,Current Salary,,"[name=""user_salary""]"
paid-social-media-buyer-brazil-ap00020,Paid Social Media Buyer (Brazil) - (AP00020),academic-level,select,Academic Level,False,Academic Level,,"[name=""academic-level""]"
paid-social-media-buyer-brazil-ap00020,Paid Social Media Buyer (Brazil) - (AP00020),Age,select,Age,False,Age,,"[name=""Age""]"
paid-social-media-buyer-brazil-ap00020,Paid Social Media Buyer (Brazil) - (AP00020),salary,text,salary,False,,,#salary3166
paid-social-media-buyer-brazil-ap00020,Paid Social Media Buyer (Brazil) - (AP00020),gender,select,Gender,False,Gender,,"[name=""gender""]"
paid-social-media-buyer-brazil-ap00020,Paid Social Media Buyer (Brazil) - (AP00020),industry,select,Industry,False,Industry,,"[name=""industry""]"
paid-social-media-buyer-brazil-ap00020,Paid Social Media Buyer (Brazil) - (AP00020),cand_woutreg_cv_file,file,cand_woutreg_cv_file,False,,,#cand_cv_filefield
paid-social-media-buyer-brazil-ap00020,Paid Social Media Buyer (Brazil) - (AP00020),cand_cover_letter,textarea,Cover Letter,False,Cover Letter,,"[name=""cand_cover_letter""]"
paid-social-media-buyer-brazil-ap00020,Paid Social Media Buyer (Brazil) - (AP00020),candidate_apply_cover,file,candidate_apply_cover,False,,,"[name=""candidate_apply_cover""]"
paid-social-media-buyer-brazil-ap00020,Paid Social Media Buyer (Brazil) - (AP00020),job_id,hidden,job_id,False,,,"[name=""job_id""]"
paid-social-media-buyer-brazil-ap00020,Paid Social Media Buyer (Brazil) - (AP00020),terms_cond_check,checkbox,terms_cond_check,False,,,"[name=""terms_cond_check""]"
customer-service-upsell-specialist-ap00018,Customer Service & Upsell Specialist - (AP00018),pt_user_fname,text,First Name,False,First Name,,"[name=""pt_user_fname""]"
customer-service-upsell-specialist-ap00018,Customer Service & Upsell Specialist - (AP00018),pt_user_lname,text,Last Name,False,Last Name,,"[name=""pt_user_lname""]"
customer-service-upsell-specialist-ap00018,Customer Service & Upsell Specialist - (AP00018),user_email,text,Email Address,False,Email Address,,"[name=""user_email""]"
customer-service-upsell-specialist-ap00018,Customer Service & Upsell Specialist - (AP00018),user_phone,tel,Phone Number,False,Phone Number,,#pt_user_phone_667137776
customer-service-upsell-specialist-ap00018,Customer Service & Upsell Specialist - (AP00018),user_job_title,text,Current Job Title,False,Current Job Title,,"[name=""user_job_title""]"
customer-service-upsell-specialist-ap00018,Customer Service & Upsell Specialist - (AP00018),user_salary,text,Current Salary,False,Current Salary,,"[name=""user_salary""]"
customer-service-upsell-specialist-ap00018,Customer Service & Upsell Specialist - (AP00018),academic-level,select,Academic Level,False,Academic Level,,"[name=""academic-level""]"
customer-service-upsell-specialist-ap00018,Customer Service & Upsell Specialist - (AP00018),Age,select,Age,False,Age,,"[name=""Age""]"
customer-service-upsell-specialist-ap00018,Customer Service & Upsell Specialist - (AP00018),salary,text,salary,False,,,#salary50927
customer-service-upsell-specialist-ap00018,Customer Service & Upsell Specialist - (AP00018),gender,select,Gender,False,Gender,,"[name=""gender""]"
customer-service-upsell-specialist-ap00018,Customer Service & Upsell Specialist - (AP00018),industry,select,Industry,False,Industry,,"[name=""industry""]"
customer-service-upsell-specialist-ap00018,Customer Service & Upsell Specialist - (AP00018),cand_woutreg_cv_file,file,cand_woutreg_cv_file,False,,,#cand_cv_filefield
customer-service-upsell-specialist-ap00018,Customer Service & Upsell Specialist - (AP00018),cand_cover_letter,textarea,Cover Letter,False,Cover Letter,,"[name=""cand_cover_letter""]"
customer-service-upsell-specialist-ap00018,Customer Service & Upsell Specialist - (AP00018),candidate_apply_cover,file,candidate_apply_cover,False,,,"[name=""candidate_apply_cover""]"
customer-service-upsell-specialist-ap00018,Customer Service & Upsell Specialist - (AP00018),job_id,hidden,job_id,False,,,"[name=""job_id""]"
customer-service-upsell-specialist-ap00018,Customer Service & Upsell Specialist - (AP00018),terms_cond_check,checkbox,terms_cond_check,False,,,"[name=""terms_cond_check""]"
cold-caller-outbound-sales-ap00019,Cold Caller (Outbound Sales) - (AP00019),pt_user_fname,text,First Name,False,First Name,,"[name=""pt_user_fname""]"
cold-caller-outbound-sales-ap00019,Cold Caller (Outbound Sales) - (AP00019),pt_user_lname,text,Last Name,False,Last Name,,"[name=""pt_user_lname""]"
cold-caller-outbound-sales-ap00019,Cold Caller (Outbound Sales) - (AP00019),user_email,text,Email Address,False,Email Address,,"[name=""user_email""]"
cold-caller-outbound-sales-ap00019,Cold Caller (Outbound Sales) - (AP00019),user_phone,tel,Phone Number,False,Phone Number,,#pt_user_phone_334546428
cold-caller-outbound-sales-ap00019,Cold Caller (Outbound Sales) - (AP00019),user_job_title,text,Current Job Title,False,Current Job Title,,"[name=""user_job_title""]"
cold-caller-outbound-sales-ap00019,Cold Caller (Outbound Sales) - (AP00019),user_salary,text,Current Salary,False,Current Salary,,"[name=""user_salary""]"
cold-caller-outbound-sales-ap00019,Cold Caller (Outbound Sales) - (AP00019),academic-level,select,Academic Level,False,Academic Level,,"[name=""academic-level""]"
cold-caller-outbound-sales-ap00019,Cold Caller (Outbound Sales) - (AP00019),Age,select,Age,False,Age,,"[name=""Age""]"
cold-caller-outbound-sales-ap00019,Cold Caller (Outbound Sales) - (AP00019),salary,text,salary,False,,,#salary78116
cold-caller-outbound-sales-ap00019,Cold Caller (Outbound Sales) - (AP00019),gender,select,Gender,False,Gender,,"[name=""gender""]"
cold-caller-outbound-sales-ap00019,Cold Caller (Outbound Sales) - (AP00019),industry,select,Industry,False,Industry,,"[name=""industry""]"
cold-caller-outbound-sales-ap00019,Cold Caller (Outbound Sales) - (AP00019),cand_woutreg_cv_file,file,cand_woutreg_cv_file,False,,,#cand_cv_filefield
cold-caller-outbound-sales-ap00019,Cold Caller (Outbound Sales) - (AP00019),cand_cover_letter,textarea,Cover Letter,False,Cover Letter,,"[name=""cand_cover_letter""]"
cold-caller-outbound-sales-ap00019,Cold Caller (Outbound Sales) - (AP00019),candidate_apply_cover,file,candidate_apply_cover,False,,,"[name=""candidate_apply_cover""]"
cold-caller-outbound-sales-ap00019,Cold Caller (Outbound Sales) - (AP00019),job_id,hidden,job_id,False,,,"[name=""job_id""]"
cold-caller-outbound-sales-ap00019,Cold Caller (Outbound Sales) - (AP00019),terms_cond_check,checkbox,terms_cond_check,False,,,"[name=""terms_cond_check""]"
sales-development-representative-sdr-ap00016,Sales Development Representative (SDR) - (AP00016),pt_user_fname,text,First Name,False,First Name,,"[name=""pt_user_fname""]"
sales-development-representative-sdr-ap00016,Sales Development Representative (SDR) - (AP00016),pt_user_lname,text,Last Name,False,Last Name,,"[name=""pt_user_lname""]"
sales-development-representative-sdr-ap00016,Sales Development Representative (SDR) - (AP00016),user_email,text,Email Address,False,Email Address,,"[name=""user_email""]"
sales-development-representative-sdr-ap00016,Sales Development Representative (SDR) - (AP00016),user_phone,tel,Phone Number,False,Phone Number,,#pt_user_phone_769555892
sales-development-representative-sdr-ap00016,Sales Development Representative (SDR) - (AP00016),user_job_title,text,Current Job Title,False,Current Job Title,,"[name=""user_job_title""]"
sales-development-representative-sdr-ap00016,Sales Development Representative (SDR) - (AP00016),user_salary,text,Current Salary,False,Current Salary,,"[name=""user_salary""]"
sales-development-representative-sdr-ap00016,Sales Development Representative (SDR) - (AP00016),academic-level,select,Academic Level,False,Academic Level,,"[name=""academic-level""]"
sales-development-representative-sdr-ap00016,Sales Development Representative (SDR) - (AP00016),Age,select,Age,False,Age,,"[name=""Age""]"
sales-development-representative-sdr-ap00016,Sales Development Representative (SDR) - (AP00016),salary,text,salary,False,,,#salary54574
sales-development-representative-sdr-ap00016,Sales Development Representative (SDR) - (AP00016),gender,select,Gender,False,Gender,,"[name=""gender""]"
sales-development-representative-sdr-ap00016,Sales Development Representative (SDR) - (AP00016),industry,select,Industry,False,Industry,,"[name=""industry""]"
sales-development-representative-sdr-ap00016,Sales Development Representative (SDR) - (AP00016),cand_woutreg_cv_file,file,cand_woutreg_cv_file,False,,,#cand_cv_filefield
sales-development-representative-sdr-ap00016,Sales Development Representative (SDR) - (AP00016),cand_cover_letter,textarea,Cover Letter,False,Cover Letter,,"[name=""cand_cover_letter""]"
sales-development-representative-sdr-ap00016,Sales Development Representative (SDR) - (AP00016),candidate_apply_cover,file,candidate_apply_cover,False,,,"[name=""candidate_apply_cover""]"
sales-development-representative-sdr-ap00016,Sales Development Representative (SDR) - (AP00016),job_id,hidden,job_id,False,,,"[name=""job_id""]"
sales-development-representative-sdr-ap00016,Sales Development Representative (SDR) - (AP00016),terms_cond_check,checkbox,terms_cond_check,False,,,"[name=""terms_cond_check""]"
business-development-representative-bdr-ap00017,Business Development Representative (BDR) - (AP00017),pt_user_fname,text,First Name,False,First Name,,"[name=""pt_user_fname""]"
business-development-representative-bdr-ap00017,Business Development Representative (BDR) - (AP00017),pt_user_lname,text,Last Name,False,Last Name,,"[name=""pt_user_lname""]"
business-development-representative-bdr-ap00017,Business Development Representative (BDR) - (AP00017),user_email,text,Email Address,False,Email Address,,"[name=""user_email""]"
business-development-representative-bdr-ap00017,Business Development Representative (BDR) - (AP00017),user_phone,tel,Phone Number,False,Phone Number,,#pt_user_phone_139095099
business-development-representative-bdr-ap00017,Business Development Representative (BDR) - (AP00017),user_job_title,text,Current Job Title,False,Current Job Title,,"[name=""user_job_title""]"
business-development-representative-bdr-ap00017,Business Development Representative (BDR) - (AP00017),user_salary,text,Current Salary,False,Current Salary,,"[name=""user_salary""]"
business-development-representative-bdr-ap00017,Business Development Representative (BDR) - (AP00017),academic-level,select,Academic Level,False,Academic Level,,"[name=""academic-level""]"
business-development-representative-bdr-ap00017,Business Development Representative (BDR) - (AP00017),Age,select,Age,False,Age,,"[name=""Age""]"
business-development-representative-bdr-ap00017,Business Development Representative (BDR) - (AP00017),salary,text,salary,False,,,#salary81331
business-development-representative-bdr-ap00017,Business Development Representative (BDR) - (AP00017),gender,select,Gender,False,Gender,,"[name=""gender""]"
business-development-representative-bdr-ap00017,Business Development Representative (BDR) - (AP00017),industry,select,Industry,False,Industry,,"[name=""industry""]"
business-development-representative-bdr-ap00017,Business Development Representative (BDR) - (AP00017),cand_woutreg_cv_file,file,cand_woutreg_cv_file,False,,,#cand_cv_filefield
business-development-representative-bdr-ap00017,Business Development Representative (BDR) - (AP00017),cand_cover_letter,textarea,Cover Letter,False,Cover Letter,,"[name=""cand_cover_letter""]"
business-development-representative-bdr-ap00017,Business Development Representative (BDR) - (AP00017),candidate_apply_cover,file,candidate_apply_cover,False,,,"[name=""candidate_apply_cover""]"
business-development-representative-bdr-ap00017,Business Development Representative (BDR) - (AP00017),job_id,hidden,job_id,False,,,"[name=""job_id""]"
business-development-representative-bdr-ap00017,Business Development Representative (BDR) - (AP00017),terms_cond_check,checkbox,terms_cond_check,False,,,"[name=""terms_cond_check""]"
appointment-setter-ap00015,Appointment Setter - (AP00015),pt_user_fname,text,First Name,False,First Name,,"[name=""pt_user_fname""]"
appointment-setter-ap00015,Appointment Setter - (AP00015),pt_user_lname,text,Last Name,False,Last Name,,"[name=""pt_user_lname""]"
appointment-setter-ap00015,Appointment Setter - (AP00015),user_email,text,Email Address,False,Email Address,,"[name=""user_email""]"
appointment-setter-ap00015,Appointment Setter - (AP00015),user_phone,tel,Phone Number,False,Phone Number,,#pt_user_phone_483856418
appointment-setter-ap00015,Appointment Setter - (AP00015),user_job_title,text,Current Job Title,False,Current Job Title,,"[name=""user_job_title""]"
appointment-setter-ap00015,Appointment Setter - (AP00015),user_salary,text,Current Salary,False,Current Salary,,"[name=""user_salary""]"
appointment-setter-ap00015,Appointment Setter - (AP00015),academic-level,select,Academic Level,False,Academic Level,,"[name=""academic-level""]"
appointment-setter-ap00015,Appointment Setter - (AP00015),Age,select,Age,False,Age,,"[name=""Age""]"
appointment-setter-ap00015,Appointment Setter - (AP00015),salary,text,salary,False,,,#salary45959
appointment-setter-ap00015,Appointment Setter - (AP00015),gender,select,Gender,False,Gender,,"[name=""gender""]"
appointment-setter-ap00015,Appointment Setter - (AP00015),industry,select,Industry,False,Industry,,"[name=""industry""]"
appointment-setter-ap00015,Appointment Setter - (AP00015),cand_woutreg_cv_file,file,cand_woutreg_cv_file,False,,,#cand_cv_filefield
appointment-setter-ap00015,Appointment Setter - (AP00015),cand_cover_letter,textarea,Cover Letter,False,Cover Letter,,"[name=""cand_cover_letter""]"
appointment-setter-ap00015,Appointment Setter - (AP00015),candidate_apply_cover,file,candidate_apply_cover,False,,,"[name=""candidate_apply_cover""]"
appointment-setter-ap00015,Appointment Setter - (AP00015),job_id,hidden,job_id,False,,,"[name=""job_id""]"
appointment-setter-ap00015,Appointment Setter - (AP00015),terms_cond_check,checkbox,terms_cond_check,False,,,"[name=""terms_cond_check""]"
marketing-professionals-ap00012,Marketing Professionals - (AP00012),pt_user_fname,text,First Name,False,First Name,,"[name=""pt_user_fname""]"
marketing-professionals-ap00012,Marketing Professionals - (AP00012),pt_user_lname,text,Last Name,False,Last Name,,"[name=""pt_user_lname""]"
marketing-professionals-ap00012,Marketing Professionals - (AP00012),user_email,text,Email Address,False,Email Address,,"[name=""user_email""]"
marketing-professionals-ap00012,Marketing Professionals - (AP00012),user_phone,tel,Phone Number,False,Phone Number,,#pt_user_phone_249193411
marketing-professionals-ap00012,Marketing Professionals - (AP00012),user_job_title,text,Current Job Title,False,Current Job Title,,"[name=""user_job_title""]"
marketing-professionals-ap00012,Marketing Professionals - (AP00012),user_salary,text,Current Salary,False,Current Salary,,"[name=""user_salary""]"
marketing-professionals-ap00012,Marketing Professionals - (AP00012),academic-level,select,Academic Level,False,Academic Level,,"[name=""academic-level""]"
marketing-professionals-ap00012,Marketing Professionals - (AP00012),Age,select,Age,False,Age,,"[name=""Age""]"
marketing-professionals-ap00012,Marketing Professionals - (AP00012),salary,text,salary,False,,,#salary91644
marketing-professionals-ap00012,Marketing Professionals - (AP00012),gender,select,Gender,False,Gender,,"[name=""gender""]"
marketing-professionals-ap00012,Marketing Professionals - (AP00012),industry,select,Industry,False,Industry,,"[name=""industry""]"
marketing-professionals-ap00012,Marketing Professionals - (AP00012),cand_woutreg_cv_file,file,cand_woutreg_cv_file,False,,,#cand_cv_filefield
marketing-professionals-ap00012,Marketing Professionals - (AP00012),cand_cover_letter,textarea,Cover Letter,False,Cover Letter,,"[name=""cand_cover_letter""]"
marketing-professionals-ap00012,Marketing Professionals - (AP00012),candidate_apply_cover,file,candidate_apply_cover,False,,,"[name=""candidate_apply_cover""]"
marketing-professionals-ap00012,Marketing Professionals - (AP00012),job_id,hidden,job_id,False,,,"[name=""job_id""]"
marketing-professionals-ap00012,Marketing Professionals - (AP00012),terms_cond_check,checkbox,terms_cond_check,False,,,"[name=""terms_cond_check""]"
paid-media-specialist-ads-manager-ai-native-agency-wg14196,Paid Media Specialist / Ads Manager (AI-Native Agency) - (WG14196),pt_user_fname,text,First Name,False,First Name,,"[name=""pt_user_fname""]"
paid-media-specialist-ads-manager-ai-native-agency-wg14196,Paid Media Specialist / Ads Manager (AI-Native Agency) - (WG14196),pt_user_lname,text,Last Name,False,Last Name,,"[name=""pt_user_lname""]"
paid-media-specialist-ads-manager-ai-native-agency-wg14196,Paid Media Specialist / Ads Manager (AI-Native Agency) - (WG14196),user_email,text,Email Address,False,Email Address,,"[name=""user_email""]"
paid-media-specialist-ads-manager-ai-native-agency-wg14196,Paid Media Specialist / Ads Manager (AI-Native Agency) - (WG14196),user_phone,tel,Phone Number,False,Phone Number,,#pt_user_phone_401071188
paid-media-specialist-ads-manager-ai-native-agency-wg14196,Paid Media Specialist / Ads Manager (AI-Native Agency) - (WG14196),user_job_title,text,Current Job Title,False,Current Job Title,,"[name=""user_job_title""]"
paid-media-specialist-ads-manager-ai-native-agency-wg14196,Paid Media Specialist / Ads Manager (AI-Native Agency) - (WG14196),user_salary,text,Current Salary,False,Current Salary,,"[name=""user_salary""]"
paid-media-specialist-ads-manager-ai-native-agency-wg14196,Paid Media Specialist / Ads Manager (AI-Native Agency) - (WG14196),academic-level,select,Academic Level,False,Academic Level,,"[name=""academic-level""]"
paid-media-specialist-ads-manager-ai-native-agency-wg14196,Paid Media Specialist / Ads Manager (AI-Native Agency) - (WG14196),Age,select,Age,False,Age,,"[name=""Age""]"
paid-media-specialist-ads-manager-ai-native-agency-wg14196,Paid Media Specialist / Ads Manager (AI-Native Agency) - (WG14196),salary,text,salary,False,,,#salary40647
paid-media-specialist-ads-manager-ai-native-agency-wg14196,Paid Media Specialist / Ads Manager (AI-Native Agency) - (WG14196),gender,select,Gender,False,Gender,,"[name=""gender""]"
paid-media-specialist-ads-manager-ai-native-agency-wg14196,Paid Media Specialist / Ads Manager (AI-Native Agency) - (WG14196),industry,select,Industry,False,Industry,,"[name=""industry""]"
paid-media-specialist-ads-manager-ai-native-agency-wg14196,Paid Media Specialist / Ads Manager (AI-Native Agency) - (WG14196),cand_woutreg_cv_file,file,cand_woutreg_cv_file,False,,,#cand_cv_filefield
paid-media-specialist-ads-manager-ai-native-agency-wg14196,Paid Media Specialist / Ads Manager (AI-Native Agency) - (WG14196),cand_cover_letter,textarea,Cover Letter,False,Cover Letter,,"[name=""cand_cover_letter""]"
paid-media-specialist-ads-manager-ai-native-agency-wg14196,Paid Media Specialist / Ads Manager (AI-Native Agency) - (WG14196),candidate_apply_cover,file,candidate_apply_cover,False,,,"[name=""candidate_apply_cover""]"
paid-media-specialist-ads-manager-ai-native-agency-wg14196,Paid Media Specialist / Ads Manager (AI-Native Agency) - (WG14196),job_id,hidden,job_id,False,,,"[name=""job_id""]"
paid-media-specialist-ads-manager-ai-native-agency-wg14196,Paid Media Specialist / Ads Manager (AI-Native Agency) - (WG14196),terms_cond_check,checkbox,terms_cond_check,False,,,"[name=""terms_cond_check""]"
ma-strategy-presentation-analyst-wg14195,M&A Strategy & Presentation Analyst - (WG14195),pt_user_fname,text,First Name,False,First Name,,"[name=""pt_user_fname""]"
ma-strategy-presentation-analyst-wg14195,M&A Strategy & Presentation Analyst - (WG14195),pt_user_lname,text,Last Name,False,Last Name,,"[name=""pt_user_lname""]"
ma-strategy-presentation-analyst-wg14195,M&A Strategy & Presentation Analyst - (WG14195),user_email,text,Email Address,False,Email Address,,"[name=""user_email""]"
ma-strategy-presentation-analyst-wg14195,M&A Strategy & Presentation Analyst - (WG14195),user_phone,tel,Phone Number,False,Phone Number,,#pt_user_phone_236936366
ma-strategy-presentation-analyst-wg14195,M&A Strategy & Presentation Analyst - (WG14195),user_job_title,text,Current Job Title,False,Current Job Title,,"[name=""user_job_title""]"
ma-strategy-presentation-analyst-wg14195,M&A Strategy & Presentation Analyst - (WG14195),user_salary,text,Current Salary,False,Current Salary,,"[name=""user_salary""]"
ma-strategy-presentation-analyst-wg14195,M&A Strategy & Presentation Analyst - (WG14195),academic-level,select,Academic Level,False,Academic Level,,"[name=""academic-level""]"
ma-strategy-presentation-analyst-wg14195,M&A Strategy & Presentation Analyst - (WG14195),Age,select,Age,False,Age,,"[name=""Age""]"
ma-strategy-presentation-analyst-wg14195,M&A Strategy & Presentation Analyst - (WG14195),salary,text,salary,False,,,#salary94137
ma-strategy-presentation-analyst-wg14195,M&A Strategy & Presentation Analyst - (WG14195),gender,select,Gender,False,Gender,,"[name=""gender""]"
ma-strategy-presentation-analyst-wg14195,M&A Strategy & Presentation Analyst - (WG14195),industry,select,Industry,False,Industry,,"[name=""industry""]"
ma-strategy-presentation-analyst-wg14195,M&A Strategy & Presentation Analyst - (WG14195),cand_woutreg_cv_file,file,cand_woutreg_cv_file,False,,,#cand_cv_filefield
ma-strategy-presentation-analyst-wg14195,M&A Strategy & Presentation Analyst - (WG14195),cand_cover_letter,textarea,Cover Letter,False,Cover Letter,,"[name=""cand_cover_letter""]"
ma-strategy-presentation-analyst-wg14195,M&A Strategy & Presentation Analyst - (WG14195),candidate_apply_cover,file,candidate_apply_cover,False,,,"[name=""candidate_apply_cover""]"
ma-strategy-presentation-analyst-wg14195,M&A Strategy & Presentation Analyst - (WG14195),job_id,hidden,job_id,False,,,"[name=""job_id""]"
ma-strategy-presentation-analyst-wg14195,M&A Strategy & Presentation Analyst - (WG14195),terms_cond_check,checkbox,terms_cond_check,False,,,"[name=""terms_cond_check""]"
remote-paralegal-litigation-discovery-hr74894,Remote Paralegal — Litigation & Discovery - (HR74894),pt_user_fname,text,First Name,False,First Name,,"[name=""pt_user_fname""]"
remote-paralegal-litigation-discovery-hr74894,Remote Paralegal — Litigation & Discovery - (HR74894),pt_user_lname,text,Last Name,False,Last Name,,"[name=""pt_user_lname""]"
remote-paralegal-litigation-discovery-hr74894,Remote Paralegal — Litigation & Discovery - (HR74894),user_email,text,Email Address,False,Email Address,,"[name=""user_email""]"
remote-paralegal-litigation-discovery-hr74894,Remote Paralegal — Litigation & Discovery - (HR74894),user_phone,tel,Phone Number,False,Phone Number,,#pt_user_phone_775725693
remote-paralegal-litigation-discovery-hr74894,Remote Paralegal — Litigation & Discovery - (HR74894),user_job_title,text,Current Job Title,False,Current Job Title,,"[name=""user_job_title""]"
remote-paralegal-litigation-discovery-hr74894,Remote Paralegal — Litigation & Discovery - (HR74894),user_salary,text,Current Salary,False,Current Salary,,"[name=""user_salary""]"
remote-paralegal-litigation-discovery-hr74894,Remote Paralegal — Litigation & Discovery - (HR74894),academic-level,select,Academic Level,False,Academic Level,,"[name=""academic-level""]"
remote-paralegal-litigation-discovery-hr74894,Remote Paralegal — Litigation & Discovery - (HR74894),Age,select,Age,False,Age,,"[name=""Age""]"
remote-paralegal-litigation-discovery-hr74894,Remote Paralegal — Litigation & Discovery - (HR74894),salary,text,salary,False,,,#salary116470
remote-paralegal-litigation-discovery-hr74894,Remote Paralegal — Litigation & Discovery - (HR74894),gender,select,Gender,False,Gender,,"[name=""gender""]"
remote-paralegal-litigation-discovery-hr74894,Remote Paralegal — Litigation & Discovery - (HR74894),industry,select,Industry,False,Industry,,"[name=""industry""]"
remote-paralegal-litigation-discovery-hr74894,Remote Paralegal — Litigation & Discovery - (HR74894),cand_woutreg_cv_file,file,cand_woutreg_cv_file,False,,,#cand_cv_filefield
remote-paralegal-litigation-discovery-hr74894,Remote Paralegal — Litigation & Discovery - (HR74894),cand_cover_letter,textarea,Cover Letter,False,Cover Letter,,"[name=""cand_cover_letter""]"
remote-paralegal-litigation-discovery-hr74894,Remote Paralegal — Litigation & Discovery - (HR74894),candidate_apply_cover,file,candidate_apply_cover,False,,,"[name=""candidate_apply_cover""]"
remote-paralegal-litigation-discovery-hr74894,Remote Paralegal — Litigation & Discovery - (HR74894),job_id,hidden,job_id,False,,,"[name=""job_id""]"
remote-paralegal-litigation-discovery-hr74894,Remote Paralegal — Litigation & Discovery - (HR74894),terms_cond_check,checkbox,terms_cond_check,False,,,"[name=""terms_cond_check""]"
client-services-coordinator-hr81165,Client Services Coordinator - (HR81165),pt_user_fname,text,First Name,False,First Name,,"[name=""pt_user_fname""]"
client-services-coordinator-hr81165,Client Services Coordinator - (HR81165),pt_user_lname,text,Last Name,False,Last Name,,"[name=""pt_user_lname""]"
client-services-coordinator-hr81165,Client Services Coordinator - (HR81165),user_email,text,Email Address,False,Email Address,,"[name=""user_email""]"
client-services-coordinator-hr81165,Client Services Coordinator - (HR81165),user_phone,tel,Phone Number,False,Phone Number,,#pt_user_phone_866073924
client-services-coordinator-hr81165,Client Services Coordinator - (HR81165),user_job_title,text,Current Job Title,False,Current Job Title,,"[name=""user_job_title""]"
client-services-coordinator-hr81165,Client Services Coordinator - (HR81165),user_salary,text,Current Salary,False,Current Salary,,"[name=""user_salary""]"
client-services-coordinator-hr81165,Client Services Coordinator - (HR81165),academic-level,select,Academic Level,False,Academic Level,,"[name=""academic-level""]"
client-services-coordinator-hr81165,Client Services Coordinator - (HR81165),Age,select,Age,False,Age,,"[name=""Age""]"
client-services-coordinator-hr81165,Client Services Coordinator - (HR81165),salary,text,salary,False,,,#salary33464
client-services-coordinator-hr81165,Client Services Coordinator - (HR81165),gender,select,Gender,False,Gender,,"[name=""gender""]"
client-services-coordinator-hr81165,Client Services Coordinator - (HR81165),industry,select,Industry,False,Industry,,"[name=""industry""]"
client-services-coordinator-hr81165,Client Services Coordinator - (HR81165),cand_woutreg_cv_file,file,cand_woutreg_cv_file,False,,,#cand_cv_filefield
client-services-coordinator-hr81165,Client Services Coordinator - (HR81165),cand_cover_letter,textarea,Cover Letter,False,Cover Letter,,"[name=""cand_cover_letter""]"
client-services-coordinator-hr81165,Client Services Coordinator - (HR81165),candidate_apply_cover,file,candidate_apply_cover,False,,,"[name=""candidate_apply_cover""]"
client-services-coordinator-hr81165,Client Services Coordinator - (HR81165),job_id,hidden,job_id,False,,,"[name=""job_id""]"
client-services-coordinator-hr81165,Client Services Coordinator - (HR81165),terms_cond_check,checkbox,terms_cond_check,False,,,"[name=""terms_cond_check""]"
corporate-paralegal-hr41570,Corporate Paralegal - (HR41570),pt_user_fname,text,First Name,False,First Name,,"[name=""pt_user_fname""]"
corporate-paralegal-hr41570,Corporate Paralegal - (HR41570),pt_user_lname,text,Last Name,False,Last Name,,"[name=""pt_user_lname""]"
corporate-paralegal-hr41570,Corporate Paralegal - (HR41570),user_email,text,Email Address,False,Email Address,,"[name=""user_email""]"
corporate-paralegal-hr41570,Corporate Paralegal - (HR41570),user_phone,tel,Phone Number,False,Phone Number,,#pt_user_phone_502055596
corporate-paralegal-hr41570,Corporate Paralegal - (HR41570),user_job_title,text,Current Job Title,False,Current Job Title,,"[name=""user_job_title""]"
corporate-paralegal-hr41570,Corporate Paralegal - (HR41570),user_salary,text,Current Salary,False,Current Salary,,"[name=""user_salary""]"
corporate-paralegal-hr41570,Corporate Paralegal - (HR41570),academic-level,select,Academic Level,False,Academic Level,,"[name=""academic-level""]"
corporate-paralegal-hr41570,Corporate Paralegal - (HR41570),Age,select,Age,False,Age,,"[name=""Age""]"
corporate-paralegal-hr41570,Corporate Paralegal - (HR41570),salary,text,salary,False,,,#salary31543
corporate-paralegal-hr41570,Corporate Paralegal - (HR41570),gender,select,Gender,False,Gender,,"[name=""gender""]"
corporate-paralegal-hr41570,Corporate Paralegal - (HR41570),industry,select,Industry,False,Industry,,"[name=""industry""]"
corporate-paralegal-hr41570,Corporate Paralegal - (HR41570),cand_woutreg_cv_file,file,cand_woutreg_cv_file,False,,,#cand_cv_filefield
corporate-paralegal-hr41570,Corporate Paralegal - (HR41570),cand_cover_letter,textarea,Cover Letter,False,Cover Letter,,"[name=""cand_cover_letter""]"
corporate-paralegal-hr41570,Corporate Paralegal - (HR41570),candidate_apply_cover,file,candidate_apply_cover,False,,,"[name=""candidate_apply_cover""]"
corporate-paralegal-hr41570,Corporate Paralegal - (HR41570),job_id,hidden,job_id,False,,,"[name=""job_id""]"
corporate-paralegal-hr41570,Corporate Paralegal - (HR41570),terms_cond_check,checkbox,terms_cond_check,False,,,"[name=""terms_cond_check""]"
executive-assistant-hr73246,Executive Assistant - (HR73246),pt_user_fname,text,First Name,False,First Name,,"[name=""pt_user_fname""]"
executive-assistant-hr73246,Executive Assistant - (HR73246),pt_user_lname,text,Last Name,False,Last Name,,"[name=""pt_user_lname""]"
executive-assistant-hr73246,Executive Assistant - (HR73246),user_email,text,Email Address,False,Email Address,,"[name=""user_email""]"
executive-assistant-hr73246,Executive Assistant - (HR73246),user_phone,tel,Phone Number,False,Phone Number,,#pt_user_phone_422178076
executive-assistant-hr73246,Executive Assistant - (HR73246),user_job_title,text,Current Job Title,False,Current Job Title,,"[name=""user_job_title""]"
executive-assistant-hr73246,Executive Assistant - (HR73246),user_salary,text,Current Salary,False,Current Salary,,"[name=""user_salary""]"
executive-assistant-hr73246,Executive Assistant - (HR73246),academic-level,select,Academic Level,False,Academic Level,,"[name=""academic-level""]"
executive-assistant-hr73246,Executive Assistant - (HR73246),Age,select,Age,False,Age,,"[name=""Age""]"
executive-assistant-hr73246,Executive Assistant - (HR73246),salary,text,salary,False,,,#salary40632
executive-assistant-hr73246,Executive Assistant - (HR73246),gender,select,Gender,False,Gender,,"[name=""gender""]"
executive-assistant-hr73246,Executive Assistant - (HR73246),industry,select,Industry,False,Industry,,"[name=""industry""]"
executive-assistant-hr73246,Executive Assistant - (HR73246),cand_woutreg_cv_file,file,cand_woutreg_cv_file,False,,,#cand_cv_filefield
executive-assistant-hr73246,Executive Assistant - (HR73246),cand_cover_letter,textarea,Cover Letter,False,Cover Letter,,"[name=""cand_cover_letter""]"
executive-assistant-hr73246,Executive Assistant - (HR73246),candidate_apply_cover,file,candidate_apply_cover,False,,,"[name=""candidate_apply_cover""]"
executive-assistant-hr73246,Executive Assistant - (HR73246),job_id,hidden,job_id,False,,,"[name=""job_id""]"
executive-assistant-hr73246,Executive Assistant - (HR73246),terms_cond_check,checkbox,terms_cond_check,False,,,"[name=""terms_cond_check""]"
recruiter-hr60704,Recruiter - (HR60704),pt_user_fname,text,First Name,False,First Name,,"[name=""pt_user_fname""]"
recruiter-hr60704,Recruiter - (HR60704),pt_user_lname,text,Last Name,False,Last Name,,"[name=""pt_user_lname""]"
recruiter-hr60704,Recruiter - (HR60704),user_email,text,Email Address,False,Email Address,,"[name=""user_email""]"
recruiter-hr60704,Recruiter - (HR60704),user_phone,tel,Phone Number,False,Phone Number,,#pt_user_phone_576834026
recruiter-hr60704,Recruiter - (HR60704),user_job_title,text,Current Job Title,False,Current Job Title,,"[name=""user_job_title""]"
recruiter-hr60704,Recruiter - (HR60704),user_salary,text,Current Salary,False,Current Salary,,"[name=""user_salary""]"
recruiter-hr60704,Recruiter - (HR60704),academic-level,select,Academic Level,False,Academic Level,,"[name=""academic-level""]"
recruiter-hr60704,Recruiter - (HR60704),Age,select,Age,False,Age,,"[name=""Age""]"
recruiter-hr60704,Recruiter - (HR60704),salary,text,salary,False,,,#salary56058
recruiter-hr60704,Recruiter - (HR60704),gender,select,Gender,False,Gender,,"[name=""gender""]"
recruiter-hr60704,Recruiter - (HR60704),industry,select,Industry,False,Industry,,"[name=""industry""]"
recruiter-hr60704,Recruiter - (HR60704),cand_woutreg_cv_file,file,cand_woutreg_cv_file,False,,,#cand_cv_filefield
recruiter-hr60704,Recruiter - (HR60704),cand_cover_letter,textarea,Cover Letter,False,Cover Letter,,"[name=""cand_cover_letter""]"
recruiter-hr60704,Recruiter - (HR60704),candidate_apply_cover,file,candidate_apply_cover,False,,,"[name=""candidate_apply_cover""]"
recruiter-hr60704,Recruiter - (HR60704),job_id,hidden,job_id,False,,,"[name=""job_id""]"
recruiter-hr60704,Recruiter - (HR60704),terms_cond_check,checkbox,terms_cond_check,False,,,"[name=""terms_cond_check""]"
social-media-manager-ap00014,Social Media Manager - (AP00014),pt_user_fname,text,First Name,False,First Name,,"[name=""pt_user_fname""]"
social-media-manager-ap00014,Social Media Manager - (AP00014),pt_user_lname,text,Last Name,False,Last Name,,"[name=""pt_user_lname""]"
social-media-manager-ap00014,Social Media Manager - (AP00014),user_email,text,Email Address,False,Email Address,,"[name=""user_email""]"
social-media-manager-ap00014,Social Media Manager - (AP00014),user_phone,tel,Phone Number,False,Phone Number,,#pt_user_phone_255343997
social-media-manager-ap00014,Social Media Manager - (AP00014),user_job_title,text,Current Job Title,False,Current Job Title,,"[name=""user_job_title""]"
social-media-manager-ap00014,Social Media Manager - (AP00014),user_salary,text,Current Salary,False,Current Salary,,"[name=""user_salary""]"
social-media-manager-ap00014,Social Media Manager - (AP00014),academic-level,select,Academic Level,False,Academic Level,,"[name=""academic-level""]"
social-media-manager-ap00014,Social Media Manager - (AP00014),Age,select,Age,False,Age,,"[name=""Age""]"
social-media-manager-ap00014,Social Media Manager - (AP00014),salary,text,salary,False,,,#salary47264
social-media-manager-ap00014,Social Media Manager - (AP00014),gender,select,Gender,False,Gender,,"[name=""gender""]"
social-media-manager-ap00014,Social Media Manager - (AP00014),industry,select,Industry,False,Industry,,"[name=""industry""]"
social-media-manager-ap00014,Social Media Manager - (AP00014),cand_woutreg_cv_file,file,cand_woutreg_cv_file,False,,,#cand_cv_filefield
social-media-manager-ap00014,Social Media Manager - (AP00014),cand_cover_letter,textarea,Cover Letter,False,Cover Letter,,"[name=""cand_cover_letter""]"
social-media-manager-ap00014,Social Media Manager - (AP00014),candidate_apply_cover,file,candidate_apply_cover,False,,,"[name=""candidate_apply_cover""]"
social-media-manager-ap00014,Social Media Manager - (AP00014),job_id,hidden,job_id,False,,,"[name=""job_id""]"
social-media-manager-ap00014,Social Media Manager - (AP00014),terms_cond_check,checkbox,terms_cond_check,False,,,"[name=""terms_cond_check""]"
sales-professionals-ap00011,Sales Professionals - (AP00011),pt_user_fname,text,First Name,False,First Name,,"[name=""pt_user_fname""]"
sales-professionals-ap00011,Sales Professionals - (AP00011),pt_user_lname,text,Last Name,False,Last Name,,"[name=""pt_user_lname""]"
sales-professionals-ap00011,Sales Professionals - (AP00011),user_email,text,Email Address,False,Email Address,,"[name=""user_email""]"
sales-professionals-ap00011,Sales Professionals - (AP00011),user_phone,tel,Phone Number,False,Phone Number,,#pt_user_phone_571755318
sales-professionals-ap00011,Sales Professionals - (AP00011),user_job_title,text,Current Job Title,False,Current Job Title,,"[name=""user_job_title""]"
sales-professionals-ap00011,Sales Professionals - (AP00011),user_salary,text,Current Salary,False,Current Salary,,"[name=""user_salary""]"
sales-professionals-ap00011,Sales Professionals - (AP00011),academic-level,select,Academic Level,False,Academic Level,,"[name=""academic-level""]"
sales-professionals-ap00011,Sales Professionals - (AP00011),Age,select,Age,False,Age,,"[name=""Age""]"
sales-professionals-ap00011,Sales Professionals - (AP00011),salary,text,salary,False,,,#salary34716
sales-professionals-ap00011,Sales Professionals - (AP00011),gender,select,Gender,False,Gender,,"[name=""gender""]"
sales-professionals-ap00011,Sales Professionals - (AP00011),industry,select,Industry,False,Industry,,"[name=""industry""]"
sales-professionals-ap00011,Sales Professionals - (AP00011),cand_woutreg_cv_file,file,cand_woutreg_cv_file,False,,,#cand_cv_filefield
sales-professionals-ap00011,Sales Professionals - (AP00011),cand_cover_letter,textarea,Cover Letter,False,Cover Letter,,"[name=""cand_cover_letter""]"
sales-professionals-ap00011,Sales Professionals - (AP00011),candidate_apply_cover,file,candidate_apply_cover,False,,,"[name=""candidate_apply_cover""]"
sales-professionals-ap00011,Sales Professionals - (AP00011),job_id,hidden,job_id,False,,,"[name=""job_id""]"
sales-professionals-ap00011,Sales Professionals - (AP00011),terms_cond_check,checkbox,terms_cond_check,False,,,"[name=""terms_cond_check""]"
hr-recruitment-specialist-ap00008,HR & Recruitment Specialist - (AP00008),pt_user_fname,text,First Name,False,First Name,,"[name=""pt_user_fname""]"
hr-recruitment-specialist-ap00008,HR & Recruitment Specialist - (AP00008),pt_user_lname,text,Last Name,False,Last Name,,"[name=""pt_user_lname""]"
hr-recruitment-specialist-ap00008,HR & Recruitment Specialist - (AP00008),user_email,text,Email Address,False,Email Address,,"[name=""user_email""]"
hr-recruitment-specialist-ap00008,HR & Recruitment Specialist - (AP00008),user_phone,tel,Phone Number,False,Phone Number,,#pt_user_phone_279095793
hr-recruitment-specialist-ap00008,HR & Recruitment Specialist - (AP00008),user_job_title,text,Current Job Title,False,Current Job Title,,"[name=""user_job_title""]"
hr-recruitment-specialist-ap00008,HR & Recruitment Specialist - (AP00008),user_salary,text,Current Salary,False,Current Salary,,"[name=""user_salary""]"
hr-recruitment-specialist-ap00008,HR & Recruitment Specialist - (AP00008),academic-level,select,Academic Level,False,Academic Level,,"[name=""academic-level""]"
hr-recruitment-specialist-ap00008,HR & Recruitment Specialist - (AP00008),Age,select,Age,False,Age,,"[name=""Age""]"
hr-recruitment-specialist-ap00008,HR & Recruitment Specialist - (AP00008),salary,text,salary,False,,,#salary19330
hr-recruitment-specialist-ap00008,HR & Recruitment Specialist - (AP00008),gender,select,Gender,False,Gender,,"[name=""gender""]"
hr-recruitment-specialist-ap00008,HR & Recruitment Specialist - (AP00008),industry,select,Industry,False,Industry,,"[name=""industry""]"
hr-recruitment-specialist-ap00008,HR & Recruitment Specialist - (AP00008),cand_woutreg_cv_file,file,cand_woutreg_cv_file,False,,,#cand_cv_filefield
hr-recruitment-specialist-ap00008,HR & Recruitment Specialist - (AP00008),cand_cover_letter,textarea,Cover Letter,False,Cover Letter,,"[name=""cand_cover_letter""]"
hr-recruitment-specialist-ap00008,HR & Recruitment Specialist - (AP00008),candidate_apply_cover,file,candidate_apply_cover,False,,,"[name=""candidate_apply_cover""]"
hr-recruitment-specialist-ap00008,HR & Recruitment Specialist - (AP00008),job_id,hidden,job_id,False,,,"[name=""job_id""]"
hr-recruitment-specialist-ap00008,HR & Recruitment Specialist - (AP00008),terms_cond_check,checkbox,terms_cond_check,False,,,"[name=""terms_cond_check""]"
legal-compliance-specialist-ap000009,Legal & Compliance Specialist - (AP00009),pt_user_fname,text,First Name,False,First Name,,"[name=""pt_user_fname""]"
legal-compliance-specialist-ap000009,Legal & Compliance Specialist - (AP00009),pt_user_lname,text,Last Name,False,Last Name,,"[name=""pt_user_lname""]"
legal-compliance-specialist-ap000009,Legal & Compliance Specialist - (AP00009),user_email,text,Email Address,False,Email Address,,"[name=""user_email""]"
legal-compliance-specialist-ap000009,Legal & Compliance Specialist - (AP00009),user_phone,tel,Phone Number,False,Phone Number,,#pt_user_phone_689317207
legal-compliance-specialist-ap000009,Legal & Compliance Specialist - (AP00009),user_job_title,text,Current Job Title,False,Current Job Title,,"[name=""user_job_title""]"
legal-compliance-specialist-ap000009,Legal & Compliance Specialist - (AP00009),user_salary,text,Current Salary,False,Current Salary,,"[name=""user_salary""]"
legal-compliance-specialist-ap000009,Legal & Compliance Specialist - (AP00009),academic-level,select,Academic Level,False,Academic Level,,"[name=""academic-level""]"
legal-compliance-specialist-ap000009,Legal & Compliance Specialist - (AP00009),Age,select,Age,False,Age,,"[name=""Age""]"
legal-compliance-specialist-ap000009,Legal & Compliance Specialist - (AP00009),salary,text,salary,False,,,#salary6218
legal-compliance-specialist-ap000009,Legal & Compliance Specialist - (AP00009),gender,select,Gender,False,Gender,,"[name=""gender""]"
legal-compliance-specialist-ap000009,Legal & Compliance Specialist - (AP00009),industry,select,Industry,False,Industry,,"[name=""industry""]"
legal-compliance-specialist-ap000009,Legal & Compliance Specialist - (AP00009),cand_woutreg_cv_file,file,cand_woutreg_cv_file,False,,,#cand_cv_filefield
legal-compliance-specialist-ap000009,Legal & Compliance Specialist - (AP00009),cand_cover_letter,textarea,Cover Letter,False,Cover Letter,,"[name=""cand_cover_letter""]"
legal-compliance-specialist-ap000009,Legal & Compliance Specialist - (AP00009),candidate_apply_cover,file,candidate_apply_cover,False,,,"[name=""candidate_apply_cover""]"
legal-compliance-specialist-ap000009,Legal & Compliance Specialist - (AP00009),job_id,hidden,job_id,False,,,"[name=""job_id""]"
legal-compliance-specialist-ap000009,Legal & Compliance Specialist - (AP00009),terms_cond_check,checkbox,terms_cond_check,False,,,"[name=""terms_cond_check""]"
healthcare-support-specialist-ap00010,Healthcare Support Specialist - (AP00010),pt_user_fname,text,First Name,False,First Name,,"[name=""pt_user_fname""]"
healthcare-support-specialist-ap00010,Healthcare Support Specialist - (AP00010),pt_user_lname,text,Last Name,False,Last Name,,"[name=""pt_user_lname""]"
healthcare-support-specialist-ap00010,Healthcare Support Specialist - (AP00010),user_email,text,Email Address,False,Email Address,,"[name=""user_email""]"
healthcare-support-specialist-ap00010,Healthcare Support Specialist - (AP00010),user_phone,tel,Phone Number,False,Phone Number,,#pt_user_phone_874163892
healthcare-support-specialist-ap00010,Healthcare Support Specialist - (AP00010),user_job_title,text,Current Job Title,False,Current Job Title,,"[name=""user_job_title""]"
healthcare-support-specialist-ap00010,Healthcare Support Specialist - (AP00010),user_salary,text,Current Salary,False,Current Salary,,"[name=""user_salary""]"
healthcare-support-specialist-ap00010,Healthcare Support Specialist - (AP00010),academic-level,select,Academic Level,False,Academic Level,,"[name=""academic-level""]"
healthcare-support-specialist-ap00010,Healthcare Support Specialist - (AP00010),Age,select,Age,False,Age,,"[name=""Age""]"
healthcare-support-specialist-ap00010,Healthcare Support Specialist - (AP00010),salary,text,salary,False,,,#salary12280
healthcare-support-specialist-ap00010,Healthcare Support Specialist - (AP00010),gender,select,Gender,False,Gender,,"[name=""gender""]"
healthcare-support-specialist-ap00010,Healthcare Support Specialist - (AP00010),industry,select,Industry,False,Industry,,"[name=""industry""]"
healthcare-support-specialist-ap00010,Healthcare Support Specialist - (AP00010),cand_woutreg_cv_file,file,cand_woutreg_cv_file,False,,,#cand_cv_filefield
healthcare-support-specialist-ap00010,Healthcare Support Specialist - (AP00010),cand_cover_letter,textarea,Cover Letter,False,Cover Letter,,"[name=""cand_cover_letter""]"
healthcare-support-specialist-ap00010,Healthcare Support Specialist - (AP00010),candidate_apply_cover,file,candidate_apply_cover,False,,,"[name=""candidate_apply_cover""]"
healthcare-support-specialist-ap00010,Healthcare Support Specialist - (AP00010),job_id,hidden,job_id,False,,,"[name=""job_id""]"
healthcare-support-specialist-ap00010,Healthcare Support Specialist - (AP00010),terms_cond_check,checkbox,terms_cond_check,False,,,"[name=""terms_cond_check""]"
operations-coordinator-hr98651,Operations Coordinator - (HR98651),pt_user_fname,text,First Name,False,First Name,,"[name=""pt_user_fname""]"
operations-coordinator-hr98651,Operations Coordinator - (HR98651),pt_user_lname,text,Last Name,False,Last Name,,"[name=""pt_user_lname""]"
operations-coordinator-hr98651,Operations Coordinator - (HR98651),user_email,text,Email Address,False,Email Address,,"[name=""user_email""]"
operations-coordinator-hr98651,Operations Coordinator - (HR98651),user_phone,tel,Phone Number,False,Phone Number,,#pt_user_phone_709443267
operations-coordinator-hr98651,Operations Coordinator - (HR98651),user_job_title,text,Current Job Title,False,Current Job Title,,"[name=""user_job_title""]"
operations-coordinator-hr98651,Operations Coordinator - (HR98651),user_salary,text,Current Salary,False,Current Salary,,"[name=""user_salary""]"
operations-coordinator-hr98651,Operations Coordinator - (HR98651),academic-level,select,Academic Level,False,Academic Level,,"[name=""academic-level""]"
operations-coordinator-hr98651,Operations Coordinator - (HR98651),Age,select,Age,False,Age,,"[name=""Age""]"
operations-coordinator-hr98651,Operations Coordinator - (HR98651),salary,text,salary,False,,,#salary78544
operations-coordinator-hr98651,Operations Coordinator - (HR98651),gender,select,Gender,False,Gender,,"[name=""gender""]"
operations-coordinator-hr98651,Operations Coordinator - (HR98651),industry,select,Industry,False,Industry,,"[name=""industry""]"
operations-coordinator-hr98651,Operations Coordinator - (HR98651),cand_woutreg_cv_file,file,cand_woutreg_cv_file,False,,,#cand_cv_filefield
operations-coordinator-hr98651,Operations Coordinator - (HR98651),cand_cover_letter,textarea,Cover Letter,False,Cover Letter,,"[name=""cand_cover_letter""]"
operations-coordinator-hr98651,Operations Coordinator - (HR98651),candidate_apply_cover,file,candidate_apply_cover,False,,,"[name=""candidate_apply_cover""]"
operations-coordinator-hr98651,Operations Coordinator - (HR98651),job_id,hidden,job_id,False,,,"[name=""job_id""]"
operations-coordinator-hr98651,Operations Coordinator - (HR98651),terms_cond_check,checkbox,terms_cond_check,False,,,"[name=""terms_cond_check""]"
senior-youtube-video-editor-long-form-educational-hr94028,Senior YouTube Video Editor (Long-Form & Educational) - (HR94028),pt_user_fname,text,First Name,False,First Name,,"[name=""pt_user_fname""]"
senior-youtube-video-editor-long-form-educational-hr94028,Senior YouTube Video Editor (Long-Form & Educational) - (HR94028),pt_user_lname,text,Last Name,False,Last Name,,"[name=""pt_user_lname""]"
senior-youtube-video-editor-long-form-educational-hr94028,Senior YouTube Video Editor (Long-Form & Educational) - (HR94028),user_email,text,Email Address,False,Email Address,,"[name=""user_email""]"
senior-youtube-video-editor-long-form-educational-hr94028,Senior YouTube Video Editor (Long-Form & Educational) - (HR94028),user_phone,tel,Phone Number,False,Phone Number,,#pt_user_phone_127505440
senior-youtube-video-editor-long-form-educational-hr94028,Senior YouTube Video Editor (Long-Form & Educational) - (HR94028),user_job_title,text,Current Job Title,False,Current Job Title,,"[name=""user_job_title""]"
senior-youtube-video-editor-long-form-educational-hr94028,Senior YouTube Video Editor (Long-Form & Educational) - (HR94028),user_salary,text,Current Salary,False,Current Salary,,"[name=""user_salary""]"
senior-youtube-video-editor-long-form-educational-hr94028,Senior YouTube Video Editor (Long-Form & Educational) - (HR94028),academic-level,select,Academic Level,False,Academic Level,,"[name=""academic-level""]"
senior-youtube-video-editor-long-form-educational-hr94028,Senior YouTube Video Editor (Long-Form & Educational) - (HR94028),Age,select,Age,False,Age,,"[name=""Age""]"
senior-youtube-video-editor-long-form-educational-hr94028,Senior YouTube Video Editor (Long-Form & Educational) - (HR94028),salary,text,salary,False,,,#salary87116
senior-youtube-video-editor-long-form-educational-hr94028,Senior YouTube Video Editor (Long-Form & Educational) - (HR94028),gender,select,Gender,False,Gender,,"[name=""gender""]"
senior-youtube-video-editor-long-form-educational-hr94028,Senior YouTube Video Editor (Long-Form & Educational) - (HR94028),industry,select,Industry,False,Industry,,"[name=""industry""]"
senior-youtube-video-editor-long-form-educational-hr94028,Senior YouTube Video Editor (Long-Form & Educational) - (HR94028),cand_woutreg_cv_file,file,cand_woutreg_cv_file,False,,,#cand_cv_filefield
senior-youtube-video-editor-long-form-educational-hr94028,Senior YouTube Video Editor (Long-Form & Educational) - (HR94028),cand_cover_letter,textarea,Cover Letter,False,Cover Letter,,"[name=""cand_cover_letter""]"
senior-youtube-video-editor-long-form-educational-hr94028,Senior YouTube Video Editor (Long-Form & Educational) - (HR94028),candidate_apply_cover,file,candidate_apply_cover,False,,,"[name=""candidate_apply_cover""]"
senior-youtube-video-editor-long-form-educational-hr94028,Senior YouTube Video Editor (Long-Form & Educational) - (HR94028),job_id,hidden,job_id,False,,,"[name=""job_id""]"
senior-youtube-video-editor-long-form-educational-hr94028,Senior YouTube Video Editor (Long-Form & Educational) - (HR94028),terms_cond_check,checkbox,terms_cond_check,False,,,"[name=""terms_cond_check""]"
client-service-associate-hr82813,Client Service Associate - (HR82813),pt_user_fname,text,First Name,False,First Name,,"[name=""pt_user_fname""]"
client-service-associate-hr82813,Client Service Associate - (HR82813),pt_user_lname,text,Last Name,False,Last Name,,"[name=""pt_user_lname""]"
client-service-associate-hr82813,Client Service Associate - (HR82813),user_email,text,Email Address,False,Email Address,,"[name=""user_email""]"
client-service-associate-hr82813,Client Service Associate - (HR82813),user_phone,tel,Phone Number,False,Phone Number,,#pt_user_phone_692645161
client-service-associate-hr82813,Client Service Associate - (HR82813),user_job_title,text,Current Job Title,False,Current Job Title,,"[name=""user_job_title""]"
client-service-associate-hr82813,Client Service Associate - (HR82813),user_salary,text,Current Salary,False,Current Salary,,"[name=""user_salary""]"
client-service-associate-hr82813,Client Service Associate - (HR82813),academic-level,select,Academic Level,False,Academic Level,,"[name=""academic-level""]"
client-service-associate-hr82813,Client Service Associate - (HR82813),Age,select,Age,False,Age,,"[name=""Age""]"
client-service-associate-hr82813,Client Service Associate - (HR82813),salary,text,salary,False,,,#salary114556
client-service-associate-hr82813,Client Service Associate - (HR82813),gender,select,Gender,False,Gender,,"[name=""gender""]"
client-service-associate-hr82813,Client Service Associate - (HR82813),industry,select,Industry,False,Industry,,"[name=""industry""]"
client-service-associate-hr82813,Client Service Associate - (HR82813),cand_woutreg_cv_file,file,cand_woutreg_cv_file,False,,,#cand_cv_filefield
client-service-associate-hr82813,Client Service Associate - (HR82813),cand_cover_letter,textarea,Cover Letter,False,Cover Letter,,"[name=""cand_cover_letter""]"
client-service-associate-hr82813,Client Service Associate - (HR82813),candidate_apply_cover,file,candidate_apply_cover,False,,,"[name=""candidate_apply_cover""]"
client-service-associate-hr82813,Client Service Associate - (HR82813),job_id,hidden,job_id,False,,,"[name=""job_id""]"
client-service-associate-hr82813,Client Service Associate - (HR82813),terms_cond_check,checkbox,terms_cond_check,False,,,"[name=""terms_cond_check""]"
onboarding-coordinator-hr57408,Onboarding Coordinator - (HR57408),pt_user_fname,text,First Name,False,First Name,,"[name=""pt_user_fname""]"
onboarding-coordinator-hr57408,Onboarding Coordinator - (HR57408),pt_user_lname,text,Last Name,False,Last Name,,"[name=""pt_user_lname""]"
onboarding-coordinator-hr57408,Onboarding Coordinator - (HR57408),user_email,text,Email Address,False,Email Address,,"[name=""user_email""]"
onboarding-coordinator-hr57408,Onboarding Coordinator - (HR57408),user_phone,tel,Phone Number,False,Phone Number,,#pt_user_phone_429344512
onboarding-coordinator-hr57408,Onboarding Coordinator - (HR57408),user_job_title,text,Current Job Title,False,Current Job Title,,"[name=""user_job_title""]"
onboarding-coordinator-hr57408,Onboarding Coordinator - (HR57408),user_salary,text,Current Salary,False,Current Salary,,"[name=""user_salary""]"
onboarding-coordinator-hr57408,Onboarding Coordinator - (HR57408),academic-level,select,Academic Level,False,Academic Level,,"[name=""academic-level""]"
onboarding-coordinator-hr57408,Onboarding Coordinator - (HR57408),Age,select,Age,False,Age,,"[name=""Age""]"
onboarding-coordinator-hr57408,Onboarding Coordinator - (HR57408),salary,text,salary,False,,,#salary14574
onboarding-coordinator-hr57408,Onboarding Coordinator - (HR57408),gender,select,Gender,False,Gender,,"[name=""gender""]"
onboarding-coordinator-hr57408,Onboarding Coordinator - (HR57408),industry,select,Industry,False,Industry,,"[name=""industry""]"
onboarding-coordinator-hr57408,Onboarding Coordinator - (HR57408),cand_woutreg_cv_file,file,cand_woutreg_cv_file,False,,,#cand_cv_filefield
onboarding-coordinator-hr57408,Onboarding Coordinator - (HR57408),cand_cover_letter,textarea,Cover Letter,False,Cover Letter,,"[name=""cand_cover_letter""]"
onboarding-coordinator-hr57408,Onboarding Coordinator - (HR57408),candidate_apply_cover,file,candidate_apply_cover,False,,,"[name=""candidate_apply_cover""]"
onboarding-coordinator-hr57408,Onboarding Coordinator - (HR57408),job_id,hidden,job_id,False,,,"[name=""job_id""]"
onboarding-coordinator-hr57408,Onboarding Coordinator - (HR57408),terms_cond_check,checkbox,terms_cond_check,False,,,"[name=""terms_cond_check""]"
inbound-sales-representative-appointment-setter-hr66975,Inbound Sales Representative (Appointment Setter) - (HR66975),pt_user_fname,text,First Name,False,First Name,,"[name=""pt_user_fname""]"
inbound-sales-representative-appointment-setter-hr66975,Inbound Sales Representative (Appointment Setter) - (HR66975),pt_user_lname,text,Last Name,False,Last Name,,"[name=""pt_user_lname""]"
inbound-sales-representative-appointment-setter-hr66975,Inbound Sales Representative (Appointment Setter) - (HR66975),user_email,text,Email Address,False,Email Address,,"[name=""user_email""]"
inbound-sales-representative-appointment-setter-hr66975,Inbound Sales Representative (Appointment Setter) - (HR66975),user_phone,tel,Phone Number,False,Phone Number,,#pt_user_phone_374365542
inbound-sales-representative-appointment-setter-hr66975,Inbound Sales Representative (Appointment Setter) - (HR66975),user_job_title,text,Current Job Title,False,Current Job Title,,"[name=""user_job_title""]"
inbound-sales-representative-appointment-setter-hr66975,Inbound Sales Representative (Appointment Setter) - (HR66975),user_salary,text,Current Salary,False,Current Salary,,"[name=""user_salary""]"
inbound-sales-representative-appointment-setter-hr66975,Inbound Sales Representative (Appointment Setter) - (HR66975),academic-level,select,Academic Level,False,Academic Level,,"[name=""academic-level""]"
inbound-sales-representative-appointment-setter-hr66975,Inbound Sales Representative (Appointment Setter) - (HR66975),Age,select,Age,False,Age,,"[name=""Age""]"
inbound-sales-representative-appointment-setter-hr66975,Inbound Sales Representative (Appointment Setter) - (HR66975),salary,text,salary,False,,,#salary105819
inbound-sales-representative-appointment-setter-hr66975,Inbound Sales Representative (Appointment Setter) - (HR66975),gender,select,Gender,False,Gender,,"[name=""gender""]"
inbound-sales-representative-appointment-setter-hr66975,Inbound Sales Representative (Appointment Setter) - (HR66975),industry,select,Industry,False,Industry,,"[name=""industry""]"
inbound-sales-representative-appointment-setter-hr66975,Inbound Sales Representative (Appointment Setter) - (HR66975),cand_woutreg_cv_file,file,cand_woutreg_cv_file,False,,,#cand_cv_filefield
inbound-sales-representative-appointment-setter-hr66975,Inbound Sales Representative (Appointment Setter) - (HR66975),cand_cover_letter,textarea,Cover Letter,False,Cover Letter,,"[name=""cand_cover_letter""]"
inbound-sales-representative-appointment-setter-hr66975,Inbound Sales Representative (Appointment Setter) - (HR66975),candidate_apply_cover,file,candidate_apply_cover,False,,,"[name=""candidate_apply_cover""]"
inbound-sales-representative-appointment-setter-hr66975,Inbound Sales Representative (Appointment Setter) - (HR66975),job_id,hidden,job_id,False,,,"[name=""job_id""]"
inbound-sales-representative-appointment-setter-hr66975,Inbound Sales Representative (Appointment Setter) - (HR66975),terms_cond_check,checkbox,terms_cond_check,False,,,"[name=""terms_cond_check""]"
accounting-finance-specialist-ap00007,Accounting & Finance Specialist - (AP00007),pt_user_fname,text,First Name,False,First Name,,"[name=""pt_user_fname""]"
accounting-finance-specialist-ap00007,Accounting & Finance Specialist - (AP00007),pt_user_lname,text,Last Name,False,Last Name,,"[name=""pt_user_lname""]"
accounting-finance-specialist-ap00007,Accounting & Finance Specialist - (AP00007),user_email,text,Email Address,False,Email Address,,"[name=""user_email""]"
accounting-finance-specialist-ap00007,Accounting & Finance Specialist - (AP00007),user_phone,tel,Phone Number,False,Phone Number,,#pt_user_phone_520735315
accounting-finance-specialist-ap00007,Accounting & Finance Specialist - (AP00007),user_job_title,text,Current Job Title,False,Current Job Title,,"[name=""user_job_title""]"
accounting-finance-specialist-ap00007,Accounting & Finance Specialist - (AP00007),user_salary,text,Current Salary,False,Current Salary,,"[name=""user_salary""]"
accounting-finance-specialist-ap00007,Accounting & Finance Specialist - (AP00007),academic-level,select,Academic Level,False,Academic Level,,"[name=""academic-level""]"
accounting-finance-specialist-ap00007,Accounting & Finance Specialist - (AP00007),Age,select,Age,False,Age,,"[name=""Age""]"
accounting-finance-specialist-ap00007,Accounting & Finance Specialist - (AP00007),salary,text,salary,False,,,#salary113048
accounting-finance-specialist-ap00007,Accounting & Finance Specialist - (AP00007),gender,select,Gender,False,Gender,,"[name=""gender""]"
accounting-finance-specialist-ap00007,Accounting & Finance Specialist - (AP00007),industry,select,Industry,False,Industry,,"[name=""industry""]"
accounting-finance-specialist-ap00007,Accounting & Finance Specialist - (AP00007),cand_woutreg_cv_file,file,cand_woutreg_cv_file,False,,,#cand_cv_filefield
accounting-finance-specialist-ap00007,Accounting & Finance Specialist - (AP00007),cand_cover_letter,textarea,Cover Letter,False,Cover Letter,,"[name=""cand_cover_letter""]"
accounting-finance-specialist-ap00007,Accounting & Finance Specialist - (AP00007),candidate_apply_cover,file,candidate_apply_cover,False,,,"[name=""candidate_apply_cover""]"
accounting-finance-specialist-ap00007,Accounting & Finance Specialist - (AP00007),job_id,hidden,job_id,False,,,"[name=""job_id""]"
accounting-finance-specialist-ap00007,Accounting & Finance Specialist - (AP00007),terms_cond_check,checkbox,terms_cond_check,False,,,"[name=""terms_cond_check""]"
client-coordinator-hr79838,Client Coordinator - (HR79838),pt_user_fname,text,First Name,False,First Name,,"[name=""pt_user_fname""]"
client-coordinator-hr79838,Client Coordinator - (HR79838),pt_user_lname,text,Last Name,False,Last Name,,"[name=""pt_user_lname""]"
client-coordinator-hr79838,Client Coordinator - (HR79838),user_email,text,Email Address,False,Email Address,,"[name=""user_email""]"
client-coordinator-hr79838,Client Coordinator - (HR79838),user_phone,tel,Phone Number,False,Phone Number,,#pt_user_phone_746574305
client-coordinator-hr79838,Client Coordinator - (HR79838),user_job_title,text,Current Job Title,False,Current Job Title,,"[name=""user_job_title""]"
client-coordinator-hr79838,Client Coordinator - (HR79838),user_salary,text,Current Salary,False,Current Salary,,"[name=""user_salary""]"
client-coordinator-hr79838,Client Coordinator - (HR79838),academic-level,select,Academic Level,False,Academic Level,,"[name=""academic-level""]"
client-coordinator-hr79838,Client Coordinator - (HR79838),Age,select,Age,False,Age,,"[name=""Age""]"
client-coordinator-hr79838,Client Coordinator - (HR79838),salary,text,salary,False,,,#salary12829
client-coordinator-hr79838,Client Coordinator - (HR79838),gender,select,Gender,False,Gender,,"[name=""gender""]"
client-coordinator-hr79838,Client Coordinator - (HR79838),industry,select,Industry,False,Industry,,"[name=""industry""]"
client-coordinator-hr79838,Client Coordinator - (HR79838),cand_woutreg_cv_file,file,cand_woutreg_cv_file,False,,,#cand_cv_filefield
client-coordinator-hr79838,Client Coordinator - (HR79838),cand_cover_letter,textarea,Cover Letter,False,Cover Letter,,"[name=""cand_cover_letter""]"
client-coordinator-hr79838,Client Coordinator - (HR79838),candidate_apply_cover,file,candidate_apply_cover,False,,,"[name=""candidate_apply_cover""]"
client-coordinator-hr79838,Client Coordinator - (HR79838),job_id,hidden,job_id,False,,,"[name=""job_id""]"
client-coordinator-hr79838,Client Coordinator - (HR79838),terms_cond_check,checkbox,terms_cond_check,False,,,"[name=""terms_cond_check""]"
software-engineer-developer-ap00005,Software Engineer/Developer – AP00005,pt_user_fname,text,First Name,False,First Name,,"[name=""pt_user_fname""]"
software-engineer-developer-ap00005,Software Engineer/Developer – AP00005,pt_user_lname,text,Last Name,False,Last Name,,"[name=""pt_user_lname""]"
software-engineer-developer-ap00005,Software Engineer/Developer – AP00005,user_email,text,Email Address,False,Email Address,,"[name=""user_email""]"
software-engineer-developer-ap00005,Software Engineer/Developer – AP00005,user_phone,tel,Phone Number,False,Phone Number,,#pt_user_phone_579796739
software-engineer-developer-ap00005,Software Engineer/Developer – AP00005,user_job_title,text,Current Job Title,False,Current Job Title,,"[name=""user_job_title""]"
software-engineer-developer-ap00005,Software Engineer/Developer – AP00005,user_salary,text,Current Salary,False,Current Salary,,"[name=""user_salary""]"
software-engineer-developer-ap00005,Software Engineer/Developer – AP00005,academic-level,select,Academic Level,False,Academic Level,,"[name=""academic-level""]"
software-engineer-developer-ap00005,Software Engineer/Developer – AP00005,Age,select,Age,False,Age,,"[name=""Age""]"
software-engineer-developer-ap00005,Software Engineer/Developer – AP00005,salary,text,salary,False,,,#salary47357
software-engineer-developer-ap00005,Software Engineer/Developer – AP00005,gender,select,Gender,False,Gender,,"[name=""gender""]"
software-engineer-developer-ap00005,Software Engineer/Developer – AP00005,industry,select,Industry,False,Industry,,"[name=""industry""]"
software-engineer-developer-ap00005,Software Engineer/Developer – AP00005,cand_woutreg_cv_file,file,cand_woutreg_cv_file,False,,,#cand_cv_filefield
software-engineer-developer-ap00005,Software Engineer/Developer – AP00005,cand_cover_letter,textarea,Cover Letter,False,Cover Letter,,"[name=""cand_cover_letter""]"
software-engineer-developer-ap00005,Software Engineer/Developer – AP00005,candidate_apply_cover,file,candidate_apply_cover,False,,,"[name=""candidate_apply_cover""]"
software-engineer-developer-ap00005,Software Engineer/Developer – AP00005,job_id,hidden,job_id,False,,,"[name=""job_id""]"
software-engineer-developer-ap00005,Software Engineer/Developer – AP00005,terms_cond_check,checkbox,terms_cond_check,False,,,"[name=""terms_cond_check""]"
sales-business-development-specialist-ap00003,Sales & Business Development Specialist – AP00003,pt_user_fname,text,First Name,False,First Name,,"[name=""pt_user_fname""]"
sales-business-development-specialist-ap00003,Sales & Business Development Specialist – AP00003,pt_user_lname,text,Last Name,False,Last Name,,"[name=""pt_user_lname""]"
sales-business-development-specialist-ap00003,Sales & Business Development Specialist – AP00003,user_email,text,Email Address,False,Email Address,,"[name=""user_email""]"
sales-business-development-specialist-ap00003,Sales & Business Development Specialist – AP00003,user_phone,tel,Phone Number,False,Phone Number,,#pt_user_phone_339880490
sales-business-development-specialist-ap00003,Sales & Business Development Specialist – AP00003,user_job_title,text,Current Job Title,False,Current Job Title,,"[name=""user_job_title""]"
sales-business-development-specialist-ap00003,Sales & Business Development Specialist – AP00003,user_salary,text,Current Salary,False,Current Salary,,"[name=""user_salary""]"
sales-business-development-specialist-ap00003,Sales & Business Development Specialist – AP00003,academic-level,select,Academic Level,False,Academic Level,,"[name=""academic-level""]"
sales-business-development-specialist-ap00003,Sales & Business Development Specialist – AP00003,Age,select,Age,False,Age,,"[name=""Age""]"
sales-business-development-specialist-ap00003,Sales & Business Development Specialist – AP00003,salary,text,salary,False,,,#salary87255
sales-business-development-specialist-ap00003,Sales & Business Development Specialist – AP00003,gender,select,Gender,False,Gender,,"[name=""gender""]"
sales-business-development-specialist-ap00003,Sales & Business Development Specialist – AP00003,industry,select,Industry,False,Industry,,"[name=""industry""]"
sales-business-development-specialist-ap00003,Sales & Business Development Specialist – AP00003,cand_woutreg_cv_file,file,cand_woutreg_cv_file,False,,,#cand_cv_filefield
sales-business-development-specialist-ap00003,Sales & Business Development Specialist – AP00003,cand_cover_letter,textarea,Cover Letter,False,Cover Letter,,"[name=""cand_cover_letter""]"
sales-business-development-specialist-ap00003,Sales & Business Development Specialist – AP00003,candidate_apply_cover,file,candidate_apply_cover,False,,,"[name=""candidate_apply_cover""]"
sales-business-development-specialist-ap00003,Sales & Business Development Specialist – AP00003,job_id,hidden,job_id,False,,,"[name=""job_id""]"
sales-business-development-specialist-ap00003,Sales & Business Development Specialist – AP00003,terms_cond_check,checkbox,terms_cond_check,False,,,"[name=""terms_cond_check""]"
operations-project-management-specialist-ap00004,Operations & Project Management Specialist – AP00004,pt_user_fname,text,First Name,False,First Name,,"[name=""pt_user_fname""]"
operations-project-management-specialist-ap00004,Operations & Project Management Specialist – AP00004,pt_user_lname,text,Last Name,False,Last Name,,"[name=""pt_user_lname""]"
operations-project-management-specialist-ap00004,Operations & Project Management Specialist – AP00004,user_email,text,Email Address,False,Email Address,,"[name=""user_email""]"
operations-project-management-specialist-ap00004,Operations & Project Management Specialist – AP00004,user_phone,tel,Phone Number,False,Phone Number,,#pt_user_phone_344502655
operations-project-management-specialist-ap00004,Operations & Project Management Specialist – AP00004,user_job_title,text,Current Job Title,False,Current Job Title,,"[name=""user_job_title""]"
operations-project-management-specialist-ap00004,Operations & Project Management Specialist – AP00004,user_salary,text,Current Salary,False,Current Salary,,"[name=""user_salary""]"
operations-project-management-specialist-ap00004,Operations & Project Management Specialist – AP00004,academic-level,select,Academic Level,False,Academic Level,,"[name=""academic-level""]"
operations-project-management-specialist-ap00004,Operations & Project Management Specialist – AP00004,Age,select,Age,False,Age,,"[name=""Age""]"
operations-project-management-specialist-ap00004,Operations & Project Management Specialist – AP00004,salary,text,salary,False,,,#salary4896
operations-project-management-specialist-ap00004,Operations & Project Management Specialist – AP00004,gender,select,Gender,False,Gender,,"[name=""gender""]"
operations-project-management-specialist-ap00004,Operations & Project Management Specialist – AP00004,industry,select,Industry,False,Industry,,"[name=""industry""]"
operations-project-management-specialist-ap00004,Operations & Project Management Specialist – AP00004,cand_woutreg_cv_file,file,cand_woutreg_cv_file,False,,,#cand_cv_filefield
operations-project-management-specialist-ap00004,Operations & Project Management Specialist – AP00004,cand_cover_letter,textarea,Cover Letter,False,Cover Letter,,"[name=""cand_cover_letter""]"
operations-project-management-specialist-ap00004,Operations & Project Management Specialist – AP00004,candidate_apply_cover,file,candidate_apply_cover,False,,,"[name=""candidate_apply_cover""]"
operations-project-management-specialist-ap00004,Operations & Project Management Specialist – AP00004,job_id,hidden,job_id,False,,,"[name=""job_id""]"
operations-project-management-specialist-ap00004,Operations & Project Management Specialist – AP00004,terms_cond_check,checkbox,terms_cond_check,False,,,"[name=""terms_cond_check""]"
data-analyst-ap00006,Data Analyst – (AP00006),pt_user_fname,text,First Name,False,First Name,,"[name=""pt_user_fname""]"
data-analyst-ap00006,Data Analyst – (AP00006),pt_user_lname,text,Last Name,False,Last Name,,"[name=""pt_user_lname""]"
data-analyst-ap00006,Data Analyst – (AP00006),user_email,text,Email Address,False,Email Address,,"[name=""user_email""]"
data-analyst-ap00006,Data Analyst – (AP00006),user_phone,tel,Phone Number,False,Phone Number,,#pt_user_phone_179055004
data-analyst-ap00006,Data Analyst – (AP00006),user_job_title,text,Current Job Title,False,Current Job Title,,"[name=""user_job_title""]"
data-analyst-ap00006,Data Analyst – (AP00006),user_salary,text,Current Salary,False,Current Salary,,"[name=""user_salary""]"
data-analyst-ap00006,Data Analyst – (AP00006),academic-level,select,Academic Level,False,Academic Level,,"[name=""academic-level""]"
data-analyst-ap00006,Data Analyst – (AP00006),Age,select,Age,False,Age,,"[name=""Age""]"
data-analyst-ap00006,Data Analyst – (AP00006),salary,text,salary,False,,,#salary32118
data-analyst-ap00006,Data Analyst – (AP00006),gender,select,Gender,False,Gender,,"[name=""gender""]"
data-analyst-ap00006,Data Analyst – (AP00006),industry,select,Industry,False,Industry,,"[name=""industry""]"
data-analyst-ap00006,Data Analyst – (AP00006),cand_woutreg_cv_file,file,cand_woutreg_cv_file,False,,,#cand_cv_filefield
data-analyst-ap00006,Data Analyst – (AP00006),cand_cover_letter,textarea,Cover Letter,False,Cover Letter,,"[name=""cand_cover_letter""]"
data-analyst-ap00006,Data Analyst – (AP00006),candidate_apply_cover,file,candidate_apply_cover,False,,,"[name=""candidate_apply_cover""]"
data-analyst-ap00006,Data Analyst – (AP00006),job_id,hidden,job_id,False,,,"[name=""job_id""]"
data-analyst-ap00006,Data Analyst – (AP00006),terms_cond_check,checkbox,terms_cond_check,False,,,"[name=""terms_cond_check""]"
supply-operations-manager-hr40243,Supply Operations Manager - (HR40243),pt_user_fname,text,First Name,False,First Name,,"[name=""pt_user_fname""]"
supply-operations-manager-hr40243,Supply Operations Manager - (HR40243),pt_user_lname,text,Last Name,False,Last Name,,"[name=""pt_user_lname""]"
supply-operations-manager-hr40243,Supply Operations Manager - (HR40243),user_email,text,Email Address,False,Email Address,,"[name=""user_email""]"
supply-operations-manager-hr40243,Supply Operations Manager - (HR40243),user_phone,tel,Phone Number,False,Phone Number,,#pt_user_phone_537873653
supply-operations-manager-hr40243,Supply Operations Manager - (HR40243),user_job_title,text,Current Job Title,False,Current Job Title,,"[name=""user_job_title""]"
supply-operations-manager-hr40243,Supply Operations Manager - (HR40243),user_salary,text,Current Salary,False,Current Salary,,"[name=""user_salary""]"
supply-operations-manager-hr40243,Supply Operations Manager - (HR40243),academic-level,select,Academic Level,False,Academic Level,,"[name=""academic-level""]"
supply-operations-manager-hr40243,Supply Operations Manager - (HR40243),Age,select,Age,False,Age,,"[name=""Age""]"
supply-operations-manager-hr40243,Supply Operations Manager - (HR40243),salary,text,salary,False,,,#salary73681
supply-operations-manager-hr40243,Supply Operations Manager - (HR40243),gender,select,Gender,False,Gender,,"[name=""gender""]"
supply-operations-manager-hr40243,Supply Operations Manager - (HR40243),industry,select,Industry,False,Industry,,"[name=""industry""]"
supply-operations-manager-hr40243,Supply Operations Manager - (HR40243),cand_woutreg_cv_file,file,cand_woutreg_cv_file,False,,,#cand_cv_filefield
supply-operations-manager-hr40243,Supply Operations Manager - (HR40243),cand_cover_letter,textarea,Cover Letter,False,Cover Letter,,"[name=""cand_cover_letter""]"
supply-operations-manager-hr40243,Supply Operations Manager - (HR40243),candidate_apply_cover,file,candidate_apply_cover,False,,,"[name=""candidate_apply_cover""]"
supply-operations-manager-hr40243,Supply Operations Manager - (HR40243),job_id,hidden,job_id,False,,,"[name=""job_id""]"
supply-operations-manager-hr40243,Supply Operations Manager - (HR40243),terms_cond_check,checkbox,terms_cond_check,False,,,"[name=""terms_cond_check""]"
construction-operations-manager-hr48162,Construction Operations Manager - (HR48162),pt_user_fname,text,First Name,False,First Name,,"[name=""pt_user_fname""]"
construction-operations-manager-hr48162,Construction Operations Manager - (HR48162),pt_user_lname,text,Last Name,False,Last Name,,"[name=""pt_user_lname""]"
construction-operations-manager-hr48162,Construction Operations Manager - (HR48162),user_email,text,Email Address,False,Email Address,,"[name=""user_email""]"
construction-operations-manager-hr48162,Construction Operations Manager - (HR48162),user_phone,tel,Phone Number,False,Phone Number,,#pt_user_phone_867584016
construction-operations-manager-hr48162,Construction Operations Manager - (HR48162),user_job_title,text,Current Job Title,False,Current Job Title,,"[name=""user_job_title""]"
construction-operations-manager-hr48162,Construction Operations Manager - (HR48162),user_salary,text,Current Salary,False,Current Salary,,"[name=""user_salary""]"
construction-operations-manager-hr48162,Construction Operations Manager - (HR48162),academic-level,select,Academic Level,False,Academic Level,,"[name=""academic-level""]"
construction-operations-manager-hr48162,Construction Operations Manager - (HR48162),Age,select,Age,False,Age,,"[name=""Age""]"
construction-operations-manager-hr48162,Construction Operations Manager - (HR48162),salary,text,salary,False,,,#salary67452
construction-operations-manager-hr48162,Construction Operations Manager - (HR48162),gender,select,Gender,False,Gender,,"[name=""gender""]"
construction-operations-manager-hr48162,Construction Operations Manager - (HR48162),industry,select,Industry,False,Industry,,"[name=""industry""]"
construction-operations-manager-hr48162,Construction Operations Manager - (HR48162),cand_woutreg_cv_file,file,cand_woutreg_cv_file,False,,,#cand_cv_filefield
construction-operations-manager-hr48162,Construction Operations Manager - (HR48162),cand_cover_letter,textarea,Cover Letter,False,Cover Letter,,"[name=""cand_cover_letter""]"
construction-operations-manager-hr48162,Construction Operations Manager - (HR48162),candidate_apply_cover,file,candidate_apply_cover,False,,,"[name=""candidate_apply_cover""]"
construction-operations-manager-hr48162,Construction Operations Manager - (HR48162),job_id,hidden,job_id,False,,,"[name=""job_id""]"
construction-operations-manager-hr48162,Construction Operations Manager - (HR48162),terms_cond_check,checkbox,terms_cond_check,False,,,"[name=""terms_cond_check""]"
virtual-assistant-admin-support-specialist-ap00001,Virtual Assistant (Admin & Support Specialist) – AP00001,pt_user_fname,text,First Name,False,First Name,,"[name=""pt_user_fname""]"
virtual-assistant-admin-support-specialist-ap00001,Virtual Assistant (Admin & Support Specialist) – AP00001,pt_user_lname,text,Last Name,False,Last Name,,"[name=""pt_user_lname""]"
virtual-assistant-admin-support-specialist-ap00001,Virtual Assistant (Admin & Support Specialist) – AP00001,user_email,text,Email Address,False,Email Address,,"[name=""user_email""]"
virtual-assistant-admin-support-specialist-ap00001,Virtual Assistant (Admin & Support Specialist) – AP00001,user_phone,tel,Phone Number,False,Phone Number,,#pt_user_phone_643907956
virtual-assistant-admin-support-specialist-ap00001,Virtual Assistant (Admin & Support Specialist) – AP00001,user_job_title,text,Current Job Title,False,Current Job Title,,"[name=""user_job_title""]"
virtual-assistant-admin-support-specialist-ap00001,Virtual Assistant (Admin & Support Specialist) – AP00001,user_salary,text,Current Salary,False,Current Salary,,"[name=""user_salary""]"
virtual-assistant-admin-support-specialist-ap00001,Virtual Assistant (Admin & Support Specialist) – AP00001,academic-level,select,Academic Level,False,Academic Level,,"[name=""academic-level""]"
virtual-assistant-admin-support-specialist-ap00001,Virtual Assistant (Admin & Support Specialist) – AP00001,Age,select,Age,False,Age,,"[name=""Age""]"
virtual-assistant-admin-support-specialist-ap00001,Virtual Assistant (Admin & Support Specialist) – AP00001,salary,text,salary,False,,,#salary85071
virtual-assistant-admin-support-specialist-ap00001,Virtual Assistant (Admin & Support Specialist) – AP00001,gender,select,Gender,False,Gender,,"[name=""gender""]"
virtual-assistant-admin-support-specialist-ap00001,Virtual Assistant (Admin & Support Specialist) – AP00001,industry,select,Industry,False,Industry,,"[name=""industry""]"
virtual-assistant-admin-support-specialist-ap00001,Virtual Assistant (Admin & Support Specialist) – AP00001,cand_woutreg_cv_file,file,cand_woutreg_cv_file,False,,,#cand_cv_filefield
virtual-assistant-admin-support-specialist-ap00001,Virtual Assistant (Admin & Support Specialist) – AP00001,cand_cover_letter,textarea,Cover Letter,False,Cover Letter,,"[name=""cand_cover_letter""]"
virtual-assistant-admin-support-specialist-ap00001,Virtual Assistant (Admin & Support Specialist) – AP00001,candidate_apply_cover,file,candidate_apply_cover,False,,,"[name=""candidate_apply_cover""]"
virtual-assistant-admin-support-specialist-ap00001,Virtual Assistant (Admin & Support Specialist) – AP00001,job_id,hidden,job_id,False,,,"[name=""job_id""]"
virtual-assistant-admin-support-specialist-ap00001,Virtual Assistant (Admin & Support Specialist) – AP00001,terms_cond_check,checkbox,terms_cond_check,False,,,"[name=""terms_cond_check""]"
graphic-ui-ux-designer-ap000002,Graphic & UI/UX Designer – AP00002,pt_user_fname,text,First Name,False,First Name,,"[name=""pt_user_fname""]"
graphic-ui-ux-designer-ap000002,Graphic & UI/UX Designer – AP00002,pt_user_lname,text,Last Name,False,Last Name,,"[name=""pt_user_lname""]"
graphic-ui-ux-designer-ap000002,Graphic & UI/UX Designer – AP00002,user_email,text,Email Address,False,Email Address,,"[name=""user_email""]"
graphic-ui-ux-designer-ap000002,Graphic & UI/UX Designer – AP00002,user_phone,tel,Phone Number,False,Phone Number,,#pt_user_phone_355213410
graphic-ui-ux-designer-ap000002,Graphic & UI/UX Designer – AP00002,user_job_title,text,Current Job Title,False,Current Job Title,,"[name=""user_job_title""]"
graphic-ui-ux-designer-ap000002,Graphic & UI/UX Designer – AP00002,user_salary,text,Current Salary,False,Current Salary,,"[name=""user_salary""]"
graphic-ui-ux-designer-ap000002,Graphic & UI/UX Designer – AP00002,academic-level,select,Academic Level,False,Academic Level,,"[name=""academic-level""]"
graphic-ui-ux-designer-ap000002,Graphic & UI/UX Designer – AP00002,Age,select,Age,False,Age,,"[name=""Age""]"
graphic-ui-ux-designer-ap000002,Graphic & UI/UX Designer – AP00002,salary,text,salary,False,,,#salary123164
graphic-ui-ux-designer-ap000002,Graphic & UI/UX Designer – AP00002,gender,select,Gender,False,Gender,,"[name=""gender""]"
graphic-ui-ux-designer-ap000002,Graphic & UI/UX Designer – AP00002,industry,select,Industry,False,Industry,,"[name=""industry""]"
graphic-ui-ux-designer-ap000002,Graphic & UI/UX Designer – AP00002,cand_woutreg_cv_file,file,cand_woutreg_cv_file,False,,,#cand_cv_filefield
graphic-ui-ux-designer-ap000002,Graphic & UI/UX Designer – AP00002,cand_cover_letter,textarea,Cover Letter,False,Cover Letter,,"[name=""cand_cover_letter""]"
graphic-ui-ux-designer-ap000002,Graphic & UI/UX Designer – AP00002,candidate_apply_cover,file,candidate_apply_cover,False,,,"[name=""candidate_apply_cover""]"
graphic-ui-ux-designer-ap000002,Graphic & UI/UX Designer – AP00002,job_id,hidden,job_id,False,,,"[name=""job_id""]"
graphic-ui-ux-designer-ap000002,Graphic & UI/UX Designer – AP00002,terms_cond_check,checkbox,terms_cond_check,False,,,"[name=""terms_cond_check""]"
senior-accountant-hr71919,Senior Accountant - (HR71919),pt_user_fname,text,First Name,False,First Name,,"[name=""pt_user_fname""]"
senior-accountant-hr71919,Senior Accountant - (HR71919),pt_user_lname,text,Last Name,False,Last Name,,"[name=""pt_user_lname""]"
senior-accountant-hr71919,Senior Accountant - (HR71919),user_email,text,Email Address,False,Email Address,,"[name=""user_email""]"
senior-accountant-hr71919,Senior Accountant - (HR71919),user_phone,tel,Phone Number,False,Phone Number,,#pt_user_phone_821514300
senior-accountant-hr71919,Senior Accountant - (HR71919),user_job_title,text,Current Job Title,False,Current Job Title,,"[name=""user_job_title""]"
senior-accountant-hr71919,Senior Accountant - (HR71919),user_salary,text,Current Salary,False,Current Salary,,"[name=""user_salary""]"
senior-accountant-hr71919,Senior Accountant - (HR71919),academic-level,select,Academic Level,False,Academic Level,,"[name=""academic-level""]"
senior-accountant-hr71919,Senior Accountant - (HR71919),Age,select,Age,False,Age,,"[name=""Age""]"
senior-accountant-hr71919,Senior Accountant - (HR71919),salary,text,salary,False,,,#salary121769
senior-accountant-hr71919,Senior Accountant - (HR71919),gender,select,Gender,False,Gender,,"[name=""gender""]"
senior-accountant-hr71919,Senior Accountant - (HR71919),industry,select,Industry,False,Industry,,"[name=""industry""]"
senior-accountant-hr71919,Senior Accountant - (HR71919),cand_woutreg_cv_file,file,cand_woutreg_cv_file,False,,,#cand_cv_filefield
senior-accountant-hr71919,Senior Accountant - (HR71919),cand_cover_letter,textarea,Cover Letter,False,Cover Letter,,"[name=""cand_cover_letter""]"
senior-accountant-hr71919,Senior Accountant - (HR71919),candidate_apply_cover,file,candidate_apply_cover,False,,,"[name=""candidate_apply_cover""]"
senior-accountant-hr71919,Senior Accountant - (HR71919),job_id,hidden,job_id,False,,,"[name=""job_id""]"
senior-accountant-hr71919,Senior Accountant - (HR71919),terms_cond_check,checkbox,terms_cond_check,False,,,"[name=""terms_cond_check""]"
trust-accounting-assistant-hr97324,Trust Accounting Assistant - (HR97324),pt_user_fname,text,First Name,False,First Name,,"[name=""pt_user_fname""]"
trust-accounting-assistant-hr97324,Trust Accounting Assistant - (HR97324),pt_user_lname,text,Last Name,False,Last Name,,"[name=""pt_user_lname""]"
trust-accounting-assistant-hr97324,Trust Accounting Assistant - (HR97324),user_email,text,Email Address,False,Email Address,,"[name=""user_email""]"
trust-accounting-assistant-hr97324,Trust Accounting Assistant - (HR97324),user_phone,tel,Phone Number,False,Phone Number,,#pt_user_phone_263587693
trust-accounting-assistant-hr97324,Trust Accounting Assistant - (HR97324),user_job_title,text,Current Job Title,False,Current Job Title,,"[name=""user_job_title""]"
trust-accounting-assistant-hr97324,Trust Accounting Assistant - (HR97324),user_salary,text,Current Salary,False,Current Salary,,"[name=""user_salary""]"
trust-accounting-assistant-hr97324,Trust Accounting Assistant - (HR97324),academic-level,select,Academic Level,False,Academic Level,,"[name=""academic-level""]"
trust-accounting-assistant-hr97324,Trust Accounting Assistant - (HR97324),Age,select,Age,False,Age,,"[name=""Age""]"
trust-accounting-assistant-hr97324,Trust Accounting Assistant - (HR97324),salary,text,salary,False,,,#salary99108
trust-accounting-assistant-hr97324,Trust Accounting Assistant - (HR97324),gender,select,Gender,False,Gender,,"[name=""gender""]"
trust-accounting-assistant-hr97324,Trust Accounting Assistant - (HR97324),industry,select,Industry,False,Industry,,"[name=""industry""]"
trust-accounting-assistant-hr97324,Trust Accounting Assistant - (HR97324),cand_woutreg_cv_file,file,cand_woutreg_cv_file,False,,,#cand_cv_filefield
trust-accounting-assistant-hr97324,Trust Accounting Assistant - (HR97324),cand_cover_letter,textarea,Cover Letter,False,Cover Letter,,"[name=""cand_cover_letter""]"
trust-accounting-assistant-hr97324,Trust Accounting Assistant - (HR97324),candidate_apply_cover,file,candidate_apply_cover,False,,,"[name=""candidate_apply_cover""]"
trust-accounting-assistant-hr97324,Trust Accounting Assistant - (HR97324),job_id,hidden,job_id,False,,,"[name=""job_id""]"
trust-accounting-assistant-hr97324,Trust Accounting Assistant - (HR97324),terms_cond_check,checkbox,terms_cond_check,False,,,"[name=""terms_cond_check""]"
real-estate-transactions-coordinator-hr89405,Real Estate Transactions Coordinator - (HR89405),pt_user_fname,text,First Name,False,First Name,,"[name=""pt_user_fname""]"
real-estate-transactions-coordinator-hr89405,Real Estate Transactions Coordinator - (HR89405),pt_user_lname,text,Last Name,False,Last Name,,"[name=""pt_user_lname""]"
real-estate-transactions-coordinator-hr89405,Real Estate Transactions Coordinator - (HR89405),user_email,text,Email Address,False,Email Address,,"[name=""user_email""]"
real-estate-transactions-coordinator-hr89405,Real Estate Transactions Coordinator - (HR89405),user_phone,tel,Phone Number,False,Phone Number,,#pt_user_phone_811361098
real-estate-transactions-coordinator-hr89405,Real Estate Transactions Coordinator - (HR89405),user_job_title,text,Current Job Title,False,Current Job Title,,"[name=""user_job_title""]"
real-estate-transactions-coordinator-hr89405,Real Estate Transactions Coordinator - (HR89405),user_salary,text,Current Salary,False,Current Salary,,"[name=""user_salary""]"
real-estate-transactions-coordinator-hr89405,Real Estate Transactions Coordinator - (HR89405),academic-level,select,Academic Level,False,Academic Level,,"[name=""academic-level""]"
real-estate-transactions-coordinator-hr89405,Real Estate Transactions Coordinator - (HR89405),Age,select,Age,False,Age,,"[name=""Age""]"
real-estate-transactions-coordinator-hr89405,Real Estate Transactions Coordinator - (HR89405),salary,text,salary,False,,,#salary76550
real-estate-transactions-coordinator-hr89405,Real Estate Transactions Coordinator - (HR89405),gender,select,Gender,False,Gender,,"[name=""gender""]"
real-estate-transactions-coordinator-hr89405,Real Estate Transactions Coordinator - (HR89405),industry,select,Industry,False,Industry,,"[name=""industry""]"
real-estate-transactions-coordinator-hr89405,Real Estate Transactions Coordinator - (HR89405),cand_woutreg_cv_file,file,cand_woutreg_cv_file,False,,,#cand_cv_filefield
real-estate-transactions-coordinator-hr89405,Real Estate Transactions Coordinator - (HR89405),cand_cover_letter,textarea,Cover Letter,False,Cover Letter,,"[name=""cand_cover_letter""]"
real-estate-transactions-coordinator-hr89405,Real Estate Transactions Coordinator - (HR89405),candidate_apply_cover,file,candidate_apply_cover,False,,,"[name=""candidate_apply_cover""]"
real-estate-transactions-coordinator-hr89405,Real Estate Transactions Coordinator - (HR89405),job_id,hidden,job_id,False,,,"[name=""job_id""]"
real-estate-transactions-coordinator-hr89405,Real Estate Transactions Coordinator - (HR89405),terms_cond_check,checkbox,terms_cond_check,False,,,"[name=""terms_cond_check""]"
event-partnerships-sales-specialist-hr73567,Event Partnerships & Sales Specialist - (HR73567),pt_user_fname,text,First Name,False,First Name,,"[name=""pt_user_fname""]"
event-partnerships-sales-specialist-hr73567,Event Partnerships & Sales Specialist - (HR73567),pt_user_lname,text,Last Name,False,Last Name,,"[name=""pt_user_lname""]"
event-partnerships-sales-specialist-hr73567,Event Partnerships & Sales Specialist - (HR73567),user_email,text,Email Address,False,Email Address,,"[name=""user_email""]"
event-partnerships-sales-specialist-hr73567,Event Partnerships & Sales Specialist - (HR73567),user_phone,tel,Phone Number,False,Phone Number,,#pt_user_phone_626978842
event-partnerships-sales-specialist-hr73567,Event Partnerships & Sales Specialist - (HR73567),user_job_title,text,Current Job Title,False,Current Job Title,,"[name=""user_job_title""]"
event-partnerships-sales-specialist-hr73567,Event Partnerships & Sales Specialist - (HR73567),user_salary,text,Current Salary,False,Current Salary,,"[name=""user_salary""]"
event-partnerships-sales-specialist-hr73567,Event Partnerships & Sales Specialist - (HR73567),academic-level,select,Academic Level,False,Academic Level,,"[name=""academic-level""]"
event-partnerships-sales-specialist-hr73567,Event Partnerships & Sales Specialist - (HR73567),Age,select,Age,False,Age,,"[name=""Age""]"
event-partnerships-sales-specialist-hr73567,Event Partnerships & Sales Specialist - (HR73567),salary,text,salary,False,,,#salary51238
event-partnerships-sales-specialist-hr73567,Event Partnerships & Sales Specialist - (HR73567),gender,select,Gender,False,Gender,,"[name=""gender""]"
event-partnerships-sales-specialist-hr73567,Event Partnerships & Sales Specialist - (HR73567),industry,select,Industry,False,Industry,,"[name=""industry""]"
event-partnerships-sales-specialist-hr73567,Event Partnerships & Sales Specialist - (HR73567),cand_woutreg_cv_file,file,cand_woutreg_cv_file,False,,,#cand_cv_filefield
event-partnerships-sales-specialist-hr73567,Event Partnerships & Sales Specialist - (HR73567),cand_cover_letter,textarea,Cover Letter,False,Cover Letter,,"[name=""cand_cover_letter""]"
event-partnerships-sales-specialist-hr73567,Event Partnerships & Sales Specialist - (HR73567),candidate_apply_cover,file,candidate_apply_cover,False,,,"[name=""candidate_apply_cover""]"
event-partnerships-sales-specialist-hr73567,Event Partnerships & Sales Specialist - (HR73567),job_id,hidden,job_id,False,,,"[name=""job_id""]"
event-partnerships-sales-specialist-hr73567,Event Partnerships & Sales Specialist - (HR73567),terms_cond_check,checkbox,terms_cond_check,False,,,"[name=""terms_cond_check""]"
maintenance-coordinator-hr81486,Maintenance Coordinator - (HR81486),pt_user_fname,text,First Name,False,First Name,,"[name=""pt_user_fname""]"
maintenance-coordinator-hr81486,Maintenance Coordinator - (HR81486),pt_user_lname,text,Last Name,False,Last Name,,"[name=""pt_user_lname""]"
maintenance-coordinator-hr81486,Maintenance Coordinator - (HR81486),user_email,text,Email Address,False,Email Address,,"[name=""user_email""]"
maintenance-coordinator-hr81486,Maintenance Coordinator - (HR81486),user_phone,tel,Phone Number,False,Phone Number,,#pt_user_phone_742692597
maintenance-coordinator-hr81486,Maintenance Coordinator - (HR81486),user_job_title,text,Current Job Title,False,Current Job Title,,"[name=""user_job_title""]"
maintenance-coordinator-hr81486,Maintenance Coordinator - (HR81486),user_salary,text,Current Salary,False,Current Salary,,"[name=""user_salary""]"
maintenance-coordinator-hr81486,Maintenance Coordinator - (HR81486),academic-level,select,Academic Level,False,Academic Level,,"[name=""academic-level""]"
maintenance-coordinator-hr81486,Maintenance Coordinator - (HR81486),Age,select,Age,False,Age,,"[name=""Age""]"
maintenance-coordinator-hr81486,Maintenance Coordinator - (HR81486),salary,text,salary,False,,,#salary35887
maintenance-coordinator-hr81486,Maintenance Coordinator - (HR81486),gender,select,Gender,False,Gender,,"[name=""gender""]"
maintenance-coordinator-hr81486,Maintenance Coordinator - (HR81486),industry,select,Industry,False,Industry,,"[name=""industry""]"
maintenance-coordinator-hr81486,Maintenance Coordinator - (HR81486),cand_woutreg_cv_file,file,cand_woutreg_cv_file,False,,,#cand_cv_filefield
maintenance-coordinator-hr81486,Maintenance Coordinator - (HR81486),cand_cover_letter,textarea,Cover Letter,False,Cover Letter,,"[name=""cand_cover_letter""]"
maintenance-coordinator-hr81486,Maintenance Coordinator - (HR81486),candidate_apply_cover,file,candidate_apply_cover,False,,,"[name=""candidate_apply_cover""]"
maintenance-coordinator-hr81486,Maintenance Coordinator - (HR81486),job_id,hidden,job_id,False,,,"[name=""job_id""]"
maintenance-coordinator-hr81486,Maintenance Coordinator - (HR81486),terms_cond_check,checkbox,terms_cond_check,False,,,"[name=""terms_cond_check""]"
tenant-operations-coordinator-hr56081,Tenant Operations Coordinator - (HR56081),pt_user_fname,text,First Name,False,First Name,,"[name=""pt_user_fname""]"
tenant-operations-coordinator-hr56081,Tenant Operations Coordinator - (HR56081),pt_user_lname,text,Last Name,False,Last Name,,"[name=""pt_user_lname""]"
tenant-operations-coordinator-hr56081,Tenant Operations Coordinator - (HR56081),user_email,text,Email Address,False,Email Address,,"[name=""user_email""]"
tenant-operations-coordinator-hr56081,Tenant Operations Coordinator - (HR56081),user_phone,tel,Phone Number,False,Phone Number,,#pt_user_phone_797996367
tenant-operations-coordinator-hr56081,Tenant Operations Coordinator - (HR56081),user_job_title,text,Current Job Title,False,Current Job Title,,"[name=""user_job_title""]"
tenant-operations-coordinator-hr56081,Tenant Operations Coordinator - (HR56081),user_salary,text,Current Salary,False,Current Salary,,"[name=""user_salary""]"
tenant-operations-coordinator-hr56081,Tenant Operations Coordinator - (HR56081),academic-level,select,Academic Level,False,Academic Level,,"[name=""academic-level""]"
tenant-operations-coordinator-hr56081,Tenant Operations Coordinator - (HR56081),Age,select,Age,False,Age,,"[name=""Age""]"
tenant-operations-coordinator-hr56081,Tenant Operations Coordinator - (HR56081),salary,text,salary,False,,,#salary51346
tenant-operations-coordinator-hr56081,Tenant Operations Coordinator - (HR56081),gender,select,Gender,False,Gender,,"[name=""gender""]"
tenant-operations-coordinator-hr56081,Tenant Operations Coordinator - (HR56081),industry,select,Industry,False,Industry,,"[name=""industry""]"
tenant-operations-coordinator-hr56081,Tenant Operations Coordinator - (HR56081),cand_woutreg_cv_file,file,cand_woutreg_cv_file,False,,,#cand_cv_filefield
tenant-operations-coordinator-hr56081,Tenant Operations Coordinator - (HR56081),cand_cover_letter,textarea,Cover Letter,False,Cover Letter,,"[name=""cand_cover_letter""]"
tenant-operations-coordinator-hr56081,Tenant Operations Coordinator - (HR56081),candidate_apply_cover,file,candidate_apply_cover,False,,,"[name=""candidate_apply_cover""]"
tenant-operations-coordinator-hr56081,Tenant Operations Coordinator - (HR56081),job_id,hidden,job_id,False,,,"[name=""job_id""]"
tenant-operations-coordinator-hr56081,Tenant Operations Coordinator - (HR56081),terms_cond_check,checkbox,terms_cond_check,False,,,"[name=""terms_cond_check""]"
senior-integration-developer-celigo-netsuite-hr98972,Senior Integration Developer (Celigo / NetSuite) - (HR98972),pt_user_fname,text,First Name,False,First Name,,"[name=""pt_user_fname""]"
senior-integration-developer-celigo-netsuite-hr98972,Senior Integration Developer (Celigo / NetSuite) - (HR98972),pt_user_lname,text,Last Name,False,Last Name,,"[name=""pt_user_lname""]"
senior-integration-developer-celigo-netsuite-hr98972,Senior Integration Developer (Celigo / NetSuite) - (HR98972),user_email,text,Email Address,False,Email Address,,"[name=""user_email""]"
senior-integration-developer-celigo-netsuite-hr98972,Senior Integration Developer (Celigo / NetSuite) - (HR98972),user_phone,tel,Phone Number,False,Phone Number,,#pt_user_phone_848898731
senior-integration-developer-celigo-netsuite-hr98972,Senior Integration Developer (Celigo / NetSuite) - (HR98972),user_job_title,text,Current Job Title,False,Current Job Title,,"[name=""user_job_title""]"
senior-integration-developer-celigo-netsuite-hr98972,Senior Integration Developer (Celigo / NetSuite) - (HR98972),user_salary,text,Current Salary,False,Current Salary,,"[name=""user_salary""]"
senior-integration-developer-celigo-netsuite-hr98972,Senior Integration Developer (Celigo / NetSuite) - (HR98972),academic-level,select,Academic Level,False,Academic Level,,"[name=""academic-level""]"
senior-integration-developer-celigo-netsuite-hr98972,Senior Integration Developer (Celigo / NetSuite) - (HR98972),Age,select,Age,False,Age,,"[name=""Age""]"
senior-integration-developer-celigo-netsuite-hr98972,Senior Integration Developer (Celigo / NetSuite) - (HR98972),salary,text,salary,False,,,#salary7530
senior-integration-developer-celigo-netsuite-hr98972,Senior Integration Developer (Celigo / NetSuite) - (HR98972),gender,select,Gender,False,Gender,,"[name=""gender""]"
senior-integration-developer-celigo-netsuite-hr98972,Senior Integration Developer (Celigo / NetSuite) - (HR98972),industry,select,Industry,False,Industry,,"[name=""industry""]"
senior-integration-developer-celigo-netsuite-hr98972,Senior Integration Developer (Celigo / NetSuite) - (HR98972),cand_woutreg_cv_file,file,cand_woutreg_cv_file,False,,,#cand_cv_filefield
senior-integration-developer-celigo-netsuite-hr98972,Senior Integration Developer (Celigo / NetSuite) - (HR98972),cand_cover_letter,textarea,Cover Letter,False,Cover Letter,,"[name=""cand_cover_letter""]"
senior-integration-developer-celigo-netsuite-hr98972,Senior Integration Developer (Celigo / NetSuite) - (HR98972),candidate_apply_cover,file,candidate_apply_cover,False,,,"[name=""candidate_apply_cover""]"
senior-integration-developer-celigo-netsuite-hr98972,Senior Integration Developer (Celigo / NetSuite) - (HR98972),job_id,hidden,job_id,False,,,"[name=""job_id""]"
senior-integration-developer-celigo-netsuite-hr98972,Senior Integration Developer (Celigo / NetSuite) - (HR98972),terms_cond_check,checkbox,terms_cond_check,False,,,"[name=""terms_cond_check""]"
account-executive-full-cycle-hr67574,Client Account Executive - (HR67574),pt_user_fname,text,First Name,False,First Name,,"[name=""pt_user_fname""]"
account-executive-full-cycle-hr67574,Client Account Executive - (HR67574),pt_user_lname,text,Last Name,False,Last Name,,"[name=""pt_user_lname""]"
account-executive-full-cycle-hr67574,Client Account Executive - (HR67574),user_email,text,Email Address,False,Email Address,,"[name=""user_email""]"
account-executive-full-cycle-hr67574,Client Account Executive - (HR67574),user_phone,tel,Phone Number,False,Phone Number,,#pt_user_phone_732662857
account-executive-full-cycle-hr67574,Client Account Executive - (HR67574),user_job_title,text,Current Job Title,False,Current Job Title,,"[name=""user_job_title""]"
account-executive-full-cycle-hr67574,Client Account Executive - (HR67574),user_salary,text,Current Salary,False,Current Salary,,"[name=""user_salary""]"
account-executive-full-cycle-hr67574,Client Account Executive - (HR67574),academic-level,select,Academic Level,False,Academic Level,,"[name=""academic-level""]"
account-executive-full-cycle-hr67574,Client Account Executive - (HR67574),Age,select,Age,False,Age,,"[name=""Age""]"
account-executive-full-cycle-hr67574,Client Account Executive - (HR67574),salary,text,salary,False,,,#salary69298
account-executive-full-cycle-hr67574,Client Account Executive - (HR67574),gender,select,Gender,False,Gender,,"[name=""gender""]"
account-executive-full-cycle-hr67574,Client Account Executive - (HR67574),industry,select,Industry,False,Industry,,"[name=""industry""]"
account-executive-full-cycle-hr67574,Client Account Executive - (HR67574),cand_woutreg_cv_file,file,cand_woutreg_cv_file,False,,,#cand_cv_filefield
account-executive-full-cycle-hr67574,Client Account Executive - (HR67574),cand_cover_letter,textarea,Cover Letter,False,Cover Letter,,"[name=""cand_cover_letter""]"
account-executive-full-cycle-hr67574,Client Account Executive - (HR67574),candidate_apply_cover,file,candidate_apply_cover,False,,,"[name=""candidate_apply_cover""]"
account-executive-full-cycle-hr67574,Client Account Executive - (HR67574),job_id,hidden,job_id,False,,,"[name=""job_id""]"
account-executive-full-cycle-hr67574,Client Account Executive - (HR67574),terms_cond_check,checkbox,terms_cond_check,False,,,"[name=""terms_cond_check""]"
executive-assistant-strategic-operations-wg14194,Executive Assistant (Strategic Operations) - (WG14194),pt_user_fname,text,First Name,False,First Name,,"[name=""pt_user_fname""]"
executive-assistant-strategic-operations-wg14194,Executive Assistant (Strategic Operations) - (WG14194),pt_user_lname,text,Last Name,False,Last Name,,"[name=""pt_user_lname""]"
executive-assistant-strategic-operations-wg14194,Executive Assistant (Strategic Operations) - (WG14194),user_email,text,Email Address,False,Email Address,,"[name=""user_email""]"
executive-assistant-strategic-operations-wg14194,Executive Assistant (Strategic Operations) - (WG14194),user_phone,tel,Phone Number,False,Phone Number,,#pt_user_phone_188879456
executive-assistant-strategic-operations-wg14194,Executive Assistant (Strategic Operations) - (WG14194),user_job_title,text,Current Job Title,False,Current Job Title,,"[name=""user_job_title""]"
executive-assistant-strategic-operations-wg14194,Executive Assistant (Strategic Operations) - (WG14194),user_salary,text,Current Salary,False,Current Salary,,"[name=""user_salary""]"
executive-assistant-strategic-operations-wg14194,Executive Assistant (Strategic Operations) - (WG14194),academic-level,select,Academic Level,False,Academic Level,,"[name=""academic-level""]"
executive-assistant-strategic-operations-wg14194,Executive Assistant (Strategic Operations) - (WG14194),Age,select,Age,False,Age,,"[name=""Age""]"
executive-assistant-strategic-operations-wg14194,Executive Assistant (Strategic Operations) - (WG14194),salary,text,salary,False,,,#salary6167
executive-assistant-strategic-operations-wg14194,Executive Assistant (Strategic Operations) - (WG14194),gender,select,Gender,False,Gender,,"[name=""gender""]"
executive-assistant-strategic-operations-wg14194,Executive Assistant (Strategic Operations) - (WG14194),industry,select,Industry,False,Industry,,"[name=""industry""]"
executive-assistant-strategic-operations-wg14194,Executive Assistant (Strategic Operations) - (WG14194),cand_woutreg_cv_file,file,cand_woutreg_cv_file,False,,,#cand_cv_filefield
executive-assistant-strategic-operations-wg14194,Executive Assistant (Strategic Operations) - (WG14194),cand_cover_letter,textarea,Cover Letter,False,Cover Letter,,"[name=""cand_cover_letter""]"
executive-assistant-strategic-operations-wg14194,Executive Assistant (Strategic Operations) - (WG14194),candidate_apply_cover,file,candidate_apply_cover,False,,,"[name=""candidate_apply_cover""]"
executive-assistant-strategic-operations-wg14194,Executive Assistant (Strategic Operations) - (WG14194),job_id,hidden,job_id,False,,,"[name=""job_id""]"
executive-assistant-strategic-operations-wg14194,Executive Assistant (Strategic Operations) - (WG14194),terms_cond_check,checkbox,terms_cond_check,False,,,"[name=""terms_cond_check""]"
administrative-assistant-hr67617,Administrative Assistant - (HR67617),pt_user_fname,text,First Name,False,First Name,,"[name=""pt_user_fname""]"
administrative-assistant-hr67617,Administrative Assistant - (HR67617),pt_user_lname,text,Last Name,False,Last Name,,"[name=""pt_user_lname""]"
administrative-assistant-hr67617,Administrative Assistant - (HR67617),user_email,text,Email Address,False,Email Address,,"[name=""user_email""]"
administrative-assistant-hr67617,Administrative Assistant - (HR67617),user_phone,tel,Phone Number,False,Phone Number,,#pt_user_phone_322995871
administrative-assistant-hr67617,Administrative Assistant - (HR67617),user_job_title,text,Current Job Title,False,Current Job Title,,"[name=""user_job_title""]"
administrative-assistant-hr67617,Administrative Assistant - (HR67617),user_salary,text,Current Salary,False,Current Salary,,"[name=""user_salary""]"
administrative-assistant-hr67617,Administrative Assistant - (HR67617),academic-level,select,Academic Level,False,Academic Level,,"[name=""academic-level""]"
administrative-assistant-hr67617,Administrative Assistant - (HR67617),Age,select,Age,False,Age,,"[name=""Age""]"
administrative-assistant-hr67617,Administrative Assistant - (HR67617),salary,text,salary,False,,,#salary107130
administrative-assistant-hr67617,Administrative Assistant - (HR67617),gender,select,Gender,False,Gender,,"[name=""gender""]"
administrative-assistant-hr67617,Administrative Assistant - (HR67617),industry,select,Industry,False,Industry,,"[name=""industry""]"
administrative-assistant-hr67617,Administrative Assistant - (HR67617),cand_woutreg_cv_file,file,cand_woutreg_cv_file,False,,,#cand_cv_filefield
administrative-assistant-hr67617,Administrative Assistant - (HR67617),cand_cover_letter,textarea,Cover Letter,False,Cover Letter,,"[name=""cand_cover_letter""]"
administrative-assistant-hr67617,Administrative Assistant - (HR67617),candidate_apply_cover,file,candidate_apply_cover,False,,,"[name=""candidate_apply_cover""]"
administrative-assistant-hr67617,Administrative Assistant - (HR67617),job_id,hidden,job_id,False,,,"[name=""job_id""]"
administrative-assistant-hr67617,Administrative Assistant - (HR67617),terms_cond_check,checkbox,terms_cond_check,False,,,"[name=""terms_cond_check""]"
accounts-payable-specialist-hr59377,Accounts Payable Specialist - (HR59377),pt_user_fname,text,First Name,False,First Name,,"[name=""pt_user_fname""]"
accounts-payable-specialist-hr59377,Accounts Payable Specialist - (HR59377),pt_user_lname,text,Last Name,False,Last Name,,"[name=""pt_user_lname""]"
accounts-payable-specialist-hr59377,Accounts Payable Specialist - (HR59377),user_email,text,Email Address,False,Email Address,,"[name=""user_email""]"
accounts-payable-specialist-hr59377,Accounts Payable Specialist - (HR59377),user_phone,tel,Phone Number,False,Phone Number,,#pt_user_phone_115581363
accounts-payable-specialist-hr59377,Accounts Payable Specialist - (HR59377),user_job_title,text,Current Job Title,False,Current Job Title,,"[name=""user_job_title""]"
accounts-payable-specialist-hr59377,Accounts Payable Specialist - (HR59377),user_salary,text,Current Salary,False,Current Salary,,"[name=""user_salary""]"
accounts-payable-specialist-hr59377,Accounts Payable Specialist - (HR59377),academic-level,select,Academic Level,False,Academic Level,,"[name=""academic-level""]"
accounts-payable-specialist-hr59377,Accounts Payable Specialist - (HR59377),Age,select,Age,False,Age,,"[name=""Age""]"
accounts-payable-specialist-hr59377,Accounts Payable Specialist - (HR59377),salary,text,salary,False,,,#salary55363
accounts-payable-specialist-hr59377,Accounts Payable Specialist - (HR59377),gender,select,Gender,False,Gender,,"[name=""gender""]"
accounts-payable-specialist-hr59377,Accounts Payable Specialist - (HR59377),industry,select,Industry,False,Industry,,"[name=""industry""]"
accounts-payable-specialist-hr59377,Accounts Payable Specialist - (HR59377),cand_woutreg_cv_file,file,cand_woutreg_cv_file,False,,,#cand_cv_filefield
accounts-payable-specialist-hr59377,Accounts Payable Specialist - (HR59377),cand_cover_letter,textarea,Cover Letter,False,Cover Letter,,"[name=""cand_cover_letter""]"
accounts-payable-specialist-hr59377,Accounts Payable Specialist - (HR59377),candidate_apply_cover,file,candidate_apply_cover,False,,,"[name=""candidate_apply_cover""]"
accounts-payable-specialist-hr59377,Accounts Payable Specialist - (HR59377),job_id,hidden,job_id,False,,,"[name=""job_id""]"
accounts-payable-specialist-hr59377,Accounts Payable Specialist - (HR59377),terms_cond_check,checkbox,terms_cond_check,False,,,"[name=""terms_cond_check""]"
technical-support-specialist-hr67296,Technical Support Specialist - (HR67296),pt_user_fname,text,First Name,False,First Name,,"[name=""pt_user_fname""]"
technical-support-specialist-hr67296,Technical Support Specialist - (HR67296),pt_user_lname,text,Last Name,False,Last Name,,"[name=""pt_user_lname""]"
technical-support-specialist-hr67296,Technical Support Specialist - (HR67296),user_email,text,Email Address,False,Email Address,,"[name=""user_email""]"
technical-support-specialist-hr67296,Technical Support Specialist - (HR67296),user_phone,tel,Phone Number,False,Phone Number,,#pt_user_phone_422532675
technical-support-specialist-hr67296,Technical Support Specialist - (HR67296),user_job_title,text,Current Job Title,False,Current Job Title,,"[name=""user_job_title""]"
technical-support-specialist-hr67296,Technical Support Specialist - (HR67296),user_salary,text,Current Salary,False,Current Salary,,"[name=""user_salary""]"
technical-support-specialist-hr67296,Technical Support Specialist - (HR67296),academic-level,select,Academic Level,False,Academic Level,,"[name=""academic-level""]"
technical-support-specialist-hr67296,Technical Support Specialist - (HR67296),Age,select,Age,False,Age,,"[name=""Age""]"
technical-support-specialist-hr67296,Technical Support Specialist - (HR67296),salary,text,salary,False,,,#salary2362
technical-support-specialist-hr67296,Technical Support Specialist - (HR67296),gender,select,Gender,False,Gender,,"[name=""gender""]"
technical-support-specialist-hr67296,Technical Support Specialist - (HR67296),industry,select,Industry,False,Industry,,"[name=""industry""]"
technical-support-specialist-hr67296,Technical Support Specialist - (HR67296),cand_woutreg_cv_file,file,cand_woutreg_cv_file,False,,,#cand_cv_filefield
technical-support-specialist-hr67296,Technical Support Specialist - (HR67296),cand_cover_letter,textarea,Cover Letter,False,Cover Letter,,"[name=""cand_cover_letter""]"
technical-support-specialist-hr67296,Technical Support Specialist - (HR67296),candidate_apply_cover,file,candidate_apply_cover,False,,,"[name=""candidate_apply_cover""]"
technical-support-specialist-hr67296,Technical Support Specialist - (HR67296),job_id,hidden,job_id,False,,,"[name=""job_id""]"
technical-support-specialist-hr67296,Technical Support Specialist - (HR67296),terms_cond_check,checkbox,terms_cond_check,False,,,"[name=""terms_cond_check""]"
finance-admin-operations-manager-hr91053,Finance & Admin Operations Manager - (HR91053),pt_user_fname,text,First Name,False,First Name,,"[name=""pt_user_fname""]"
finance-admin-operations-manager-hr91053,Finance & Admin Operations Manager - (HR91053),pt_user_lname,text,Last Name,False,Last Name,,"[name=""pt_user_lname""]"
finance-admin-operations-manager-hr91053,Finance & Admin Operations Manager - (HR91053),user_email,text,Email Address,False,Email Address,,"[name=""user_email""]"
finance-admin-operations-manager-hr91053,Finance & Admin Operations Manager - (HR91053),user_phone,tel,Phone Number,False,Phone Number,,#pt_user_phone_759500002
finance-admin-operations-manager-hr91053,Finance & Admin Operations Manager - (HR91053),user_job_title,text,Current Job Title,False,Current Job Title,,"[name=""user_job_title""]"
finance-admin-operations-manager-hr91053,Finance & Admin Operations Manager - (HR91053),user_salary,text,Current Salary,False,Current Salary,,"[name=""user_salary""]"
finance-admin-operations-manager-hr91053,Finance & Admin Operations Manager - (HR91053),academic-level,select,Academic Level,False,Academic Level,,"[name=""academic-level""]"
finance-admin-operations-manager-hr91053,Finance & Admin Operations Manager - (HR91053),Age,select,Age,False,Age,,"[name=""Age""]"
finance-admin-operations-manager-hr91053,Finance & Admin Operations Manager - (HR91053),salary,text,salary,False,,,#salary72558
finance-admin-operations-manager-hr91053,Finance & Admin Operations Manager - (HR91053),gender,select,Gender,False,Gender,,"[name=""gender""]"
finance-admin-operations-manager-hr91053,Finance & Admin Operations Manager - (HR91053),industry,select,Industry,False,Industry,,"[name=""industry""]"
finance-admin-operations-manager-hr91053,Finance & Admin Operations Manager - (HR91053),cand_woutreg_cv_file,file,cand_woutreg_cv_file,False,,,#cand_cv_filefield
finance-admin-operations-manager-hr91053,Finance & Admin Operations Manager - (HR91053),cand_cover_letter,textarea,Cover Letter,False,Cover Letter,,"[name=""cand_cover_letter""]"
finance-admin-operations-manager-hr91053,Finance & Admin Operations Manager - (HR91053),candidate_apply_cover,file,candidate_apply_cover,False,,,"[name=""candidate_apply_cover""]"
finance-admin-operations-manager-hr91053,Finance & Admin Operations Manager - (HR91053),job_id,hidden,job_id,False,,,"[name=""job_id""]"
finance-admin-operations-manager-hr91053,Finance & Admin Operations Manager - (HR91053),terms_cond_check,checkbox,terms_cond_check,False,,,"[name=""terms_cond_check""]"
senior-system-engineer-wg14192,Senior System Engineer - (WG14192),pt_user_fname,text,First Name,False,First Name,,"[name=""pt_user_fname""]"
senior-system-engineer-wg14192,Senior System Engineer - (WG14192),pt_user_lname,text,Last Name,False,Last Name,,"[name=""pt_user_lname""]"
senior-system-engineer-wg14192,Senior System Engineer - (WG14192),user_email,text,Email Address,False,Email Address,,"[name=""user_email""]"
senior-system-engineer-wg14192,Senior System Engineer - (WG14192),user_phone,tel,Phone Number,False,Phone Number,,#pt_user_phone_464194946
senior-system-engineer-wg14192,Senior System Engineer - (WG14192),user_job_title,text,Current Job Title,False,Current Job Title,,"[name=""user_job_title""]"
senior-system-engineer-wg14192,Senior System Engineer - (WG14192),user_salary,text,Current Salary,False,Current Salary,,"[name=""user_salary""]"
senior-system-engineer-wg14192,Senior System Engineer - (WG14192),academic-level,select,Academic Level,False,Academic Level,,"[name=""academic-level""]"
senior-system-engineer-wg14192,Senior System Engineer - (WG14192),Age,select,Age,False,Age,,"[name=""Age""]"
senior-system-engineer-wg14192,Senior System Engineer - (WG14192),salary,text,salary,False,,,#salary38784
senior-system-engineer-wg14192,Senior System Engineer - (WG14192),gender,select,Gender,False,Gender,,"[name=""gender""]"
senior-system-engineer-wg14192,Senior System Engineer - (WG14192),industry,select,Industry,False,Industry,,"[name=""industry""]"
senior-system-engineer-wg14192,Senior System Engineer - (WG14192),cand_woutreg_cv_file,file,cand_woutreg_cv_file,False,,,#cand_cv_filefield
senior-system-engineer-wg14192,Senior System Engineer - (WG14192),cand_cover_letter,textarea,Cover Letter,False,Cover Letter,,"[name=""cand_cover_letter""]"
senior-system-engineer-wg14192,Senior System Engineer - (WG14192),candidate_apply_cover,file,candidate_apply_cover,False,,,"[name=""candidate_apply_cover""]"
senior-system-engineer-wg14192,Senior System Engineer - (WG14192),job_id,hidden,job_id,False,,,"[name=""job_id""]"
senior-system-engineer-wg14192,Senior System Engineer - (WG14192),terms_cond_check,checkbox,terms_cond_check,False,,,"[name=""terms_cond_check""]"
staff-accountant-mortgage-lending-hr84782,Staff Accountant - Mortgage Lending - (HR84782),pt_user_fname,text,First Name,False,First Name,,"[name=""pt_user_fname""]"
staff-accountant-mortgage-lending-hr84782,Staff Accountant - Mortgage Lending - (HR84782),pt_user_lname,text,Last Name,False,Last Name,,"[name=""pt_user_lname""]"
staff-accountant-mortgage-lending-hr84782,Staff Accountant - Mortgage Lending - (HR84782),user_email,text,Email Address,False,Email Address,,"[name=""user_email""]"
staff-accountant-mortgage-lending-hr84782,Staff Accountant - Mortgage Lending - (HR84782),user_phone,tel,Phone Number,False,Phone Number,,#pt_user_phone_976288295
staff-accountant-mortgage-lending-hr84782,Staff Accountant - Mortgage Lending - (HR84782),user_job_title,text,Current Job Title,False,Current Job Title,,"[name=""user_job_title""]"
staff-accountant-mortgage-lending-hr84782,Staff Accountant - Mortgage Lending - (HR84782),user_salary,text,Current Salary,False,Current Salary,,"[name=""user_salary""]"
staff-accountant-mortgage-lending-hr84782,Staff Accountant - Mortgage Lending - (HR84782),academic-level,select,Academic Level,False,Academic Level,,"[name=""academic-level""]"
staff-accountant-mortgage-lending-hr84782,Staff Accountant - Mortgage Lending - (HR84782),Age,select,Age,False,Age,,"[name=""Age""]"
staff-accountant-mortgage-lending-hr84782,Staff Accountant - Mortgage Lending - (HR84782),salary,text,salary,False,,,#salary118461
staff-accountant-mortgage-lending-hr84782,Staff Accountant - Mortgage Lending - (HR84782),gender,select,Gender,False,Gender,,"[name=""gender""]"
staff-accountant-mortgage-lending-hr84782,Staff Accountant - Mortgage Lending - (HR84782),industry,select,Industry,False,Industry,,"[name=""industry""]"
staff-accountant-mortgage-lending-hr84782,Staff Accountant - Mortgage Lending - (HR84782),cand_woutreg_cv_file,file,cand_woutreg_cv_file,False,,,#cand_cv_filefield
staff-accountant-mortgage-lending-hr84782,Staff Accountant - Mortgage Lending - (HR84782),cand_cover_letter,textarea,Cover Letter,False,Cover Letter,,"[name=""cand_cover_letter""]"
staff-accountant-mortgage-lending-hr84782,Staff Accountant - Mortgage Lending - (HR84782),candidate_apply_cover,file,candidate_apply_cover,False,,,"[name=""candidate_apply_cover""]"
staff-accountant-mortgage-lending-hr84782,Staff Accountant - Mortgage Lending - (HR84782),job_id,hidden,job_id,False,,,"[name=""job_id""]"
staff-accountant-mortgage-lending-hr84782,Staff Accountant - Mortgage Lending - (HR84782),terms_cond_check,checkbox,terms_cond_check,False,,,"[name=""terms_cond_check""]"
office-manager-hr35620,Office Manager - (HR35620),pt_user_fname,text,First Name,False,First Name,,"[name=""pt_user_fname""]"
office-manager-hr35620,Office Manager - (HR35620),pt_user_lname,text,Last Name,False,Last Name,,"[name=""pt_user_lname""]"
office-manager-hr35620,Office Manager - (HR35620),user_email,text,Email Address,False,Email Address,,"[name=""user_email""]"
office-manager-hr35620,Office Manager - (HR35620),user_phone,tel,Phone Number,False,Phone Number,,#pt_user_phone_634750283
office-manager-hr35620,Office Manager - (HR35620),user_job_title,text,Current Job Title,False,Current Job Title,,"[name=""user_job_title""]"
office-manager-hr35620,Office Manager - (HR35620),user_salary,text,Current Salary,False,Current Salary,,"[name=""user_salary""]"
office-manager-hr35620,Office Manager - (HR35620),academic-level,select,Academic Level,False,Academic Level,,"[name=""academic-level""]"
office-manager-hr35620,Office Manager - (HR35620),Age,select,Age,False,Age,,"[name=""Age""]"
office-manager-hr35620,Office Manager - (HR35620),salary,text,salary,False,,,#salary92685
office-manager-hr35620,Office Manager - (HR35620),gender,select,Gender,False,Gender,,"[name=""gender""]"
office-manager-hr35620,Office Manager - (HR35620),industry,select,Industry,False,Industry,,"[name=""industry""]"
office-manager-hr35620,Office Manager - (HR35620),cand_woutreg_cv_file,file,cand_woutreg_cv_file,False,,,#cand_cv_filefield
office-manager-hr35620,Office Manager - (HR35620),cand_cover_letter,textarea,Cover Letter,False,Cover Letter,,"[name=""cand_cover_letter""]"
office-manager-hr35620,Office Manager - (HR35620),candidate_apply_cover,file,candidate_apply_cover,False,,,"[name=""candidate_apply_cover""]"
office-manager-hr35620,Office Manager - (HR35620),job_id,hidden,job_id,False,,,"[name=""job_id""]"
office-manager-hr35620,Office Manager - (HR35620),terms_cond_check,checkbox,terms_cond_check,False,,,"[name=""terms_cond_check""]"
construction-accountant-hr80480,Construction Accountant - (HR80480),pt_user_fname,text,First Name,False,First Name,,"[name=""pt_user_fname""]"
construction-accountant-hr80480,Construction Accountant - (HR80480),pt_user_lname,text,Last Name,False,Last Name,,"[name=""pt_user_lname""]"
construction-accountant-hr80480,Construction Accountant - (HR80480),user_email,text,Email Address,False,Email Address,,"[name=""user_email""]"
construction-accountant-hr80480,Construction Accountant - (HR80480),user_phone,tel,Phone Number,False,Phone Number,,#pt_user_phone_686078836
construction-accountant-hr80480,Construction Accountant - (HR80480),user_job_title,text,Current Job Title,False,Current Job Title,,"[name=""user_job_title""]"
construction-accountant-hr80480,Construction Accountant - (HR80480),user_salary,text,Current Salary,False,Current Salary,,"[name=""user_salary""]"
construction-accountant-hr80480,Construction Accountant - (HR80480),academic-level,select,Academic Level,False,Academic Level,,"[name=""academic-level""]"
construction-accountant-hr80480,Construction Accountant - (HR80480),Age,select,Age,False,Age,,"[name=""Age""]"
construction-accountant-hr80480,Construction Accountant - (HR80480),salary,text,salary,False,,,#salary55847
construction-accountant-hr80480,Construction Accountant - (HR80480),gender,select,Gender,False,Gender,,"[name=""gender""]"
construction-accountant-hr80480,Construction Accountant - (HR80480),industry,select,Industry,False,Industry,,"[name=""industry""]"
construction-accountant-hr80480,Construction Accountant - (HR80480),cand_woutreg_cv_file,file,cand_woutreg_cv_file,False,,,#cand_cv_filefield
construction-accountant-hr80480,Construction Accountant - (HR80480),cand_cover_letter,textarea,Cover Letter,False,Cover Letter,,"[name=""cand_cover_letter""]"
construction-accountant-hr80480,Construction Accountant - (HR80480),candidate_apply_cover,file,candidate_apply_cover,False,,,"[name=""candidate_apply_cover""]"
construction-accountant-hr80480,Construction Accountant - (HR80480),job_id,hidden,job_id,False,,,"[name=""job_id""]"
construction-accountant-hr80480,Construction Accountant - (HR80480),terms_cond_check,checkbox,terms_cond_check,False,,,"[name=""terms_cond_check""]"
customer-service-booking-specialist-hr75536,Customer Service & Booking Specialist - (HR75536),pt_user_fname,text,First Name,False,First Name,,"[name=""pt_user_fname""]"
customer-service-booking-specialist-hr75536,Customer Service & Booking Specialist - (HR75536),pt_user_lname,text,Last Name,False,Last Name,,"[name=""pt_user_lname""]"
customer-service-booking-specialist-hr75536,Customer Service & Booking Specialist - (HR75536),user_email,text,Email Address,False,Email Address,,"[name=""user_email""]"
customer-service-booking-specialist-hr75536,Customer Service & Booking Specialist - (HR75536),user_phone,tel,Phone Number,False,Phone Number,,#pt_user_phone_479980212
customer-service-booking-specialist-hr75536,Customer Service & Booking Specialist - (HR75536),user_job_title,text,Current Job Title,False,Current Job Title,,"[name=""user_job_title""]"
customer-service-booking-specialist-hr75536,Customer Service & Booking Specialist - (HR75536),user_salary,text,Current Salary,False,Current Salary,,"[name=""user_salary""]"
customer-service-booking-specialist-hr75536,Customer Service & Booking Specialist - (HR75536),academic-level,select,Academic Level,False,Academic Level,,"[name=""academic-level""]"
customer-service-booking-specialist-hr75536,Customer Service & Booking Specialist - (HR75536),Age,select,Age,False,Age,,"[name=""Age""]"
customer-service-booking-specialist-hr75536,Customer Service & Booking Specialist - (HR75536),salary,text,salary,False,,,#salary50788
customer-service-booking-specialist-hr75536,Customer Service & Booking Specialist - (HR75536),gender,select,Gender,False,Gender,,"[name=""gender""]"
customer-service-booking-specialist-hr75536,Customer Service & Booking Specialist - (HR75536),industry,select,Industry,False,Industry,,"[name=""industry""]"
customer-service-booking-specialist-hr75536,Customer Service & Booking Specialist - (HR75536),cand_woutreg_cv_file,file,cand_woutreg_cv_file,False,,,#cand_cv_filefield
customer-service-booking-specialist-hr75536,Customer Service & Booking Specialist - (HR75536),cand_cover_letter,textarea,Cover Letter,False,Cover Letter,,"[name=""cand_cover_letter""]"
customer-service-booking-specialist-hr75536,Customer Service & Booking Specialist - (HR75536),candidate_apply_cover,file,candidate_apply_cover,False,,,"[name=""candidate_apply_cover""]"
customer-service-booking-specialist-hr75536,Customer Service & Booking Specialist - (HR75536),job_id,hidden,job_id,False,,,"[name=""job_id""]"
customer-service-booking-specialist-hr75536,Customer Service & Booking Specialist - (HR75536),terms_cond_check,checkbox,terms_cond_check,False,,,"[name=""terms_cond_check""]"
inside-sales-representative-hr50131,Inside Sales Representative - (HR50131),pt_user_fname,text,First Name,False,First Name,,"[name=""pt_user_fname""]"
inside-sales-representative-hr50131,Inside Sales Representative - (HR50131),pt_user_lname,text,Last Name,False,Last Name,,"[name=""pt_user_lname""]"
inside-sales-representative-hr50131,Inside Sales Representative - (HR50131),user_email,text,Email Address,False,Email Address,,"[name=""user_email""]"
inside-sales-representative-hr50131,Inside Sales Representative - (HR50131),user_phone,tel,Phone Number,False,Phone Number,,#pt_user_phone_446846438
inside-sales-representative-hr50131,Inside Sales Representative - (HR50131),user_job_title,text,Current Job Title,False,Current Job Title,,"[name=""user_job_title""]"
inside-sales-representative-hr50131,Inside Sales Representative - (HR50131),user_salary,text,Current Salary,False,Current Salary,,"[name=""user_salary""]"
inside-sales-representative-hr50131,Inside Sales Representative - (HR50131),academic-level,select,Academic Level,False,Academic Level,,"[name=""academic-level""]"
inside-sales-representative-hr50131,Inside Sales Representative - (HR50131),Age,select,Age,False,Age,,"[name=""Age""]"
inside-sales-representative-hr50131,Inside Sales Representative - (HR50131),salary,text,salary,False,,,#salary62064
inside-sales-representative-hr50131,Inside Sales Representative - (HR50131),gender,select,Gender,False,Gender,,"[name=""gender""]"
inside-sales-representative-hr50131,Inside Sales Representative - (HR50131),industry,select,Industry,False,Industry,,"[name=""industry""]"
inside-sales-representative-hr50131,Inside Sales Representative - (HR50131),cand_woutreg_cv_file,file,cand_woutreg_cv_file,False,,,#cand_cv_filefield
inside-sales-representative-hr50131,Inside Sales Representative - (HR50131),cand_cover_letter,textarea,Cover Letter,False,Cover Letter,,"[name=""cand_cover_letter""]"
inside-sales-representative-hr50131,Inside Sales Representative - (HR50131),candidate_apply_cover,file,candidate_apply_cover,False,,,"[name=""candidate_apply_cover""]"
inside-sales-representative-hr50131,Inside Sales Representative - (HR50131),job_id,hidden,job_id,False,,,"[name=""job_id""]"
inside-sales-representative-hr50131,Inside Sales Representative - (HR50131),terms_cond_check,checkbox,terms_cond_check,False,,,"[name=""terms_cond_check""]"
marketing-operations-campaigns-coordinator-hr37268,Marketing Operations & Campaigns Coordinator - (HR37268),pt_user_fname,text,First Name,False,First Name,,"[name=""pt_user_fname""]"
marketing-operations-campaigns-coordinator-hr37268,Marketing Operations & Campaigns Coordinator - (HR37268),pt_user_lname,text,Last Name,False,Last Name,,"[name=""pt_user_lname""]"
marketing-operations-campaigns-coordinator-hr37268,Marketing Operations & Campaigns Coordinator - (HR37268),user_email,text,Email Address,False,Email Address,,"[name=""user_email""]"
marketing-operations-campaigns-coordinator-hr37268,Marketing Operations & Campaigns Coordinator - (HR37268),user_phone,tel,Phone Number,False,Phone Number,,#pt_user_phone_499656622
marketing-operations-campaigns-coordinator-hr37268,Marketing Operations & Campaigns Coordinator - (HR37268),user_job_title,text,Current Job Title,False,Current Job Title,,"[name=""user_job_title""]"
marketing-operations-campaigns-coordinator-hr37268,Marketing Operations & Campaigns Coordinator - (HR37268),user_salary,text,Current Salary,False,Current Salary,,"[name=""user_salary""]"
marketing-operations-campaigns-coordinator-hr37268,Marketing Operations & Campaigns Coordinator - (HR37268),academic-level,select,Academic Level,False,Academic Level,,"[name=""academic-level""]"
marketing-operations-campaigns-coordinator-hr37268,Marketing Operations & Campaigns Coordinator - (HR37268),Age,select,Age,False,Age,,"[name=""Age""]"
marketing-operations-campaigns-coordinator-hr37268,Marketing Operations & Campaigns Coordinator - (HR37268),salary,text,salary,False,,,#salary42109
marketing-operations-campaigns-coordinator-hr37268,Marketing Operations & Campaigns Coordinator - (HR37268),gender,select,Gender,False,Gender,,"[name=""gender""]"
marketing-operations-campaigns-coordinator-hr37268,Marketing Operations & Campaigns Coordinator - (HR37268),industry,select,Industry,False,Industry,,"[name=""industry""]"
marketing-operations-campaigns-coordinator-hr37268,Marketing Operations & Campaigns Coordinator - (HR37268),cand_woutreg_cv_file,file,cand_woutreg_cv_file,False,,,#cand_cv_filefield
marketing-operations-campaigns-coordinator-hr37268,Marketing Operations & Campaigns Coordinator - (HR37268),cand_cover_letter,textarea,Cover Letter,False,Cover Letter,,"[name=""cand_cover_letter""]"
marketing-operations-campaigns-coordinator-hr37268,Marketing Operations & Campaigns Coordinator - (HR37268),candidate_apply_cover,file,candidate_apply_cover,False,,,"[name=""candidate_apply_cover""]"
marketing-operations-campaigns-coordinator-hr37268,Marketing Operations & Campaigns Coordinator - (HR37268),job_id,hidden,job_id,False,,,"[name=""job_id""]"
marketing-operations-campaigns-coordinator-hr37268,Marketing Operations & Campaigns Coordinator - (HR37268),terms_cond_check,checkbox,terms_cond_check,False,,,"[name=""terms_cond_check""]"
regional-operations-coordinator-hr61025,Regional Operations Coordinator - (HR61025),pt_user_fname,text,First Name,False,First Name,,"[name=""pt_user_fname""]"
regional-operations-coordinator-hr61025,Regional Operations Coordinator - (HR61025),pt_user_lname,text,Last Name,False,Last Name,,"[name=""pt_user_lname""]"
regional-operations-coordinator-hr61025,Regional Operations Coordinator - (HR61025),user_email,text,Email Address,False,Email Address,,"[name=""user_email""]"
regional-operations-coordinator-hr61025,Regional Operations Coordinator - (HR61025),user_phone,tel,Phone Number,False,Phone Number,,#pt_user_phone_618277902
regional-operations-coordinator-hr61025,Regional Operations Coordinator - (HR61025),user_job_title,text,Current Job Title,False,Current Job Title,,"[name=""user_job_title""]"
regional-operations-coordinator-hr61025,Regional Operations Coordinator - (HR61025),user_salary,text,Current Salary,False,Current Salary,,"[name=""user_salary""]"
regional-operations-coordinator-hr61025,Regional Operations Coordinator - (HR61025),academic-level,select,Academic Level,False,Academic Level,,"[name=""academic-level""]"
regional-operations-coordinator-hr61025,Regional Operations Coordinator - (HR61025),Age,select,Age,False,Age,,"[name=""Age""]"
regional-operations-coordinator-hr61025,Regional Operations Coordinator - (HR61025),salary,text,salary,False,,,#salary71864
regional-operations-coordinator-hr61025,Regional Operations Coordinator - (HR61025),gender,select,Gender,False,Gender,,"[name=""gender""]"
regional-operations-coordinator-hr61025,Regional Operations Coordinator - (HR61025),industry,select,Industry,False,Industry,,"[name=""industry""]"
regional-operations-coordinator-hr61025,Regional Operations Coordinator - (HR61025),cand_woutreg_cv_file,file,cand_woutreg_cv_file,False,,,#cand_cv_filefield
regional-operations-coordinator-hr61025,Regional Operations Coordinator - (HR61025),cand_cover_letter,textarea,Cover Letter,False,Cover Letter,,"[name=""cand_cover_letter""]"
regional-operations-coordinator-hr61025,Regional Operations Coordinator - (HR61025),candidate_apply_cover,file,candidate_apply_cover,False,,,"[name=""candidate_apply_cover""]"
regional-operations-coordinator-hr61025,Regional Operations Coordinator - (HR61025),job_id,hidden,job_id,False,,,"[name=""job_id""]"
regional-operations-coordinator-hr61025,Regional Operations Coordinator - (HR61025),terms_cond_check,checkbox,terms_cond_check,False,,,"[name=""terms_cond_check""]"
leasing-coordinator-phone-based-hr68944,Leasing Coordinator (Phone-Based) - (HR68944),pt_user_fname,text,First Name,False,First Name,,"[name=""pt_user_fname""]"
leasing-coordinator-phone-based-hr68944,Leasing Coordinator (Phone-Based) - (HR68944),pt_user_lname,text,Last Name,False,Last Name,,"[name=""pt_user_lname""]"
leasing-coordinator-phone-based-hr68944,Leasing Coordinator (Phone-Based) - (HR68944),user_email,text,Email Address,False,Email Address,,"[name=""user_email""]"
leasing-coordinator-phone-based-hr68944,Leasing Coordinator (Phone-Based) - (HR68944),user_phone,tel,Phone Number,False,Phone Number,,#pt_user_phone_144097208
leasing-coordinator-phone-based-hr68944,Leasing Coordinator (Phone-Based) - (HR68944),user_job_title,text,Current Job Title,False,Current Job Title,,"[name=""user_job_title""]"
leasing-coordinator-phone-based-hr68944,Leasing Coordinator (Phone-Based) - (HR68944),user_salary,text,Current Salary,False,Current Salary,,"[name=""user_salary""]"
leasing-coordinator-phone-based-hr68944,Leasing Coordinator (Phone-Based) - (HR68944),academic-level,select,Academic Level,False,Academic Level,,"[name=""academic-level""]"
leasing-coordinator-phone-based-hr68944,Leasing Coordinator (Phone-Based) - (HR68944),Age,select,Age,False,Age,,"[name=""Age""]"
leasing-coordinator-phone-based-hr68944,Leasing Coordinator (Phone-Based) - (HR68944),salary,text,salary,False,,,#salary32945
leasing-coordinator-phone-based-hr68944,Leasing Coordinator (Phone-Based) - (HR68944),gender,select,Gender,False,Gender,,"[name=""gender""]"
leasing-coordinator-phone-based-hr68944,Leasing Coordinator (Phone-Based) - (HR68944),industry,select,Industry,False,Industry,,"[name=""industry""]"
leasing-coordinator-phone-based-hr68944,Leasing Coordinator (Phone-Based) - (HR68944),cand_woutreg_cv_file,file,cand_woutreg_cv_file,False,,,#cand_cv_filefield
leasing-coordinator-phone-based-hr68944,Leasing Coordinator (Phone-Based) - (HR68944),cand_cover_letter,textarea,Cover Letter,False,Cover Letter,,"[name=""cand_cover_letter""]"
leasing-coordinator-phone-based-hr68944,Leasing Coordinator (Phone-Based) - (HR68944),candidate_apply_cover,file,candidate_apply_cover,False,,,"[name=""candidate_apply_cover""]"
leasing-coordinator-phone-based-hr68944,Leasing Coordinator (Phone-Based) - (HR68944),job_id,hidden,job_id,False,,,"[name=""job_id""]"
leasing-coordinator-phone-based-hr68944,Leasing Coordinator (Phone-Based) - (HR68944),terms_cond_check,checkbox,terms_cond_check,False,,,"[name=""terms_cond_check""]"
senior-it-systems-administrator-team-lead-hr51458,Senior IT Systems Administrator & Team Lead - (HR51458),pt_user_fname,text,First Name,False,First Name,,"[name=""pt_user_fname""]"
senior-it-systems-administrator-team-lead-hr51458,Senior IT Systems Administrator & Team Lead - (HR51458),pt_user_lname,text,Last Name,False,Last Name,,"[name=""pt_user_lname""]"
senior-it-systems-administrator-team-lead-hr51458,Senior IT Systems Administrator & Team Lead - (HR51458),user_email,text,Email Address,False,Email Address,,"[name=""user_email""]"
senior-it-systems-administrator-team-lead-hr51458,Senior IT Systems Administrator & Team Lead - (HR51458),user_phone,tel,Phone Number,False,Phone Number,,#pt_user_phone_315436192
senior-it-systems-administrator-team-lead-hr51458,Senior IT Systems Administrator & Team Lead - (HR51458),user_job_title,text,Current Job Title,False,Current Job Title,,"[name=""user_job_title""]"
senior-it-systems-administrator-team-lead-hr51458,Senior IT Systems Administrator & Team Lead - (HR51458),user_salary,text,Current Salary,False,Current Salary,,"[name=""user_salary""]"
senior-it-systems-administrator-team-lead-hr51458,Senior IT Systems Administrator & Team Lead - (HR51458),academic-level,select,Academic Level,False,Academic Level,,"[name=""academic-level""]"
senior-it-systems-administrator-team-lead-hr51458,Senior IT Systems Administrator & Team Lead - (HR51458),Age,select,Age,False,Age,,"[name=""Age""]"
senior-it-systems-administrator-team-lead-hr51458,Senior IT Systems Administrator & Team Lead - (HR51458),salary,text,salary,False,,,#salary110650
senior-it-systems-administrator-team-lead-hr51458,Senior IT Systems Administrator & Team Lead - (HR51458),gender,select,Gender,False,Gender,,"[name=""gender""]"
senior-it-systems-administrator-team-lead-hr51458,Senior IT Systems Administrator & Team Lead - (HR51458),industry,select,Industry,False,Industry,,"[name=""industry""]"
senior-it-systems-administrator-team-lead-hr51458,Senior IT Systems Administrator & Team Lead - (HR51458),cand_woutreg_cv_file,file,cand_woutreg_cv_file,False,,,#cand_cv_filefield
senior-it-systems-administrator-team-lead-hr51458,Senior IT Systems Administrator & Team Lead - (HR51458),cand_cover_letter,textarea,Cover Letter,False,Cover Letter,,"[name=""cand_cover_letter""]"
senior-it-systems-administrator-team-lead-hr51458,Senior IT Systems Administrator & Team Lead - (HR51458),candidate_apply_cover,file,candidate_apply_cover,False,,,"[name=""candidate_apply_cover""]"
senior-it-systems-administrator-team-lead-hr51458,Senior IT Systems Administrator & Team Lead - (HR51458),job_id,hidden,job_id,False,,,"[name=""job_id""]"
senior-it-systems-administrator-team-lead-hr51458,Senior IT Systems Administrator & Team Lead - (HR51458),terms_cond_check,checkbox,terms_cond_check,False,,,"[name=""terms_cond_check""]"
graphic-production-designer-hr91695,Graphic & Production Designer - (HR91695),pt_user_fname,text,First Name,False,First Name,,"[name=""pt_user_fname""]"
graphic-production-designer-hr91695,Graphic & Production Designer - (HR91695),pt_user_lname,text,Last Name,False,Last Name,,"[name=""pt_user_lname""]"
graphic-production-designer-hr91695,Graphic & Production Designer - (HR91695),user_email,text,Email Address,False,Email Address,,"[name=""user_email""]"
graphic-production-designer-hr91695,Graphic & Production Designer - (HR91695),user_phone,tel,Phone Number,False,Phone Number,,#pt_user_phone_271489558
graphic-production-designer-hr91695,Graphic & Production Designer - (HR91695),user_job_title,text,Current Job Title,False,Current Job Title,,"[name=""user_job_title""]"
graphic-production-designer-hr91695,Graphic & Production Designer - (HR91695),user_salary,text,Current Salary,False,Current Salary,,"[name=""user_salary""]"
graphic-production-designer-hr91695,Graphic & Production Designer - (HR91695),academic-level,select,Academic Level,False,Academic Level,,"[name=""academic-level""]"
graphic-production-designer-hr91695,Graphic & Production Designer - (HR91695),Age,select,Age,False,Age,,"[name=""Age""]"
graphic-production-designer-hr91695,Graphic & Production Designer - (HR91695),salary,text,salary,False,,,#salary61436
graphic-production-designer-hr91695,Graphic & Production Designer - (HR91695),gender,select,Gender,False,Gender,,"[name=""gender""]"
graphic-production-designer-hr91695,Graphic & Production Designer - (HR91695),industry,select,Industry,False,Industry,,"[name=""industry""]"
graphic-production-designer-hr91695,Graphic & Production Designer - (HR91695),cand_woutreg_cv_file,file,cand_woutreg_cv_file,False,,,#cand_cv_filefield
graphic-production-designer-hr91695,Graphic & Production Designer - (HR91695),cand_cover_letter,textarea,Cover Letter,False,Cover Letter,,"[name=""cand_cover_letter""]"
graphic-production-designer-hr91695,Graphic & Production Designer - (HR91695),candidate_apply_cover,file,candidate_apply_cover,False,,,"[name=""candidate_apply_cover""]"
graphic-production-designer-hr91695,Graphic & Production Designer - (HR91695),job_id,hidden,job_id,False,,,"[name=""job_id""]"
graphic-production-designer-hr91695,Graphic & Production Designer - (HR91695),terms_cond_check,checkbox,terms_cond_check,False,,,"[name=""terms_cond_check""]"
outbound-scheduling-sales-specialist-hr88078,Outbound Scheduling & Sales Specialist - (HR88078),pt_user_fname,text,First Name,False,First Name,,"[name=""pt_user_fname""]"
outbound-scheduling-sales-specialist-hr88078,Outbound Scheduling & Sales Specialist - (HR88078),pt_user_lname,text,Last Name,False,Last Name,,"[name=""pt_user_lname""]"
outbound-scheduling-sales-specialist-hr88078,Outbound Scheduling & Sales Specialist - (HR88078),user_email,text,Email Address,False,Email Address,,"[name=""user_email""]"
outbound-scheduling-sales-specialist-hr88078,Outbound Scheduling & Sales Specialist - (HR88078),user_phone,tel,Phone Number,False,Phone Number,,#pt_user_phone_606059817
outbound-scheduling-sales-specialist-hr88078,Outbound Scheduling & Sales Specialist - (HR88078),user_job_title,text,Current Job Title,False,Current Job Title,,"[name=""user_job_title""]"
outbound-scheduling-sales-specialist-hr88078,Outbound Scheduling & Sales Specialist - (HR88078),user_salary,text,Current Salary,False,Current Salary,,"[name=""user_salary""]"
outbound-scheduling-sales-specialist-hr88078,Outbound Scheduling & Sales Specialist - (HR88078),academic-level,select,Academic Level,False,Academic Level,,"[name=""academic-level""]"
outbound-scheduling-sales-specialist-hr88078,Outbound Scheduling & Sales Specialist - (HR88078),Age,select,Age,False,Age,,"[name=""Age""]"
outbound-scheduling-sales-specialist-hr88078,Outbound Scheduling & Sales Specialist - (HR88078),salary,text,salary,False,,,#salary17251
outbound-scheduling-sales-specialist-hr88078,Outbound Scheduling & Sales Specialist - (HR88078),gender,select,Gender,False,Gender,,"[name=""gender""]"
outbound-scheduling-sales-specialist-hr88078,Outbound Scheduling & Sales Specialist - (HR88078),industry,select,Industry,False,Industry,,"[name=""industry""]"
outbound-scheduling-sales-specialist-hr88078,Outbound Scheduling & Sales Specialist - (HR88078),cand_woutreg_cv_file,file,cand_woutreg_cv_file,False,,,#cand_cv_filefield
outbound-scheduling-sales-specialist-hr88078,Outbound Scheduling & Sales Specialist - (HR88078),cand_cover_letter,textarea,Cover Letter,False,Cover Letter,,"[name=""cand_cover_letter""]"
outbound-scheduling-sales-specialist-hr88078,Outbound Scheduling & Sales Specialist - (HR88078),candidate_apply_cover,file,candidate_apply_cover,False,,,"[name=""candidate_apply_cover""]"
outbound-scheduling-sales-specialist-hr88078,Outbound Scheduling & Sales Specialist - (HR88078),job_id,hidden,job_id,False,,,"[name=""job_id""]"
outbound-scheduling-sales-specialist-hr88078,Outbound Scheduling & Sales Specialist - (HR88078),terms_cond_check,checkbox,terms_cond_check,False,,,"[name=""terms_cond_check""]"
operations-support-coordinator-hr72240,Operations Support Coordinator - (HR72240),pt_user_fname,text,First Name,False,First Name,,"[name=""pt_user_fname""]"
operations-support-coordinator-hr72240,Operations Support Coordinator - (HR72240),pt_user_lname,text,Last Name,False,Last Name,,"[name=""pt_user_lname""]"
operations-support-coordinator-hr72240,Operations Support Coordinator - (HR72240),user_email,text,Email Address,False,Email Address,,"[name=""user_email""]"
operations-support-coordinator-hr72240,Operations Support Coordinator - (HR72240),user_phone,tel,Phone Number,False,Phone Number,,#pt_user_phone_183290797
operations-support-coordinator-hr72240,Operations Support Coordinator - (HR72240),user_job_title,text,Current Job Title,False,Current Job Title,,"[name=""user_job_title""]"
operations-support-coordinator-hr72240,Operations Support Coordinator - (HR72240),user_salary,text,Current Salary,False,Current Salary,,"[name=""user_salary""]"
operations-support-coordinator-hr72240,Operations Support Coordinator - (HR72240),academic-level,select,Academic Level,False,Academic Level,,"[name=""academic-level""]"
operations-support-coordinator-hr72240,Operations Support Coordinator - (HR72240),Age,select,Age,False,Age,,"[name=""Age""]"
operations-support-coordinator-hr72240,Operations Support Coordinator - (HR72240),salary,text,salary,False,,,#salary112600
operations-support-coordinator-hr72240,Operations Support Coordinator - (HR72240),gender,select,Gender,False,Gender,,"[name=""gender""]"
operations-support-coordinator-hr72240,Operations Support Coordinator - (HR72240),industry,select,Industry,False,Industry,,"[name=""industry""]"
operations-support-coordinator-hr72240,Operations Support Coordinator - (HR72240),cand_woutreg_cv_file,file,cand_woutreg_cv_file,False,,,#cand_cv_filefield
operations-support-coordinator-hr72240,Operations Support Coordinator - (HR72240),cand_cover_letter,textarea,Cover Letter,False,Cover Letter,,"[name=""cand_cover_letter""]"
operations-support-coordinator-hr72240,Operations Support Coordinator - (HR72240),candidate_apply_cover,file,candidate_apply_cover,False,,,"[name=""candidate_apply_cover""]"
operations-support-coordinator-hr72240,Operations Support Coordinator - (HR72240),job_id,hidden,job_id,False,,,"[name=""job_id""]"
operations-support-coordinator-hr72240,Operations Support Coordinator - (HR72240),terms_cond_check,checkbox,terms_cond_check,False,,,"[name=""terms_cond_check""]"
junior-procurement-analyst-hr73888,Junior Procurement Analyst - (HR73888),pt_user_fname,text,First Name,False,First Name,,"[name=""pt_user_fname""]"
junior-procurement-analyst-hr73888,Junior Procurement Analyst - (HR73888),pt_user_lname,text,Last Name,False,Last Name,,"[name=""pt_user_lname""]"
junior-procurement-analyst-hr73888,Junior Procurement Analyst - (HR73888),user_email,text,Email Address,False,Email Address,,"[name=""user_email""]"
junior-procurement-analyst-hr73888,Junior Procurement Analyst - (HR73888),user_phone,tel,Phone Number,False,Phone Number,,#pt_user_phone_365964875
junior-procurement-analyst-hr73888,Junior Procurement Analyst - (HR73888),user_job_title,text,Current Job Title,False,Current Job Title,,"[name=""user_job_title""]"
junior-procurement-analyst-hr73888,Junior Procurement Analyst - (HR73888),user_salary,text,Current Salary,False,Current Salary,,"[name=""user_salary""]"
junior-procurement-analyst-hr73888,Junior Procurement Analyst - (HR73888),academic-level,select,Academic Level,False,Academic Level,,"[name=""academic-level""]"
junior-procurement-analyst-hr73888,Junior Procurement Analyst - (HR73888),Age,select,Age,False,Age,,"[name=""Age""]"
junior-procurement-analyst-hr73888,Junior Procurement Analyst - (HR73888),salary,text,salary,False,,,#salary123361
junior-procurement-analyst-hr73888,Junior Procurement Analyst - (HR73888),gender,select,Gender,False,Gender,,"[name=""gender""]"
junior-procurement-analyst-hr73888,Junior Procurement Analyst - (HR73888),industry,select,Industry,False,Industry,,"[name=""industry""]"
junior-procurement-analyst-hr73888,Junior Procurement Analyst - (HR73888),cand_woutreg_cv_file,file,cand_woutreg_cv_file,False,,,#cand_cv_filefield
junior-procurement-analyst-hr73888,Junior Procurement Analyst - (HR73888),cand_cover_letter,textarea,Cover Letter,False,Cover Letter,,"[name=""cand_cover_letter""]"
junior-procurement-analyst-hr73888,Junior Procurement Analyst - (HR73888),candidate_apply_cover,file,candidate_apply_cover,False,,,"[name=""candidate_apply_cover""]"
junior-procurement-analyst-hr73888,Junior Procurement Analyst - (HR73888),job_id,hidden,job_id,False,,,"[name=""job_id""]"
junior-procurement-analyst-hr73888,Junior Procurement Analyst - (HR73888),terms_cond_check,checkbox,terms_cond_check,False,,,"[name=""terms_cond_check""]"
client-partner-customer-success-hr56402,Client Partner (Customer Success) - (HR56402),pt_user_fname,text,First Name,False,First Name,,"[name=""pt_user_fname""]"
client-partner-customer-success-hr56402,Client Partner (Customer Success) - (HR56402),pt_user_lname,text,Last Name,False,Last Name,,"[name=""pt_user_lname""]"
client-partner-customer-success-hr56402,Client Partner (Customer Success) - (HR56402),user_email,text,Email Address,False,Email Address,,"[name=""user_email""]"
client-partner-customer-success-hr56402,Client Partner (Customer Success) - (HR56402),user_phone,tel,Phone Number,False,Phone Number,,#pt_user_phone_372564240
client-partner-customer-success-hr56402,Client Partner (Customer Success) - (HR56402),user_job_title,text,Current Job Title,False,Current Job Title,,"[name=""user_job_title""]"
client-partner-customer-success-hr56402,Client Partner (Customer Success) - (HR56402),user_salary,text,Current Salary,False,Current Salary,,"[name=""user_salary""]"
client-partner-customer-success-hr56402,Client Partner (Customer Success) - (HR56402),academic-level,select,Academic Level,False,Academic Level,,"[name=""academic-level""]"
client-partner-customer-success-hr56402,Client Partner (Customer Success) - (HR56402),Age,select,Age,False,Age,,"[name=""Age""]"
client-partner-customer-success-hr56402,Client Partner (Customer Success) - (HR56402),salary,text,salary,False,,,#salary17262
client-partner-customer-success-hr56402,Client Partner (Customer Success) - (HR56402),gender,select,Gender,False,Gender,,"[name=""gender""]"
client-partner-customer-success-hr56402,Client Partner (Customer Success) - (HR56402),industry,select,Industry,False,Industry,,"[name=""industry""]"
client-partner-customer-success-hr56402,Client Partner (Customer Success) - (HR56402),cand_woutreg_cv_file,file,cand_woutreg_cv_file,False,,,#cand_cv_filefield
client-partner-customer-success-hr56402,Client Partner (Customer Success) - (HR56402),cand_cover_letter,textarea,Cover Letter,False,Cover Letter,,"[name=""cand_cover_letter""]"
client-partner-customer-success-hr56402,Client Partner (Customer Success) - (HR56402),candidate_apply_cover,file,candidate_apply_cover,False,,,"[name=""candidate_apply_cover""]"
client-partner-customer-success-hr56402,Client Partner (Customer Success) - (HR56402),job_id,hidden,job_id,False,,,"[name=""job_id""]"
client-partner-customer-success-hr56402,Client Partner (Customer Success) - (HR56402),terms_cond_check,checkbox,terms_cond_check,False,,,"[name=""terms_cond_check""]"
inside-sales-closer-hr95997,Inside Sales Closer - (HR95997),pt_user_fname,text,First Name,False,First Name,,"[name=""pt_user_fname""]"
inside-sales-closer-hr95997,Inside Sales Closer - (HR95997),pt_user_lname,text,Last Name,False,Last Name,,"[name=""pt_user_lname""]"
inside-sales-closer-hr95997,Inside Sales Closer - (HR95997),user_email,text,Email Address,False,Email Address,,"[name=""user_email""]"
inside-sales-closer-hr95997,Inside Sales Closer - (HR95997),user_phone,tel,Phone Number,False,Phone Number,,#pt_user_phone_344114041
inside-sales-closer-hr95997,Inside Sales Closer - (HR95997),user_job_title,text,Current Job Title,False,Current Job Title,,"[name=""user_job_title""]"
inside-sales-closer-hr95997,Inside Sales Closer - (HR95997),user_salary,text,Current Salary,False,Current Salary,,"[name=""user_salary""]"
inside-sales-closer-hr95997,Inside Sales Closer - (HR95997),academic-level,select,Academic Level,False,Academic Level,,"[name=""academic-level""]"
inside-sales-closer-hr95997,Inside Sales Closer - (HR95997),Age,select,Age,False,Age,,"[name=""Age""]"
inside-sales-closer-hr95997,Inside Sales Closer - (HR95997),salary,text,salary,False,,,#salary113309
inside-sales-closer-hr95997,Inside Sales Closer - (HR95997),gender,select,Gender,False,Gender,,"[name=""gender""]"
inside-sales-closer-hr95997,Inside Sales Closer - (HR95997),industry,select,Industry,False,Industry,,"[name=""industry""]"
inside-sales-closer-hr95997,Inside Sales Closer - (HR95997),cand_woutreg_cv_file,file,cand_woutreg_cv_file,False,,,#cand_cv_filefield
inside-sales-closer-hr95997,Inside Sales Closer - (HR95997),cand_cover_letter,textarea,Cover Letter,False,Cover Letter,,"[name=""cand_cover_letter""]"
inside-sales-closer-hr95997,Inside Sales Closer - (HR95997),candidate_apply_cover,file,candidate_apply_cover,False,,,"[name=""candidate_apply_cover""]"
inside-sales-closer-hr95997,Inside Sales Closer - (HR95997),job_id,hidden,job_id,False,,,"[name=""job_id""]"
inside-sales-closer-hr95997,Inside Sales Closer - (HR95997),terms_cond_check,checkbox,terms_cond_check,False,,,"[name=""terms_cond_check""]"
senior-webflow-engineer-hr38916,Senior Webflow Engineer - (HR38916),pt_user_fname,text,First Name,False,First Name,,"[name=""pt_user_fname""]"
senior-webflow-engineer-hr38916,Senior Webflow Engineer - (HR38916),pt_user_lname,text,Last Name,False,Last Name,,"[name=""pt_user_lname""]"
senior-webflow-engineer-hr38916,Senior Webflow Engineer - (HR38916),user_email,text,Email Address,False,Email Address,,"[name=""user_email""]"
senior-webflow-engineer-hr38916,Senior Webflow Engineer - (HR38916),user_phone,tel,Phone Number,False,Phone Number,,#pt_user_phone_225527532
senior-webflow-engineer-hr38916,Senior Webflow Engineer - (HR38916),user_job_title,text,Current Job Title,False,Current Job Title,,"[name=""user_job_title""]"
senior-webflow-engineer-hr38916,Senior Webflow Engineer - (HR38916),user_salary,text,Current Salary,False,Current Salary,,"[name=""user_salary""]"
senior-webflow-engineer-hr38916,Senior Webflow Engineer - (HR38916),academic-level,select,Academic Level,False,Academic Level,,"[name=""academic-level""]"
senior-webflow-engineer-hr38916,Senior Webflow Engineer - (HR38916),Age,select,Age,False,Age,,"[name=""Age""]"
senior-webflow-engineer-hr38916,Senior Webflow Engineer - (HR38916),salary,text,salary,False,,,#salary78665
senior-webflow-engineer-hr38916,Senior Webflow Engineer - (HR38916),gender,select,Gender,False,Gender,,"[name=""gender""]"
senior-webflow-engineer-hr38916,Senior Webflow Engineer - (HR38916),industry,select,Industry,False,Industry,,"[name=""industry""]"
senior-webflow-engineer-hr38916,Senior Webflow Engineer - (HR38916),cand_woutreg_cv_file,file,cand_woutreg_cv_file,False,,,#cand_cv_filefield
senior-webflow-engineer-hr38916,Senior Webflow Engineer - (HR38916),cand_cover_letter,textarea,Cover Letter,False,Cover Letter,,"[name=""cand_cover_letter""]"
senior-webflow-engineer-hr38916,Senior Webflow Engineer - (HR38916),candidate_apply_cover,file,candidate_apply_cover,False,,,"[name=""candidate_apply_cover""]"
senior-webflow-engineer-hr38916,Senior Webflow Engineer - (HR38916),job_id,hidden,job_id,False,,,"[name=""job_id""]"
senior-webflow-engineer-hr38916,Senior Webflow Engineer - (HR38916),terms_cond_check,checkbox,terms_cond_check,False,,,"[name=""terms_cond_check""]"
legal-operations-coordinator-hr70592,Legal Operations Coordinator - (HR70592),pt_user_fname,text,First Name,False,First Name,,"[name=""pt_user_fname""]"
legal-operations-coordinator-hr70592,Legal Operations Coordinator - (HR70592),pt_user_lname,text,Last Name,False,Last Name,,"[name=""pt_user_lname""]"
legal-operations-coordinator-hr70592,Legal Operations Coordinator - (HR70592),user_email,text,Email Address,False,Email Address,,"[name=""user_email""]"
legal-operations-coordinator-hr70592,Legal Operations Coordinator - (HR70592),user_phone,tel,Phone Number,False,Phone Number,,#pt_user_phone_321876188
legal-operations-coordinator-hr70592,Legal Operations Coordinator - (HR70592),user_job_title,text,Current Job Title,False,Current Job Title,,"[name=""user_job_title""]"
legal-operations-coordinator-hr70592,Legal Operations Coordinator - (HR70592),user_salary,text,Current Salary,False,Current Salary,,"[name=""user_salary""]"
legal-operations-coordinator-hr70592,Legal Operations Coordinator - (HR70592),academic-level,select,Academic Level,False,Academic Level,,"[name=""academic-level""]"
legal-operations-coordinator-hr70592,Legal Operations Coordinator - (HR70592),Age,select,Age,False,Age,,"[name=""Age""]"
legal-operations-coordinator-hr70592,Legal Operations Coordinator - (HR70592),salary,text,salary,False,,,#salary5483
legal-operations-coordinator-hr70592,Legal Operations Coordinator - (HR70592),gender,select,Gender,False,Gender,,"[name=""gender""]"
legal-operations-coordinator-hr70592,Legal Operations Coordinator - (HR70592),industry,select,Industry,False,Industry,,"[name=""industry""]"
legal-operations-coordinator-hr70592,Legal Operations Coordinator - (HR70592),cand_woutreg_cv_file,file,cand_woutreg_cv_file,False,,,#cand_cv_filefield
legal-operations-coordinator-hr70592,Legal Operations Coordinator - (HR70592),cand_cover_letter,textarea,Cover Letter,False,Cover Letter,,"[name=""cand_cover_letter""]"
legal-operations-coordinator-hr70592,Legal Operations Coordinator - (HR70592),candidate_apply_cover,file,candidate_apply_cover,False,,,"[name=""candidate_apply_cover""]"
legal-operations-coordinator-hr70592,Legal Operations Coordinator - (HR70592),job_id,hidden,job_id,False,,,"[name=""job_id""]"
legal-operations-coordinator-hr70592,Legal Operations Coordinator - (HR70592),terms_cond_check,checkbox,terms_cond_check,False,,,"[name=""terms_cond_check""]"
regional-sourcing-manager-hr42533,Regional Sourcing Manager - (HR42533),pt_user_fname,text,First Name,False,First Name,,"[name=""pt_user_fname""]"
regional-sourcing-manager-hr42533,Regional Sourcing Manager - (HR42533),pt_user_lname,text,Last Name,False,Last Name,,"[name=""pt_user_lname""]"
regional-sourcing-manager-hr42533,Regional Sourcing Manager - (HR42533),user_email,text,Email Address,False,Email Address,,"[name=""user_email""]"
regional-sourcing-manager-hr42533,Regional Sourcing Manager - (HR42533),user_phone,tel,Phone Number,False,Phone Number,,#pt_user_phone_197455305
regional-sourcing-manager-hr42533,Regional Sourcing Manager - (HR42533),user_job_title,text,Current Job Title,False,Current Job Title,,"[name=""user_job_title""]"
regional-sourcing-manager-hr42533,Regional Sourcing Manager - (HR42533),user_salary,text,Current Salary,False,Current Salary,,"[name=""user_salary""]"
regional-sourcing-manager-hr42533,Regional Sourcing Manager - (HR42533),academic-level,select,Academic Level,False,Academic Level,,"[name=""academic-level""]"
regional-sourcing-manager-hr42533,Regional Sourcing Manager - (HR42533),Age,select,Age,False,Age,,"[name=""Age""]"
regional-sourcing-manager-hr42533,Regional Sourcing Manager - (HR42533),salary,text,salary,False,,,#salary62911
regional-sourcing-manager-hr42533,Regional Sourcing Manager - (HR42533),gender,select,Gender,False,Gender,,"[name=""gender""]"
regional-sourcing-manager-hr42533,Regional Sourcing Manager - (HR42533),industry,select,Industry,False,Industry,,"[name=""industry""]"
regional-sourcing-manager-hr42533,Regional Sourcing Manager - (HR42533),cand_woutreg_cv_file,file,cand_woutreg_cv_file,False,,,#cand_cv_filefield
regional-sourcing-manager-hr42533,Regional Sourcing Manager - (HR42533),cand_cover_letter,textarea,Cover Letter,False,Cover Letter,,"[name=""cand_cover_letter""]"
regional-sourcing-manager-hr42533,Regional Sourcing Manager - (HR42533),candidate_apply_cover,file,candidate_apply_cover,False,,,"[name=""candidate_apply_cover""]"
regional-sourcing-manager-hr42533,Regional Sourcing Manager - (HR42533),job_id,hidden,job_id,False,,,"[name=""job_id""]"
regional-sourcing-manager-hr42533,Regional Sourcing Manager - (HR42533),terms_cond_check,checkbox,terms_cond_check,False,,,"[name=""terms_cond_check""]"
customer-experience-booking-specialist-hr83455,Customer Experience & Booking Specialist - (HR83455),pt_user_fname,text,First Name,False,First Name,,"[name=""pt_user_fname""]"
customer-experience-booking-specialist-hr83455,Customer Experience & Booking Specialist - (HR83455),pt_user_lname,text,Last Name,False,Last Name,,"[name=""pt_user_lname""]"
customer-experience-booking-specialist-hr83455,Customer Experience & Booking Specialist - (HR83455),user_email,text,Email Address,False,Email Address,,"[name=""user_email""]"
customer-experience-booking-specialist-hr83455,Customer Experience & Booking Specialist - (HR83455),user_phone,tel,Phone Number,False,Phone Number,,#pt_user_phone_681628917
customer-experience-booking-specialist-hr83455,Customer Experience & Booking Specialist - (HR83455),user_job_title,text,Current Job Title,False,Current Job Title,,"[name=""user_job_title""]"
customer-experience-booking-specialist-hr83455,Customer Experience & Booking Specialist - (HR83455),user_salary,text,Current Salary,False,Current Salary,,"[name=""user_salary""]"
customer-experience-booking-specialist-hr83455,Customer Experience & Booking Specialist - (HR83455),academic-level,select,Academic Level,False,Academic Level,,"[name=""academic-level""]"
customer-experience-booking-specialist-hr83455,Customer Experience & Booking Specialist - (HR83455),Age,select,Age,False,Age,,"[name=""Age""]"
customer-experience-booking-specialist-hr83455,Customer Experience & Booking Specialist - (HR83455),salary,text,salary,False,,,#salary71161
customer-experience-booking-specialist-hr83455,Customer Experience & Booking Specialist - (HR83455),gender,select,Gender,False,Gender,,"[name=""gender""]"
customer-experience-booking-specialist-hr83455,Customer Experience & Booking Specialist - (HR83455),industry,select,Industry,False,Industry,,"[name=""industry""]"
customer-experience-booking-specialist-hr83455,Customer Experience & Booking Specialist - (HR83455),cand_woutreg_cv_file,file,cand_woutreg_cv_file,False,,,#cand_cv_filefield
customer-experience-booking-specialist-hr83455,Customer Experience & Booking Specialist - (HR83455),cand_cover_letter,textarea,Cover Letter,False,Cover Letter,,"[name=""cand_cover_letter""]"
customer-experience-booking-specialist-hr83455,Customer Experience & Booking Specialist - (HR83455),candidate_apply_cover,file,candidate_apply_cover,False,,,"[name=""candidate_apply_cover""]"
customer-experience-booking-specialist-hr83455,Customer Experience & Booking Specialist - (HR83455),job_id,hidden,job_id,False,,,"[name=""job_id""]"
customer-experience-booking-specialist-hr83455,Customer Experience & Booking Specialist - (HR83455),terms_cond_check,checkbox,terms_cond_check,False,,,"[name=""terms_cond_check""]"
prepress-operator-hr99293,Prepress Operator - (HR99293),pt_user_fname,text,First Name,False,First Name,,"[name=""pt_user_fname""]"
prepress-operator-hr99293,Prepress Operator - (HR99293),pt_user_lname,text,Last Name,False,Last Name,,"[name=""pt_user_lname""]"
prepress-operator-hr99293,Prepress Operator - (HR99293),user_email,text,Email Address,False,Email Address,,"[name=""user_email""]"
prepress-operator-hr99293,Prepress Operator - (HR99293),user_phone,tel,Phone Number,False,Phone Number,,#pt_user_phone_692721380
prepress-operator-hr99293,Prepress Operator - (HR99293),user_job_title,text,Current Job Title,False,Current Job Title,,"[name=""user_job_title""]"
prepress-operator-hr99293,Prepress Operator - (HR99293),user_salary,text,Current Salary,False,Current Salary,,"[name=""user_salary""]"
prepress-operator-hr99293,Prepress Operator - (HR99293),academic-level,select,Academic Level,False,Academic Level,,"[name=""academic-level""]"
prepress-operator-hr99293,Prepress Operator - (HR99293),Age,select,Age,False,Age,,"[name=""Age""]"
prepress-operator-hr99293,Prepress Operator - (HR99293),salary,text,salary,False,,,#salary35288
prepress-operator-hr99293,Prepress Operator - (HR99293),gender,select,Gender,False,Gender,,"[name=""gender""]"
prepress-operator-hr99293,Prepress Operator - (HR99293),industry,select,Industry,False,Industry,,"[name=""industry""]"
prepress-operator-hr99293,Prepress Operator - (HR99293),cand_woutreg_cv_file,file,cand_woutreg_cv_file,False,,,#cand_cv_filefield
prepress-operator-hr99293,Prepress Operator - (HR99293),cand_cover_letter,textarea,Cover Letter,False,Cover Letter,,"[name=""cand_cover_letter""]"
prepress-operator-hr99293,Prepress Operator - (HR99293),candidate_apply_cover,file,candidate_apply_cover,False,,,"[name=""candidate_apply_cover""]"
prepress-operator-hr99293,Prepress Operator - (HR99293),job_id,hidden,job_id,False,,,"[name=""job_id""]"
prepress-operator-hr99293,Prepress Operator - (HR99293),terms_cond_check,checkbox,terms_cond_check,False,,,"[name=""terms_cond_check""]"
staff-accountant-e-commerce-multi-client-hr58050,Staff Accountant (E-commerce)/ Multi Client - (HR58050),pt_user_fname,text,First Name,False,First Name,,"[name=""pt_user_fname""]"
staff-accountant-e-commerce-multi-client-hr58050,Staff Accountant (E-commerce)/ Multi Client - (HR58050),pt_user_lname,text,Last Name,False,Last Name,,"[name=""pt_user_lname""]"
staff-accountant-e-commerce-multi-client-hr58050,Staff Accountant (E-commerce)/ Multi Client - (HR58050),user_email,text,Email Address,False,Email Address,,"[name=""user_email""]"
staff-accountant-e-commerce-multi-client-hr58050,Staff Accountant (E-commerce)/ Multi Client - (HR58050),user_phone,tel,Phone Number,False,Phone Number,,#pt_user_phone_537226212
staff-accountant-e-commerce-multi-client-hr58050,Staff Accountant (E-commerce)/ Multi Client - (HR58050),user_job_title,text,Current Job Title,False,Current Job Title,,"[name=""user_job_title""]"
staff-accountant-e-commerce-multi-client-hr58050,Staff Accountant (E-commerce)/ Multi Client - (HR58050),user_salary,text,Current Salary,False,Current Salary,,"[name=""user_salary""]"
staff-accountant-e-commerce-multi-client-hr58050,Staff Accountant (E-commerce)/ Multi Client - (HR58050),academic-level,select,Academic Level,False,Academic Level,,"[name=""academic-level""]"
staff-accountant-e-commerce-multi-client-hr58050,Staff Accountant (E-commerce)/ Multi Client - (HR58050),Age,select,Age,False,Age,,"[name=""Age""]"
staff-accountant-e-commerce-multi-client-hr58050,Staff Accountant (E-commerce)/ Multi Client - (HR58050),salary,text,salary,False,,,#salary13446
staff-accountant-e-commerce-multi-client-hr58050,Staff Accountant (E-commerce)/ Multi Client - (HR58050),gender,select,Gender,False,Gender,,"[name=""gender""]"
staff-accountant-e-commerce-multi-client-hr58050,Staff Accountant (E-commerce)/ Multi Client - (HR58050),industry,select,Industry,False,Industry,,"[name=""industry""]"
staff-accountant-e-commerce-multi-client-hr58050,Staff Accountant (E-commerce)/ Multi Client - (HR58050),cand_woutreg_cv_file,file,cand_woutreg_cv_file,False,,,#cand_cv_filefield
staff-accountant-e-commerce-multi-client-hr58050,Staff Accountant (E-commerce)/ Multi Client - (HR58050),cand_cover_letter,textarea,Cover Letter,False,Cover Letter,,"[name=""cand_cover_letter""]"
staff-accountant-e-commerce-multi-client-hr58050,Staff Accountant (E-commerce)/ Multi Client - (HR58050),candidate_apply_cover,file,candidate_apply_cover,False,,,"[name=""candidate_apply_cover""]"
staff-accountant-e-commerce-multi-client-hr58050,Staff Accountant (E-commerce)/ Multi Client - (HR58050),job_id,hidden,job_id,False,,,"[name=""job_id""]"
staff-accountant-e-commerce-multi-client-hr58050,Staff Accountant (E-commerce)/ Multi Client - (HR58050),terms_cond_check,checkbox,terms_cond_check,False,,,"[name=""terms_cond_check""]"
customer-service-representative-hr65969,Customer Service Representative - (HR65969),pt_user_fname,text,First Name,False,First Name,,"[name=""pt_user_fname""]"
customer-service-representative-hr65969,Customer Service Representative - (HR65969),pt_user_lname,text,Last Name,False,Last Name,,"[name=""pt_user_lname""]"
customer-service-representative-hr65969,Customer Service Representative - (HR65969),user_email,text,Email Address,False,Email Address,,"[name=""user_email""]"
customer-service-representative-hr65969,Customer Service Representative - (HR65969),user_phone,tel,Phone Number,False,Phone Number,,#pt_user_phone_902302587
customer-service-representative-hr65969,Customer Service Representative - (HR65969),user_job_title,text,Current Job Title,False,Current Job Title,,"[name=""user_job_title""]"
customer-service-representative-hr65969,Customer Service Representative - (HR65969),user_salary,text,Current Salary,False,Current Salary,,"[name=""user_salary""]"
customer-service-representative-hr65969,Customer Service Representative - (HR65969),academic-level,select,Academic Level,False,Academic Level,,"[name=""academic-level""]"
customer-service-representative-hr65969,Customer Service Representative - (HR65969),Age,select,Age,False,Age,,"[name=""Age""]"
customer-service-representative-hr65969,Customer Service Representative - (HR65969),salary,text,salary,False,,,#salary61871
customer-service-representative-hr65969,Customer Service Representative - (HR65969),gender,select,Gender,False,Gender,,"[name=""gender""]"
customer-service-representative-hr65969,Customer Service Representative - (HR65969),industry,select,Industry,False,Industry,,"[name=""industry""]"
customer-service-representative-hr65969,Customer Service Representative - (HR65969),cand_woutreg_cv_file,file,cand_woutreg_cv_file,False,,,#cand_cv_filefield
customer-service-representative-hr65969,Customer Service Representative - (HR65969),cand_cover_letter,textarea,Cover Letter,False,Cover Letter,,"[name=""cand_cover_letter""]"
customer-service-representative-hr65969,Customer Service Representative - (HR65969),candidate_apply_cover,file,candidate_apply_cover,False,,,"[name=""candidate_apply_cover""]"
customer-service-representative-hr65969,Customer Service Representative - (HR65969),job_id,hidden,job_id,False,,,"[name=""job_id""]"
customer-service-representative-hr65969,Customer Service Representative - (HR65969),terms_cond_check,checkbox,terms_cond_check,False,,,"[name=""terms_cond_check""]"
business-systems-specialist-hr48483,Business Systems Specialist - (HR48483),pt_user_fname,text,First Name,False,First Name,,"[name=""pt_user_fname""]"
business-systems-specialist-hr48483,Business Systems Specialist - (HR48483),pt_user_lname,text,Last Name,False,Last Name,,"[name=""pt_user_lname""]"
business-systems-specialist-hr48483,Business Systems Specialist - (HR48483),user_email,text,Email Address,False,Email Address,,"[name=""user_email""]"
business-systems-specialist-hr48483,Business Systems Specialist - (HR48483),user_phone,tel,Phone Number,False,Phone Number,,#pt_user_phone_367724293
business-systems-specialist-hr48483,Business Systems Specialist - (HR48483),user_job_title,text,Current Job Title,False,Current Job Title,,"[name=""user_job_title""]"
business-systems-specialist-hr48483,Business Systems Specialist - (HR48483),user_salary,text,Current Salary,False,Current Salary,,"[name=""user_salary""]"
business-systems-specialist-hr48483,Business Systems Specialist - (HR48483),academic-level,select,Academic Level,False,Academic Level,,"[name=""academic-level""]"
business-systems-specialist-hr48483,Business Systems Specialist - (HR48483),Age,select,Age,False,Age,,"[name=""Age""]"
business-systems-specialist-hr48483,Business Systems Specialist - (HR48483),salary,text,salary,False,,,#salary68387
business-systems-specialist-hr48483,Business Systems Specialist - (HR48483),gender,select,Gender,False,Gender,,"[name=""gender""]"
business-systems-specialist-hr48483,Business Systems Specialist - (HR48483),industry,select,Industry,False,Industry,,"[name=""industry""]"
business-systems-specialist-hr48483,Business Systems Specialist - (HR48483),cand_woutreg_cv_file,file,cand_woutreg_cv_file,False,,,#cand_cv_filefield
business-systems-specialist-hr48483,Business Systems Specialist - (HR48483),cand_cover_letter,textarea,Cover Letter,False,Cover Letter,,"[name=""cand_cover_letter""]"
business-systems-specialist-hr48483,Business Systems Specialist - (HR48483),candidate_apply_cover,file,candidate_apply_cover,False,,,"[name=""candidate_apply_cover""]"
business-systems-specialist-hr48483,Business Systems Specialist - (HR48483),job_id,hidden,job_id,False,,,"[name=""job_id""]"
business-systems-specialist-hr48483,Business Systems Specialist - (HR48483),terms_cond_check,checkbox,terms_cond_check,False,,,"[name=""terms_cond_check""]"
organic-social-media-community-growth-manager-hr69500,Tiktok organic Social Media Growth Manager- (HR69500),pt_user_fname,text,First Name,False,First Name,,"[name=""pt_user_fname""]"
organic-social-media-community-growth-manager-hr69500,Tiktok organic Social Media Growth Manager- (HR69500),pt_user_lname,text,Last Name,False,Last Name,,"[name=""pt_user_lname""]"
organic-social-media-community-growth-manager-hr69500,Tiktok organic Social Media Growth Manager- (HR69500),user_email,text,Email Address,False,Email Address,,"[name=""user_email""]"
organic-social-media-community-growth-manager-hr69500,Tiktok organic Social Media Growth Manager- (HR69500),user_phone,tel,Phone Number,False,Phone Number,,#pt_user_phone_147866289
organic-social-media-community-growth-manager-hr69500,Tiktok organic Social Media Growth Manager- (HR69500),user_job_title,text,Current Job Title,False,Current Job Title,,"[name=""user_job_title""]"
organic-social-media-community-growth-manager-hr69500,Tiktok organic Social Media Growth Manager- (HR69500),user_salary,text,Current Salary,False,Current Salary,,"[name=""user_salary""]"
organic-social-media-community-growth-manager-hr69500,Tiktok organic Social Media Growth Manager- (HR69500),academic-level,select,Academic Level,False,Academic Level,,"[name=""academic-level""]"
organic-social-media-community-growth-manager-hr69500,Tiktok organic Social Media Growth Manager- (HR69500),Age,select,Age,False,Age,,"[name=""Age""]"
organic-social-media-community-growth-manager-hr69500,Tiktok organic Social Media Growth Manager- (HR69500),salary,text,salary,False,,,#salary97412
organic-social-media-community-growth-manager-hr69500,Tiktok organic Social Media Growth Manager- (HR69500),gender,select,Gender,False,Gender,,"[name=""gender""]"
organic-social-media-community-growth-manager-hr69500,Tiktok organic Social Media Growth Manager- (HR69500),industry,select,Industry,False,Industry,,"[name=""industry""]"
organic-social-media-community-growth-manager-hr69500,Tiktok organic Social Media Growth Manager- (HR69500),cand_woutreg_cv_file,file,cand_woutreg_cv_file,False,,,#cand_cv_filefield
organic-social-media-community-growth-manager-hr69500,Tiktok organic Social Media Growth Manager- (HR69500),cand_cover_letter,textarea,Cover Letter,False,Cover Letter,,"[name=""cand_cover_letter""]"
organic-social-media-community-growth-manager-hr69500,Tiktok organic Social Media Growth Manager- (HR69500),candidate_apply_cover,file,candidate_apply_cover,False,,,"[name=""candidate_apply_cover""]"
organic-social-media-community-growth-manager-hr69500,Tiktok organic Social Media Growth Manager- (HR69500),job_id,hidden,job_id,False,,,"[name=""job_id""]"
organic-social-media-community-growth-manager-hr69500,Tiktok organic Social Media Growth Manager- (HR69500),terms_cond_check,checkbox,terms_cond_check,False,,,"[name=""terms_cond_check""]"
social-growth-strategist-content-lead-hr59612,Social Growth Strategist & Content Lead - (HR59612),pt_user_fname,text,First Name,False,First Name,,"[name=""pt_user_fname""]"
social-growth-strategist-content-lead-hr59612,Social Growth Strategist & Content Lead - (HR59612),pt_user_lname,text,Last Name,False,Last Name,,"[name=""pt_user_lname""]"
social-growth-strategist-content-lead-hr59612,Social Growth Strategist & Content Lead - (HR59612),user_email,text,Email Address,False,Email Address,,"[name=""user_email""]"
social-growth-strategist-content-lead-hr59612,Social Growth Strategist & Content Lead - (HR59612),user_phone,tel,Phone Number,False,Phone Number,,#pt_user_phone_654418921
social-growth-strategist-content-lead-hr59612,Social Growth Strategist & Content Lead - (HR59612),user_job_title,text,Current Job Title,False,Current Job Title,,"[name=""user_job_title""]"
social-growth-strategist-content-lead-hr59612,Social Growth Strategist & Content Lead - (HR59612),user_salary,text,Current Salary,False,Current Salary,,"[name=""user_salary""]"
social-growth-strategist-content-lead-hr59612,Social Growth Strategist & Content Lead - (HR59612),academic-level,select,Academic Level,False,Academic Level,,"[name=""academic-level""]"
social-growth-strategist-content-lead-hr59612,Social Growth Strategist & Content Lead - (HR59612),Age,select,Age,False,Age,,"[name=""Age""]"
social-growth-strategist-content-lead-hr59612,Social Growth Strategist & Content Lead - (HR59612),salary,text,salary,False,,,#salary67958
social-growth-strategist-content-lead-hr59612,Social Growth Strategist & Content Lead - (HR59612),gender,select,Gender,False,Gender,,"[name=""gender""]"
social-growth-strategist-content-lead-hr59612,Social Growth Strategist & Content Lead - (HR59612),industry,select,Industry,False,Industry,,"[name=""industry""]"
social-growth-strategist-content-lead-hr59612,Social Growth Strategist & Content Lead - (HR59612),cand_woutreg_cv_file,file,cand_woutreg_cv_file,False,,,#cand_cv_filefield
social-growth-strategist-content-lead-hr59612,Social Growth Strategist & Content Lead - (HR59612),cand_cover_letter,textarea,Cover Letter,False,Cover Letter,,"[name=""cand_cover_letter""]"
social-growth-strategist-content-lead-hr59612,Social Growth Strategist & Content Lead - (HR59612),candidate_apply_cover,file,candidate_apply_cover,False,,,"[name=""candidate_apply_cover""]"
social-growth-strategist-content-lead-hr59612,Social Growth Strategist & Content Lead - (HR59612),job_id,hidden,job_id,False,,,"[name=""job_id""]"
social-growth-strategist-content-lead-hr59612,Social Growth Strategist & Content Lead - (HR59612),terms_cond_check,checkbox,terms_cond_check,False,,,"[name=""terms_cond_check""]"
sales-development-representative-sdr-hr67938,Sales Development Representative (SDR) - (HR67938),pt_user_fname,text,First Name,False,First Name,,"[name=""pt_user_fname""]"
sales-development-representative-sdr-hr67938,Sales Development Representative (SDR) - (HR67938),pt_user_lname,text,Last Name,False,Last Name,,"[name=""pt_user_lname""]"
sales-development-representative-sdr-hr67938,Sales Development Representative (SDR) - (HR67938),user_email,text,Email Address,False,Email Address,,"[name=""user_email""]"
sales-development-representative-sdr-hr67938,Sales Development Representative (SDR) - (HR67938),user_phone,tel,Phone Number,False,Phone Number,,#pt_user_phone_266991931
sales-development-representative-sdr-hr67938,Sales Development Representative (SDR) - (HR67938),user_job_title,text,Current Job Title,False,Current Job Title,,"[name=""user_job_title""]"
sales-development-representative-sdr-hr67938,Sales Development Representative (SDR) - (HR67938),user_salary,text,Current Salary,False,Current Salary,,"[name=""user_salary""]"
sales-development-representative-sdr-hr67938,Sales Development Representative (SDR) - (HR67938),academic-level,select,Academic Level,False,Academic Level,,"[name=""academic-level""]"
sales-development-representative-sdr-hr67938,Sales Development Representative (SDR) - (HR67938),Age,select,Age,False,Age,,"[name=""Age""]"
sales-development-representative-sdr-hr67938,Sales Development Representative (SDR) - (HR67938),salary,text,salary,False,,,#salary44682
sales-development-representative-sdr-hr67938,Sales Development Representative (SDR) - (HR67938),gender,select,Gender,False,Gender,,"[name=""gender""]"
sales-development-representative-sdr-hr67938,Sales Development Representative (SDR) - (HR67938),industry,select,Industry,False,Industry,,"[name=""industry""]"
sales-development-representative-sdr-hr67938,Sales Development Representative (SDR) - (HR67938),cand_woutreg_cv_file,file,cand_woutreg_cv_file,False,,,#cand_cv_filefield
sales-development-representative-sdr-hr67938,Sales Development Representative (SDR) - (HR67938),cand_cover_letter,textarea,Cover Letter,False,Cover Letter,,"[name=""cand_cover_letter""]"
sales-development-representative-sdr-hr67938,Sales Development Representative (SDR) - (HR67938),candidate_apply_cover,file,candidate_apply_cover,False,,,"[name=""candidate_apply_cover""]"
sales-development-representative-sdr-hr67938,Sales Development Representative (SDR) - (HR67938),job_id,hidden,job_id,False,,,"[name=""job_id""]"
sales-development-representative-sdr-hr67938,Sales Development Representative (SDR) - (HR67938),terms_cond_check,checkbox,terms_cond_check,False,,,"[name=""terms_cond_check""]"
bookkeeper-senior-level-hr88399,Bookkeeper (Senior-Level) - (HR88399),pt_user_fname,text,First Name,False,First Name,,"[name=""pt_user_fname""]"
bookkeeper-senior-level-hr88399,Bookkeeper (Senior-Level) - (HR88399),pt_user_lname,text,Last Name,False,Last Name,,"[name=""pt_user_lname""]"
bookkeeper-senior-level-hr88399,Bookkeeper (Senior-Level) - (HR88399),user_email,text,Email Address,False,Email Address,,"[name=""user_email""]"
bookkeeper-senior-level-hr88399,Bookkeeper (Senior-Level) - (HR88399),user_phone,tel,Phone Number,False,Phone Number,,#pt_user_phone_203925539
bookkeeper-senior-level-hr88399,Bookkeeper (Senior-Level) - (HR88399),user_job_title,text,Current Job Title,False,Current Job Title,,"[name=""user_job_title""]"
bookkeeper-senior-level-hr88399,Bookkeeper (Senior-Level) - (HR88399),user_salary,text,Current Salary,False,Current Salary,,"[name=""user_salary""]"
bookkeeper-senior-level-hr88399,Bookkeeper (Senior-Level) - (HR88399),academic-level,select,Academic Level,False,Academic Level,,"[name=""academic-level""]"
bookkeeper-senior-level-hr88399,Bookkeeper (Senior-Level) - (HR88399),Age,select,Age,False,Age,,"[name=""Age""]"
bookkeeper-senior-level-hr88399,Bookkeeper (Senior-Level) - (HR88399),salary,text,salary,False,,,#salary61778
bookkeeper-senior-level-hr88399,Bookkeeper (Senior-Level) - (HR88399),gender,select,Gender,False,Gender,,"[name=""gender""]"
bookkeeper-senior-level-hr88399,Bookkeeper (Senior-Level) - (HR88399),industry,select,Industry,False,Industry,,"[name=""industry""]"
bookkeeper-senior-level-hr88399,Bookkeeper (Senior-Level) - (HR88399),cand_woutreg_cv_file,file,cand_woutreg_cv_file,False,,,#cand_cv_filefield
bookkeeper-senior-level-hr88399,Bookkeeper (Senior-Level) - (HR88399),cand_cover_letter,textarea,Cover Letter,False,Cover Letter,,"[name=""cand_cover_letter""]"
bookkeeper-senior-level-hr88399,Bookkeeper (Senior-Level) - (HR88399),candidate_apply_cover,file,candidate_apply_cover,False,,,"[name=""candidate_apply_cover""]"
bookkeeper-senior-level-hr88399,Bookkeeper (Senior-Level) - (HR88399),job_id,hidden,job_id,False,,,"[name=""job_id""]"
bookkeeper-senior-level-hr88399,Bookkeeper (Senior-Level) - (HR88399),terms_cond_check,checkbox,terms_cond_check,False,,,"[name=""terms_cond_check""]"
customer-service-representative-full-time-wg14193,Customer Service Representative (Full-Time) - (WG14193),pt_user_fname,text,First Name,False,First Name,,"[name=""pt_user_fname""]"
customer-service-representative-full-time-wg14193,Customer Service Representative (Full-Time) - (WG14193),pt_user_lname,text,Last Name,False,Last Name,,"[name=""pt_user_lname""]"
customer-service-representative-full-time-wg14193,Customer Service Representative (Full-Time) - (WG14193),user_email,text,Email Address,False,Email Address,,"[name=""user_email""]"
customer-service-representative-full-time-wg14193,Customer Service Representative (Full-Time) - (WG14193),user_phone,tel,Phone Number,False,Phone Number,,#pt_user_phone_623688846
customer-service-representative-full-time-wg14193,Customer Service Representative (Full-Time) - (WG14193),user_job_title,text,Current Job Title,False,Current Job Title,,"[name=""user_job_title""]"
customer-service-representative-full-time-wg14193,Customer Service Representative (Full-Time) - (WG14193),user_salary,text,Current Salary,False,Current Salary,,"[name=""user_salary""]"
customer-service-representative-full-time-wg14193,Customer Service Representative (Full-Time) - (WG14193),academic-level,select,Academic Level,False,Academic Level,,"[name=""academic-level""]"
customer-service-representative-full-time-wg14193,Customer Service Representative (Full-Time) - (WG14193),Age,select,Age,False,Age,,"[name=""Age""]"
customer-service-representative-full-time-wg14193,Customer Service Representative (Full-Time) - (WG14193),salary,text,salary,False,,,#salary86929
customer-service-representative-full-time-wg14193,Customer Service Representative (Full-Time) - (WG14193),gender,select,Gender,False,Gender,,"[name=""gender""]"
customer-service-representative-full-time-wg14193,Customer Service Representative (Full-Time) - (WG14193),industry,select,Industry,False,Industry,,"[name=""industry""]"
customer-service-representative-full-time-wg14193,Customer Service Representative (Full-Time) - (WG14193),cand_woutreg_cv_file,file,cand_woutreg_cv_file,False,,,#cand_cv_filefield
customer-service-representative-full-time-wg14193,Customer Service Representative (Full-Time) - (WG14193),cand_cover_letter,textarea,Cover Letter,False,Cover Letter,,"[name=""cand_cover_letter""]"
customer-service-representative-full-time-wg14193,Customer Service Representative (Full-Time) - (WG14193),candidate_apply_cover,file,candidate_apply_cover,False,,,"[name=""candidate_apply_cover""]"
customer-service-representative-full-time-wg14193,Customer Service Representative (Full-Time) - (WG14193),job_id,hidden,job_id,False,,,"[name=""job_id""]"
customer-service-representative-full-time-wg14193,Customer Service Representative (Full-Time) - (WG14193),terms_cond_check,checkbox,terms_cond_check,False,,,"[name=""terms_cond_check""]"
property-maintenance-coordinator-hr86751,Property Maintenance Coordinator - (HR86751),pt_user_fname,text,First Name,False,First Name,,"[name=""pt_user_fname""]"
property-maintenance-coordinator-hr86751,Property Maintenance Coordinator - (HR86751),pt_user_lname,text,Last Name,False,Last Name,,"[name=""pt_user_lname""]"
property-maintenance-coordinator-hr86751,Property Maintenance Coordinator - (HR86751),user_email,text,Email Address,False,Email Address,,"[name=""user_email""]"
property-maintenance-coordinator-hr86751,Property Maintenance Coordinator - (HR86751),user_phone,tel,Phone Number,False,Phone Number,,#pt_user_phone_224451511
property-maintenance-coordinator-hr86751,Property Maintenance Coordinator - (HR86751),user_job_title,text,Current Job Title,False,Current Job Title,,"[name=""user_job_title""]"
property-maintenance-coordinator-hr86751,Property Maintenance Coordinator - (HR86751),user_salary,text,Current Salary,False,Current Salary,,"[name=""user_salary""]"
property-maintenance-coordinator-hr86751,Property Maintenance Coordinator - (HR86751),academic-level,select,Academic Level,False,Academic Level,,"[name=""academic-level""]"
property-maintenance-coordinator-hr86751,Property Maintenance Coordinator - (HR86751),Age,select,Age,False,Age,,"[name=""Age""]"
property-maintenance-coordinator-hr86751,Property Maintenance Coordinator - (HR86751),salary,text,salary,False,,,#salary17639
property-maintenance-coordinator-hr86751,Property Maintenance Coordinator - (HR86751),gender,select,Gender,False,Gender,,"[name=""gender""]"
property-maintenance-coordinator-hr86751,Property Maintenance Coordinator - (HR86751),industry,select,Industry,False,Industry,,"[name=""industry""]"
property-maintenance-coordinator-hr86751,Property Maintenance Coordinator - (HR86751),cand_woutreg_cv_file,file,cand_woutreg_cv_file,False,,,#cand_cv_filefield
property-maintenance-coordinator-hr86751,Property Maintenance Coordinator - (HR86751),cand_cover_letter,textarea,Cover Letter,False,Cover Letter,,"[name=""cand_cover_letter""]"
property-maintenance-coordinator-hr86751,Property Maintenance Coordinator - (HR86751),candidate_apply_cover,file,candidate_apply_cover,False,,,"[name=""candidate_apply_cover""]"
property-maintenance-coordinator-hr86751,Property Maintenance Coordinator - (HR86751),job_id,hidden,job_id,False,,,"[name=""job_id""]"
property-maintenance-coordinator-hr86751,Property Maintenance Coordinator - (HR86751),terms_cond_check,checkbox,terms_cond_check,False,,,"[name=""terms_cond_check""]"
insurance-verification-specialist-hr72561,Insurance Verification Specialist - (HR72561),pt_user_fname,text,First Name,False,First Name,,"[name=""pt_user_fname""]"
insurance-verification-specialist-hr72561,Insurance Verification Specialist - (HR72561),pt_user_lname,text,Last Name,False,Last Name,,"[name=""pt_user_lname""]"
insurance-verification-specialist-hr72561,Insurance Verification Specialist - (HR72561),user_email,text,Email Address,False,Email Address,,"[name=""user_email""]"
insurance-verification-specialist-hr72561,Insurance Verification Specialist - (HR72561),user_phone,tel,Phone Number,False,Phone Number,,#pt_user_phone_589885953
insurance-verification-specialist-hr72561,Insurance Verification Specialist - (HR72561),user_job_title,text,Current Job Title,False,Current Job Title,,"[name=""user_job_title""]"
insurance-verification-specialist-hr72561,Insurance Verification Specialist - (HR72561),user_salary,text,Current Salary,False,Current Salary,,"[name=""user_salary""]"
insurance-verification-specialist-hr72561,Insurance Verification Specialist - (HR72561),academic-level,select,Academic Level,False,Academic Level,,"[name=""academic-level""]"
insurance-verification-specialist-hr72561,Insurance Verification Specialist - (HR72561),Age,select,Age,False,Age,,"[name=""Age""]"
insurance-verification-specialist-hr72561,Insurance Verification Specialist - (HR72561),salary,text,salary,False,,,#salary40114
insurance-verification-specialist-hr72561,Insurance Verification Specialist - (HR72561),gender,select,Gender,False,Gender,,"[name=""gender""]"
insurance-verification-specialist-hr72561,Insurance Verification Specialist - (HR72561),industry,select,Industry,False,Industry,,"[name=""industry""]"
insurance-verification-specialist-hr72561,Insurance Verification Specialist - (HR72561),cand_woutreg_cv_file,file,cand_woutreg_cv_file,False,,,#cand_cv_filefield
insurance-verification-specialist-hr72561,Insurance Verification Specialist - (HR72561),cand_cover_letter,textarea,Cover Letter,False,Cover Letter,,"[name=""cand_cover_letter""]"
insurance-verification-specialist-hr72561,Insurance Verification Specialist - (HR72561),candidate_apply_cover,file,candidate_apply_cover,False,,,"[name=""candidate_apply_cover""]"
insurance-verification-specialist-hr72561,Insurance Verification Specialist - (HR72561),job_id,hidden,job_id,False,,,"[name=""job_id""]"
insurance-verification-specialist-hr72561,Insurance Verification Specialist - (HR72561),terms_cond_check,checkbox,terms_cond_check,False,,,"[name=""terms_cond_check""]"
project-manager-hr64642,Project Manager - (HR64642),pt_user_fname,text,First Name,False,First Name,,"[name=""pt_user_fname""]"
project-manager-hr64642,Project Manager - (HR64642),pt_user_lname,text,Last Name,False,Last Name,,"[name=""pt_user_lname""]"
project-manager-hr64642,Project Manager - (HR64642),user_email,text,Email Address,False,Email Address,,"[name=""user_email""]"
project-manager-hr64642,Project Manager - (HR64642),user_phone,tel,Phone Number,False,Phone Number,,#pt_user_phone_499575355
project-manager-hr64642,Project Manager - (HR64642),user_job_title,text,Current Job Title,False,Current Job Title,,"[name=""user_job_title""]"
project-manager-hr64642,Project Manager - (HR64642),user_salary,text,Current Salary,False,Current Salary,,"[name=""user_salary""]"
project-manager-hr64642,Project Manager - (HR64642),academic-level,select,Academic Level,False,Academic Level,,"[name=""academic-level""]"
project-manager-hr64642,Project Manager - (HR64642),Age,select,Age,False,Age,,"[name=""Age""]"
project-manager-hr64642,Project Manager - (HR64642),salary,text,salary,False,,,#salary18522
project-manager-hr64642,Project Manager - (HR64642),gender,select,Gender,False,Gender,,"[name=""gender""]"
project-manager-hr64642,Project Manager - (HR64642),industry,select,Industry,False,Industry,,"[name=""industry""]"
project-manager-hr64642,Project Manager - (HR64642),cand_woutreg_cv_file,file,cand_woutreg_cv_file,False,,,#cand_cv_filefield
project-manager-hr64642,Project Manager - (HR64642),cand_cover_letter,textarea,Cover Letter,False,Cover Letter,,"[name=""cand_cover_letter""]"
project-manager-hr64642,Project Manager - (HR64642),candidate_apply_cover,file,candidate_apply_cover,False,,,"[name=""candidate_apply_cover""]"
project-manager-hr64642,Project Manager - (HR64642),job_id,hidden,job_id,False,,,"[name=""job_id""]"
project-manager-hr64642,Project Manager - (HR64642),terms_cond_check,checkbox,terms_cond_check,False,,,"[name=""terms_cond_check""]"
accountant-hr82128,Accountant - (HR82128),pt_user_fname,text,First Name,False,First Name,,"[name=""pt_user_fname""]"
accountant-hr82128,Accountant - (HR82128),pt_user_lname,text,Last Name,False,Last Name,,"[name=""pt_user_lname""]"
accountant-hr82128,Accountant - (HR82128),user_email,text,Email Address,False,Email Address,,"[name=""user_email""]"
accountant-hr82128,Accountant - (HR82128),user_phone,tel,Phone Number,False,Phone Number,,#pt_user_phone_552965541
accountant-hr82128,Accountant - (HR82128),user_job_title,text,Current Job Title,False,Current Job Title,,"[name=""user_job_title""]"
accountant-hr82128,Accountant - (HR82128),user_salary,text,Current Salary,False,Current Salary,,"[name=""user_salary""]"
accountant-hr82128,Accountant - (HR82128),academic-level,select,Academic Level,False,Academic Level,,"[name=""academic-level""]"
accountant-hr82128,Accountant - (HR82128),Age,select,Age,False,Age,,"[name=""Age""]"
accountant-hr82128,Accountant - (HR82128),salary,text,salary,False,,,#salary20558
accountant-hr82128,Accountant - (HR82128),gender,select,Gender,False,Gender,,"[name=""gender""]"
accountant-hr82128,Accountant - (HR82128),industry,select,Industry,False,Industry,,"[name=""industry""]"
accountant-hr82128,Accountant - (HR82128),cand_woutreg_cv_file,file,cand_woutreg_cv_file,False,,,#cand_cv_filefield
accountant-hr82128,Accountant - (HR82128),cand_cover_letter,textarea,Cover Letter,False,Cover Letter,,"[name=""cand_cover_letter""]"
accountant-hr82128,Accountant - (HR82128),candidate_apply_cover,file,candidate_apply_cover,False,,,"[name=""candidate_apply_cover""]"
accountant-hr82128,Accountant - (HR82128),job_id,hidden,job_id,False,,,"[name=""job_id""]"
accountant-hr82128,Accountant - (HR82128),terms_cond_check,checkbox,terms_cond_check,False,,,"[name=""terms_cond_check""]"
demand-generation-manager-multi-location-hr64963,Multi-Location Marketing Manager - (HR64963),pt_user_fname,text,First Name,False,First Name,,"[name=""pt_user_fname""]"
demand-generation-manager-multi-location-hr64963,Multi-Location Marketing Manager - (HR64963),pt_user_lname,text,Last Name,False,Last Name,,"[name=""pt_user_lname""]"
demand-generation-manager-multi-location-hr64963,Multi-Location Marketing Manager - (HR64963),user_email,text,Email Address,False,Email Address,,"[name=""user_email""]"
demand-generation-manager-multi-location-hr64963,Multi-Location Marketing Manager - (HR64963),user_phone,tel,Phone Number,False,Phone Number,,#pt_user_phone_776631454
demand-generation-manager-multi-location-hr64963,Multi-Location Marketing Manager - (HR64963),user_job_title,text,Current Job Title,False,Current Job Title,,"[name=""user_job_title""]"
demand-generation-manager-multi-location-hr64963,Multi-Location Marketing Manager - (HR64963),user_salary,text,Current Salary,False,Current Salary,,"[name=""user_salary""]"
demand-generation-manager-multi-location-hr64963,Multi-Location Marketing Manager - (HR64963),academic-level,select,Academic Level,False,Academic Level,,"[name=""academic-level""]"
demand-generation-manager-multi-location-hr64963,Multi-Location Marketing Manager - (HR64963),Age,select,Age,False,Age,,"[name=""Age""]"
demand-generation-manager-multi-location-hr64963,Multi-Location Marketing Manager - (HR64963),salary,text,salary,False,,,#salary55596
demand-generation-manager-multi-location-hr64963,Multi-Location Marketing Manager - (HR64963),gender,select,Gender,False,Gender,,"[name=""gender""]"
demand-generation-manager-multi-location-hr64963,Multi-Location Marketing Manager - (HR64963),industry,select,Industry,False,Industry,,"[name=""industry""]"
demand-generation-manager-multi-location-hr64963,Multi-Location Marketing Manager - (HR64963),cand_woutreg_cv_file,file,cand_woutreg_cv_file,False,,,#cand_cv_filefield
demand-generation-manager-multi-location-hr64963,Multi-Location Marketing Manager - (HR64963),cand_cover_letter,textarea,Cover Letter,False,Cover Letter,,"[name=""cand_cover_letter""]"
demand-generation-manager-multi-location-hr64963,Multi-Location Marketing Manager - (HR64963),candidate_apply_cover,file,candidate_apply_cover,False,,,"[name=""candidate_apply_cover""]"
demand-generation-manager-multi-location-hr64963,Multi-Location Marketing Manager - (HR64963),job_id,hidden,job_id,False,,,"[name=""job_id""]"
demand-generation-manager-multi-location-hr64963,Multi-Location Marketing Manager - (HR64963),terms_cond_check,checkbox,terms_cond_check,False,,,"[name=""terms_cond_check""]"
email-marketing-designer-klaviyo-focus-hr85424,Email Marketing Designer (Klaviyo Focus)-(HR85424),pt_user_fname,text,First Name,False,First Name,,"[name=""pt_user_fname""]"
email-marketing-designer-klaviyo-focus-hr85424,Email Marketing Designer (Klaviyo Focus)-(HR85424),pt_user_lname,text,Last Name,False,Last Name,,"[name=""pt_user_lname""]"
email-marketing-designer-klaviyo-focus-hr85424,Email Marketing Designer (Klaviyo Focus)-(HR85424),user_email,text,Email Address,False,Email Address,,"[name=""user_email""]"
email-marketing-designer-klaviyo-focus-hr85424,Email Marketing Designer (Klaviyo Focus)-(HR85424),user_phone,tel,Phone Number,False,Phone Number,,#pt_user_phone_207340114
email-marketing-designer-klaviyo-focus-hr85424,Email Marketing Designer (Klaviyo Focus)-(HR85424),user_job_title,text,Current Job Title,False,Current Job Title,,"[name=""user_job_title""]"
email-marketing-designer-klaviyo-focus-hr85424,Email Marketing Designer (Klaviyo Focus)-(HR85424),user_salary,text,Current Salary,False,Current Salary,,"[name=""user_salary""]"
email-marketing-designer-klaviyo-focus-hr85424,Email Marketing Designer (Klaviyo Focus)-(HR85424),academic-level,select,Academic Level,False,Academic Level,,"[name=""academic-level""]"
email-marketing-designer-klaviyo-focus-hr85424,Email Marketing Designer (Klaviyo Focus)-(HR85424),Age,select,Age,False,Age,,"[name=""Age""]"
email-marketing-designer-klaviyo-focus-hr85424,Email Marketing Designer (Klaviyo Focus)-(HR85424),salary,text,salary,False,,,#salary41261
email-marketing-designer-klaviyo-focus-hr85424,Email Marketing Designer (Klaviyo Focus)-(HR85424),gender,select,Gender,False,Gender,,"[name=""gender""]"
email-marketing-designer-klaviyo-focus-hr85424,Email Marketing Designer (Klaviyo Focus)-(HR85424),industry,select,Industry,False,Industry,,"[name=""industry""]"
email-marketing-designer-klaviyo-focus-hr85424,Email Marketing Designer (Klaviyo Focus)-(HR85424),cand_woutreg_cv_file,file,cand_woutreg_cv_file,False,,,#cand_cv_filefield
email-marketing-designer-klaviyo-focus-hr85424,Email Marketing Designer (Klaviyo Focus)-(HR85424),cand_cover_letter,textarea,Cover Letter,False,Cover Letter,,"[name=""cand_cover_letter""]"
email-marketing-designer-klaviyo-focus-hr85424,Email Marketing Designer (Klaviyo Focus)-(HR85424),candidate_apply_cover,file,candidate_apply_cover,False,,,"[name=""candidate_apply_cover""]"
email-marketing-designer-klaviyo-focus-hr85424,Email Marketing Designer (Klaviyo Focus)-(HR85424),job_id,hidden,job_id,False,,,"[name=""job_id""]"
email-marketing-designer-klaviyo-focus-hr85424,Email Marketing Designer (Klaviyo Focus)-(HR85424),terms_cond_check,checkbox,terms_cond_check,False,,,"[name=""terms_cond_check""]"
client-services-associate-hr95911,Client Services Associate - (HR95911),pt_user_fname,text,First Name,False,First Name,,"[name=""pt_user_fname""]"
client-services-associate-hr95911,Client Services Associate - (HR95911),pt_user_lname,text,Last Name,False,Last Name,,"[name=""pt_user_lname""]"
client-services-associate-hr95911,Client Services Associate - (HR95911),user_email,text,Email Address,False,Email Address,,"[name=""user_email""]"
client-services-associate-hr95911,Client Services Associate - (HR95911),user_phone,tel,Phone Number,False,Phone Number,,#pt_user_phone_646067546
client-services-associate-hr95911,Client Services Associate - (HR95911),user_job_title,text,Current Job Title,False,Current Job Title,,"[name=""user_job_title""]"
client-services-associate-hr95911,Client Services Associate - (HR95911),user_salary,text,Current Salary,False,Current Salary,,"[name=""user_salary""]"
client-services-associate-hr95911,Client Services Associate - (HR95911),academic-level,select,Academic Level,False,Academic Level,,"[name=""academic-level""]"
client-services-associate-hr95911,Client Services Associate - (HR95911),Age,select,Age,False,Age,,"[name=""Age""]"
client-services-associate-hr95911,Client Services Associate - (HR95911),salary,text,salary,False,,,#salary58308
client-services-associate-hr95911,Client Services Associate - (HR95911),gender,select,Gender,False,Gender,,"[name=""gender""]"
client-services-associate-hr95911,Client Services Associate - (HR95911),industry,select,Industry,False,Industry,,"[name=""industry""]"
client-services-associate-hr95911,Client Services Associate - (HR95911),cand_woutreg_cv_file,file,cand_woutreg_cv_file,False,,,#cand_cv_filefield
client-services-associate-hr95911,Client Services Associate - (HR95911),cand_cover_letter,textarea,Cover Letter,False,Cover Letter,,"[name=""cand_cover_letter""]"
client-services-associate-hr95911,Client Services Associate - (HR95911),candidate_apply_cover,file,candidate_apply_cover,False,,,"[name=""candidate_apply_cover""]"
client-services-associate-hr95911,Client Services Associate - (HR95911),job_id,hidden,job_id,False,,,"[name=""job_id""]"
client-services-associate-hr95911,Client Services Associate - (HR95911),terms_cond_check,checkbox,terms_cond_check,False,,,"[name=""terms_cond_check""]"
bilingual-client-intake-scheduling-coordinator-hr74530,Bilingual Client Intake & Scheduling Coordinator - (HR74530),pt_user_fname,text,First Name,False,First Name,,"[name=""pt_user_fname""]"
bilingual-client-intake-scheduling-coordinator-hr74530,Bilingual Client Intake & Scheduling Coordinator - (HR74530),pt_user_lname,text,Last Name,False,Last Name,,"[name=""pt_user_lname""]"
bilingual-client-intake-scheduling-coordinator-hr74530,Bilingual Client Intake & Scheduling Coordinator - (HR74530),user_email,text,Email Address,False,Email Address,,"[name=""user_email""]"
bilingual-client-intake-scheduling-coordinator-hr74530,Bilingual Client Intake & Scheduling Coordinator - (HR74530),user_phone,tel,Phone Number,False,Phone Number,,#pt_user_phone_668743482
bilingual-client-intake-scheduling-coordinator-hr74530,Bilingual Client Intake & Scheduling Coordinator - (HR74530),user_job_title,text,Current Job Title,False,Current Job Title,,"[name=""user_job_title""]"
bilingual-client-intake-scheduling-coordinator-hr74530,Bilingual Client Intake & Scheduling Coordinator - (HR74530),user_salary,text,Current Salary,False,Current Salary,,"[name=""user_salary""]"
bilingual-client-intake-scheduling-coordinator-hr74530,Bilingual Client Intake & Scheduling Coordinator - (HR74530),academic-level,select,Academic Level,False,Academic Level,,"[name=""academic-level""]"
bilingual-client-intake-scheduling-coordinator-hr74530,Bilingual Client Intake & Scheduling Coordinator - (HR74530),Age,select,Age,False,Age,,"[name=""Age""]"
bilingual-client-intake-scheduling-coordinator-hr74530,Bilingual Client Intake & Scheduling Coordinator - (HR74530),salary,text,salary,False,,,#salary101913
bilingual-client-intake-scheduling-coordinator-hr74530,Bilingual Client Intake & Scheduling Coordinator - (HR74530),gender,select,Gender,False,Gender,,"[name=""gender""]"
bilingual-client-intake-scheduling-coordinator-hr74530,Bilingual Client Intake & Scheduling Coordinator - (HR74530),industry,select,Industry,False,Industry,,"[name=""industry""]"
bilingual-client-intake-scheduling-coordinator-hr74530,Bilingual Client Intake & Scheduling Coordinator - (HR74530),cand_woutreg_cv_file,file,cand_woutreg_cv_file,False,,,#cand_cv_filefield
bilingual-client-intake-scheduling-coordinator-hr74530,Bilingual Client Intake & Scheduling Coordinator - (HR74530),cand_cover_letter,textarea,Cover Letter,False,Cover Letter,,"[name=""cand_cover_letter""]"
bilingual-client-intake-scheduling-coordinator-hr74530,Bilingual Client Intake & Scheduling Coordinator - (HR74530),candidate_apply_cover,file,candidate_apply_cover,False,,,"[name=""candidate_apply_cover""]"
bilingual-client-intake-scheduling-coordinator-hr74530,Bilingual Client Intake & Scheduling Coordinator - (HR74530),job_id,hidden,job_id,False,,,"[name=""job_id""]"
bilingual-client-intake-scheduling-coordinator-hr74530,Bilingual Client Intake & Scheduling Coordinator - (HR74530),terms_cond_check,checkbox,terms_cond_check,False,,,"[name=""terms_cond_check""]"
finance-reporting-manager-hr72882,Finance & Reporting Manager - (HR72882),pt_user_fname,text,First Name,False,First Name,,"[name=""pt_user_fname""]"
finance-reporting-manager-hr72882,Finance & Reporting Manager - (HR72882),pt_user_lname,text,Last Name,False,Last Name,,"[name=""pt_user_lname""]"
finance-reporting-manager-hr72882,Finance & Reporting Manager - (HR72882),user_email,text,Email Address,False,Email Address,,"[name=""user_email""]"
finance-reporting-manager-hr72882,Finance & Reporting Manager - (HR72882),user_phone,tel,Phone Number,False,Phone Number,,#pt_user_phone_536781498
finance-reporting-manager-hr72882,Finance & Reporting Manager - (HR72882),user_job_title,text,Current Job Title,False,Current Job Title,,"[name=""user_job_title""]"
finance-reporting-manager-hr72882,Finance & Reporting Manager - (HR72882),user_salary,text,Current Salary,False,Current Salary,,"[name=""user_salary""]"
finance-reporting-manager-hr72882,Finance & Reporting Manager - (HR72882),academic-level,select,Academic Level,False,Academic Level,,"[name=""academic-level""]"
finance-reporting-manager-hr72882,Finance & Reporting Manager - (HR72882),Age,select,Age,False,Age,,"[name=""Age""]"
finance-reporting-manager-hr72882,Finance & Reporting Manager - (HR72882),salary,text,salary,False,,,#salary95076
finance-reporting-manager-hr72882,Finance & Reporting Manager - (HR72882),gender,select,Gender,False,Gender,,"[name=""gender""]"
finance-reporting-manager-hr72882,Finance & Reporting Manager - (HR72882),industry,select,Industry,False,Industry,,"[name=""industry""]"
finance-reporting-manager-hr72882,Finance & Reporting Manager - (HR72882),cand_woutreg_cv_file,file,cand_woutreg_cv_file,False,,,#cand_cv_filefield
finance-reporting-manager-hr72882,Finance & Reporting Manager - (HR72882),cand_cover_letter,textarea,Cover Letter,False,Cover Letter,,"[name=""cand_cover_letter""]"
finance-reporting-manager-hr72882,Finance & Reporting Manager - (HR72882),candidate_apply_cover,file,candidate_apply_cover,False,,,"[name=""candidate_apply_cover""]"
finance-reporting-manager-hr72882,Finance & Reporting Manager - (HR72882),job_id,hidden,job_id,False,,,"[name=""job_id""]"
finance-reporting-manager-hr72882,Finance & Reporting Manager - (HR72882),terms_cond_check,checkbox,terms_cond_check,False,,,"[name=""terms_cond_check""]"
operations-systems-support-coordinator-hr73845,Operations Systems Support Coordinator - (HR73845),pt_user_fname,text,First Name,False,First Name,,"[name=""pt_user_fname""]"
operations-systems-support-coordinator-hr73845,Operations Systems Support Coordinator - (HR73845),pt_user_lname,text,Last Name,False,Last Name,,"[name=""pt_user_lname""]"
operations-systems-support-coordinator-hr73845,Operations Systems Support Coordinator - (HR73845),user_email,text,Email Address,False,Email Address,,"[name=""user_email""]"
operations-systems-support-coordinator-hr73845,Operations Systems Support Coordinator - (HR73845),user_phone,tel,Phone Number,False,Phone Number,,#pt_user_phone_106937914
operations-systems-support-coordinator-hr73845,Operations Systems Support Coordinator - (HR73845),user_job_title,text,Current Job Title,False,Current Job Title,,"[name=""user_job_title""]"
operations-systems-support-coordinator-hr73845,Operations Systems Support Coordinator - (HR73845),user_salary,text,Current Salary,False,Current Salary,,"[name=""user_salary""]"
operations-systems-support-coordinator-hr73845,Operations Systems Support Coordinator - (HR73845),academic-level,select,Academic Level,False,Academic Level,,"[name=""academic-level""]"
operations-systems-support-coordinator-hr73845,Operations Systems Support Coordinator - (HR73845),Age,select,Age,False,Age,,"[name=""Age""]"
operations-systems-support-coordinator-hr73845,Operations Systems Support Coordinator - (HR73845),salary,text,salary,False,,,#salary47681
operations-systems-support-coordinator-hr73845,Operations Systems Support Coordinator - (HR73845),gender,select,Gender,False,Gender,,"[name=""gender""]"
operations-systems-support-coordinator-hr73845,Operations Systems Support Coordinator - (HR73845),industry,select,Industry,False,Industry,,"[name=""industry""]"
operations-systems-support-coordinator-hr73845,Operations Systems Support Coordinator - (HR73845),cand_woutreg_cv_file,file,cand_woutreg_cv_file,False,,,#cand_cv_filefield
operations-systems-support-coordinator-hr73845,Operations Systems Support Coordinator - (HR73845),cand_cover_letter,textarea,Cover Letter,False,Cover Letter,,"[name=""cand_cover_letter""]"
operations-systems-support-coordinator-hr73845,Operations Systems Support Coordinator - (HR73845),candidate_apply_cover,file,candidate_apply_cover,False,,,"[name=""candidate_apply_cover""]"
operations-systems-support-coordinator-hr73845,Operations Systems Support Coordinator - (HR73845),job_id,hidden,job_id,False,,,"[name=""job_id""]"
operations-systems-support-coordinator-hr73845,Operations Systems Support Coordinator - (HR73845),terms_cond_check,checkbox,terms_cond_check,False,,,"[name=""terms_cond_check""]"
technical-support-specialist-hr37910,Technical Support Specialist - (HR37910),pt_user_fname,text,First Name,False,First Name,,"[name=""pt_user_fname""]"
technical-support-specialist-hr37910,Technical Support Specialist - (HR37910),pt_user_lname,text,Last Name,False,Last Name,,"[name=""pt_user_lname""]"
technical-support-specialist-hr37910,Technical Support Specialist - (HR37910),user_email,text,Email Address,False,Email Address,,"[name=""user_email""]"
technical-support-specialist-hr37910,Technical Support Specialist - (HR37910),user_phone,tel,Phone Number,False,Phone Number,,#pt_user_phone_831809681
technical-support-specialist-hr37910,Technical Support Specialist - (HR37910),user_job_title,text,Current Job Title,False,Current Job Title,,"[name=""user_job_title""]"
technical-support-specialist-hr37910,Technical Support Specialist - (HR37910),user_salary,text,Current Salary,False,Current Salary,,"[name=""user_salary""]"
technical-support-specialist-hr37910,Technical Support Specialist - (HR37910),academic-level,select,Academic Level,False,Academic Level,,"[name=""academic-level""]"
technical-support-specialist-hr37910,Technical Support Specialist - (HR37910),Age,select,Age,False,Age,,"[name=""Age""]"
technical-support-specialist-hr37910,Technical Support Specialist - (HR37910),salary,text,salary,False,,,#salary68928
technical-support-specialist-hr37910,Technical Support Specialist - (HR37910),gender,select,Gender,False,Gender,,"[name=""gender""]"
technical-support-specialist-hr37910,Technical Support Specialist - (HR37910),industry,select,Industry,False,Industry,,"[name=""industry""]"
technical-support-specialist-hr37910,Technical Support Specialist - (HR37910),cand_woutreg_cv_file,file,cand_woutreg_cv_file,False,,,#cand_cv_filefield
technical-support-specialist-hr37910,Technical Support Specialist - (HR37910),cand_cover_letter,textarea,Cover Letter,False,Cover Letter,,"[name=""cand_cover_letter""]"
technical-support-specialist-hr37910,Technical Support Specialist - (HR37910),candidate_apply_cover,file,candidate_apply_cover,False,,,"[name=""candidate_apply_cover""]"
technical-support-specialist-hr37910,Technical Support Specialist - (HR37910),job_id,hidden,job_id,False,,,"[name=""job_id""]"
technical-support-specialist-hr37910,Technical Support Specialist - (HR37910),terms_cond_check,checkbox,terms_cond_check,False,,,"[name=""terms_cond_check""]"
growth-creative-strategist-paid-social-hr87072,Growth Creative Strategist (Paid Social)-(HR87072),pt_user_fname,text,First Name,False,First Name,,"[name=""pt_user_fname""]"
growth-creative-strategist-paid-social-hr87072,Growth Creative Strategist (Paid Social)-(HR87072),pt_user_lname,text,Last Name,False,Last Name,,"[name=""pt_user_lname""]"
growth-creative-strategist-paid-social-hr87072,Growth Creative Strategist (Paid Social)-(HR87072),user_email,text,Email Address,False,Email Address,,"[name=""user_email""]"
growth-creative-strategist-paid-social-hr87072,Growth Creative Strategist (Paid Social)-(HR87072),user_phone,tel,Phone Number,False,Phone Number,,#pt_user_phone_217661918
growth-creative-strategist-paid-social-hr87072,Growth Creative Strategist (Paid Social)-(HR87072),user_job_title,text,Current Job Title,False,Current Job Title,,"[name=""user_job_title""]"
growth-creative-strategist-paid-social-hr87072,Growth Creative Strategist (Paid Social)-(HR87072),user_salary,text,Current Salary,False,Current Salary,,"[name=""user_salary""]"
growth-creative-strategist-paid-social-hr87072,Growth Creative Strategist (Paid Social)-(HR87072),academic-level,select,Academic Level,False,Academic Level,,"[name=""academic-level""]"
growth-creative-strategist-paid-social-hr87072,Growth Creative Strategist (Paid Social)-(HR87072),Age,select,Age,False,Age,,"[name=""Age""]"
growth-creative-strategist-paid-social-hr87072,Growth Creative Strategist (Paid Social)-(HR87072),salary,text,salary,False,,,#salary107156
growth-creative-strategist-paid-social-hr87072,Growth Creative Strategist (Paid Social)-(HR87072),gender,select,Gender,False,Gender,,"[name=""gender""]"
growth-creative-strategist-paid-social-hr87072,Growth Creative Strategist (Paid Social)-(HR87072),industry,select,Industry,False,Industry,,"[name=""industry""]"
growth-creative-strategist-paid-social-hr87072,Growth Creative Strategist (Paid Social)-(HR87072),cand_woutreg_cv_file,file,cand_woutreg_cv_file,False,,,#cand_cv_filefield
growth-creative-strategist-paid-social-hr87072,Growth Creative Strategist (Paid Social)-(HR87072),cand_cover_letter,textarea,Cover Letter,False,Cover Letter,,"[name=""cand_cover_letter""]"
growth-creative-strategist-paid-social-hr87072,Growth Creative Strategist (Paid Social)-(HR87072),candidate_apply_cover,file,candidate_apply_cover,False,,,"[name=""candidate_apply_cover""]"
growth-creative-strategist-paid-social-hr87072,Growth Creative Strategist (Paid Social)-(HR87072),job_id,hidden,job_id,False,,,"[name=""job_id""]"
growth-creative-strategist-paid-social-hr87072,Growth Creative Strategist (Paid Social)-(HR87072),terms_cond_check,checkbox,terms_cond_check,False,,,"[name=""terms_cond_check""]"
inbound-customer-service-booking-representative-hr85745,Inbound Customer Service & Booking Representative - (HR85745),pt_user_fname,text,First Name,False,First Name,,"[name=""pt_user_fname""]"
inbound-customer-service-booking-representative-hr85745,Inbound Customer Service & Booking Representative - (HR85745),pt_user_lname,text,Last Name,False,Last Name,,"[name=""pt_user_lname""]"
inbound-customer-service-booking-representative-hr85745,Inbound Customer Service & Booking Representative - (HR85745),user_email,text,Email Address,False,Email Address,,"[name=""user_email""]"
inbound-customer-service-booking-representative-hr85745,Inbound Customer Service & Booking Representative - (HR85745),user_phone,tel,Phone Number,False,Phone Number,,#pt_user_phone_695284767
inbound-customer-service-booking-representative-hr85745,Inbound Customer Service & Booking Representative - (HR85745),user_job_title,text,Current Job Title,False,Current Job Title,,"[name=""user_job_title""]"
inbound-customer-service-booking-representative-hr85745,Inbound Customer Service & Booking Representative - (HR85745),user_salary,text,Current Salary,False,Current Salary,,"[name=""user_salary""]"
inbound-customer-service-booking-representative-hr85745,Inbound Customer Service & Booking Representative - (HR85745),academic-level,select,Academic Level,False,Academic Level,,"[name=""academic-level""]"
inbound-customer-service-booking-representative-hr85745,Inbound Customer Service & Booking Representative - (HR85745),Age,select,Age,False,Age,,"[name=""Age""]"
inbound-customer-service-booking-representative-hr85745,Inbound Customer Service & Booking Representative - (HR85745),salary,text,salary,False,,,#salary115477
inbound-customer-service-booking-representative-hr85745,Inbound Customer Service & Booking Representative - (HR85745),gender,select,Gender,False,Gender,,"[name=""gender""]"
inbound-customer-service-booking-representative-hr85745,Inbound Customer Service & Booking Representative - (HR85745),industry,select,Industry,False,Industry,,"[name=""industry""]"
inbound-customer-service-booking-representative-hr85745,Inbound Customer Service & Booking Representative - (HR85745),cand_woutreg_cv_file,file,cand_woutreg_cv_file,False,,,#cand_cv_filefield
inbound-customer-service-booking-representative-hr85745,Inbound Customer Service & Booking Representative - (HR85745),cand_cover_letter,textarea,Cover Letter,False,Cover Letter,,"[name=""cand_cover_letter""]"
inbound-customer-service-booking-representative-hr85745,Inbound Customer Service & Booking Representative - (HR85745),candidate_apply_cover,file,candidate_apply_cover,False,,,"[name=""candidate_apply_cover""]"
inbound-customer-service-booking-representative-hr85745,Inbound Customer Service & Booking Representative - (HR85745),job_id,hidden,job_id,False,,,"[name=""job_id""]"
inbound-customer-service-booking-representative-hr85745,Inbound Customer Service & Booking Representative - (HR85745),terms_cond_check,checkbox,terms_cond_check,False,,,"[name=""terms_cond_check""]"
operations-project-coordinator-hr42854,Operations & Project Coordinator - (HR42854),pt_user_fname,text,First Name,False,First Name,,"[name=""pt_user_fname""]"
operations-project-coordinator-hr42854,Operations & Project Coordinator - (HR42854),pt_user_lname,text,Last Name,False,Last Name,,"[name=""pt_user_lname""]"
operations-project-coordinator-hr42854,Operations & Project Coordinator - (HR42854),user_email,text,Email Address,False,Email Address,,"[name=""user_email""]"
operations-project-coordinator-hr42854,Operations & Project Coordinator - (HR42854),user_phone,tel,Phone Number,False,Phone Number,,#pt_user_phone_178004043
operations-project-coordinator-hr42854,Operations & Project Coordinator - (HR42854),user_job_title,text,Current Job Title,False,Current Job Title,,"[name=""user_job_title""]"
operations-project-coordinator-hr42854,Operations & Project Coordinator - (HR42854),user_salary,text,Current Salary,False,Current Salary,,"[name=""user_salary""]"
operations-project-coordinator-hr42854,Operations & Project Coordinator - (HR42854),academic-level,select,Academic Level,False,Academic Level,,"[name=""academic-level""]"
operations-project-coordinator-hr42854,Operations & Project Coordinator - (HR42854),Age,select,Age,False,Age,,"[name=""Age""]"
operations-project-coordinator-hr42854,Operations & Project Coordinator - (HR42854),salary,text,salary,False,,,#salary115428
operations-project-coordinator-hr42854,Operations & Project Coordinator - (HR42854),gender,select,Gender,False,Gender,,"[name=""gender""]"
operations-project-coordinator-hr42854,Operations & Project Coordinator - (HR42854),industry,select,Industry,False,Industry,,"[name=""industry""]"
operations-project-coordinator-hr42854,Operations & Project Coordinator - (HR42854),cand_woutreg_cv_file,file,cand_woutreg_cv_file,False,,,#cand_cv_filefield
operations-project-coordinator-hr42854,Operations & Project Coordinator - (HR42854),cand_cover_letter,textarea,Cover Letter,False,Cover Letter,,"[name=""cand_cover_letter""]"
operations-project-coordinator-hr42854,Operations & Project Coordinator - (HR42854),candidate_apply_cover,file,candidate_apply_cover,False,,,"[name=""candidate_apply_cover""]"
operations-project-coordinator-hr42854,Operations & Project Coordinator - (HR42854),job_id,hidden,job_id,False,,,"[name=""job_id""]"
operations-project-coordinator-hr42854,Operations & Project Coordinator - (HR42854),terms_cond_check,checkbox,terms_cond_check,False,,,"[name=""terms_cond_check""]"
recruiting-and-people-coordinator-hr50773,Recruiting and People Coordinator - (HR50773),pt_user_fname,text,First Name,False,First Name,,"[name=""pt_user_fname""]"
recruiting-and-people-coordinator-hr50773,Recruiting and People Coordinator - (HR50773),pt_user_lname,text,Last Name,False,Last Name,,"[name=""pt_user_lname""]"
recruiting-and-people-coordinator-hr50773,Recruiting and People Coordinator - (HR50773),user_email,text,Email Address,False,Email Address,,"[name=""user_email""]"
recruiting-and-people-coordinator-hr50773,Recruiting and People Coordinator - (HR50773),user_phone,tel,Phone Number,False,Phone Number,,#pt_user_phone_922351980
recruiting-and-people-coordinator-hr50773,Recruiting and People Coordinator - (HR50773),user_job_title,text,Current Job Title,False,Current Job Title,,"[name=""user_job_title""]"
recruiting-and-people-coordinator-hr50773,Recruiting and People Coordinator - (HR50773),user_salary,text,Current Salary,False,Current Salary,,"[name=""user_salary""]"
recruiting-and-people-coordinator-hr50773,Recruiting and People Coordinator - (HR50773),academic-level,select,Academic Level,False,Academic Level,,"[name=""academic-level""]"
recruiting-and-people-coordinator-hr50773,Recruiting and People Coordinator - (HR50773),Age,select,Age,False,Age,,"[name=""Age""]"
recruiting-and-people-coordinator-hr50773,Recruiting and People Coordinator - (HR50773),salary,text,salary,False,,,#salary116413
recruiting-and-people-coordinator-hr50773,Recruiting and People Coordinator - (HR50773),gender,select,Gender,False,Gender,,"[name=""gender""]"
recruiting-and-people-coordinator-hr50773,Recruiting and People Coordinator - (HR50773),industry,select,Industry,False,Industry,,"[name=""industry""]"
recruiting-and-people-coordinator-hr50773,Recruiting and People Coordinator - (HR50773),cand_woutreg_cv_file,file,cand_woutreg_cv_file,False,,,#cand_cv_filefield
recruiting-and-people-coordinator-hr50773,Recruiting and People Coordinator - (HR50773),cand_cover_letter,textarea,Cover Letter,False,Cover Letter,,"[name=""cand_cover_letter""]"
recruiting-and-people-coordinator-hr50773,Recruiting and People Coordinator - (HR50773),candidate_apply_cover,file,candidate_apply_cover,False,,,"[name=""candidate_apply_cover""]"
recruiting-and-people-coordinator-hr50773,Recruiting and People Coordinator - (HR50773),job_id,hidden,job_id,False,,,"[name=""job_id""]"
recruiting-and-people-coordinator-hr50773,Recruiting and People Coordinator - (HR50773),terms_cond_check,checkbox,terms_cond_check,False,,,"[name=""terms_cond_check""]"
leasing-specialist-hr39558,Leasing Specialist - (HR39558),pt_user_fname,text,First Name,False,First Name,,"[name=""pt_user_fname""]"
leasing-specialist-hr39558,Leasing Specialist - (HR39558),pt_user_lname,text,Last Name,False,Last Name,,"[name=""pt_user_lname""]"
leasing-specialist-hr39558,Leasing Specialist - (HR39558),user_email,text,Email Address,False,Email Address,,"[name=""user_email""]"
leasing-specialist-hr39558,Leasing Specialist - (HR39558),user_phone,tel,Phone Number,False,Phone Number,,#pt_user_phone_887827418
leasing-specialist-hr39558,Leasing Specialist - (HR39558),user_job_title,text,Current Job Title,False,Current Job Title,,"[name=""user_job_title""]"
leasing-specialist-hr39558,Leasing Specialist - (HR39558),user_salary,text,Current Salary,False,Current Salary,,"[name=""user_salary""]"
leasing-specialist-hr39558,Leasing Specialist - (HR39558),academic-level,select,Academic Level,False,Academic Level,,"[name=""academic-level""]"
leasing-specialist-hr39558,Leasing Specialist - (HR39558),Age,select,Age,False,Age,,"[name=""Age""]"
leasing-specialist-hr39558,Leasing Specialist - (HR39558),salary,text,salary,False,,,#salary19792
leasing-specialist-hr39558,Leasing Specialist - (HR39558),gender,select,Gender,False,Gender,,"[name=""gender""]"
leasing-specialist-hr39558,Leasing Specialist - (HR39558),industry,select,Industry,False,Industry,,"[name=""industry""]"
leasing-specialist-hr39558,Leasing Specialist - (HR39558),cand_woutreg_cv_file,file,cand_woutreg_cv_file,False,,,#cand_cv_filefield
leasing-specialist-hr39558,Leasing Specialist - (HR39558),cand_cover_letter,textarea,Cover Letter,False,Cover Letter,,"[name=""cand_cover_letter""]"
leasing-specialist-hr39558,Leasing Specialist - (HR39558),candidate_apply_cover,file,candidate_apply_cover,False,,,"[name=""candidate_apply_cover""]"
leasing-specialist-hr39558,Leasing Specialist - (HR39558),job_id,hidden,job_id,False,,,"[name=""job_id""]"
leasing-specialist-hr39558,Leasing Specialist - (HR39558),terms_cond_check,checkbox,terms_cond_check,False,,,"[name=""terms_cond_check""]"
personal-injury-civil-litigation-legal-assistant-hr76178,Personal Injury & Civil Litigation Legal Assistant-(HR76178),pt_user_fname,text,First Name,False,First Name,,"[name=""pt_user_fname""]"
personal-injury-civil-litigation-legal-assistant-hr76178,Personal Injury & Civil Litigation Legal Assistant-(HR76178),pt_user_lname,text,Last Name,False,Last Name,,"[name=""pt_user_lname""]"
personal-injury-civil-litigation-legal-assistant-hr76178,Personal Injury & Civil Litigation Legal Assistant-(HR76178),user_email,text,Email Address,False,Email Address,,"[name=""user_email""]"
personal-injury-civil-litigation-legal-assistant-hr76178,Personal Injury & Civil Litigation Legal Assistant-(HR76178),user_phone,tel,Phone Number,False,Phone Number,,#pt_user_phone_295288560
personal-injury-civil-litigation-legal-assistant-hr76178,Personal Injury & Civil Litigation Legal Assistant-(HR76178),user_job_title,text,Current Job Title,False,Current Job Title,,"[name=""user_job_title""]"
personal-injury-civil-litigation-legal-assistant-hr76178,Personal Injury & Civil Litigation Legal Assistant-(HR76178),user_salary,text,Current Salary,False,Current Salary,,"[name=""user_salary""]"
personal-injury-civil-litigation-legal-assistant-hr76178,Personal Injury & Civil Litigation Legal Assistant-(HR76178),academic-level,select,Academic Level,False,Academic Level,,"[name=""academic-level""]"
personal-injury-civil-litigation-legal-assistant-hr76178,Personal Injury & Civil Litigation Legal Assistant-(HR76178),Age,select,Age,False,Age,,"[name=""Age""]"
personal-injury-civil-litigation-legal-assistant-hr76178,Personal Injury & Civil Litigation Legal Assistant-(HR76178),salary,text,salary,False,,,#salary42183
personal-injury-civil-litigation-legal-assistant-hr76178,Personal Injury & Civil Litigation Legal Assistant-(HR76178),gender,select,Gender,False,Gender,,"[name=""gender""]"
personal-injury-civil-litigation-legal-assistant-hr76178,Personal Injury & Civil Litigation Legal Assistant-(HR76178),industry,select,Industry,False,Industry,,"[name=""industry""]"
personal-injury-civil-litigation-legal-assistant-hr76178,Personal Injury & Civil Litigation Legal Assistant-(HR76178),cand_woutreg_cv_file,file,cand_woutreg_cv_file,False,,,#cand_cv_filefield
personal-injury-civil-litigation-legal-assistant-hr76178,Personal Injury & Civil Litigation Legal Assistant-(HR76178),cand_cover_letter,textarea,Cover Letter,False,Cover Letter,,"[name=""cand_cover_letter""]"
personal-injury-civil-litigation-legal-assistant-hr76178,Personal Injury & Civil Litigation Legal Assistant-(HR76178),candidate_apply_cover,file,candidate_apply_cover,False,,,"[name=""candidate_apply_cover""]"
personal-injury-civil-litigation-legal-assistant-hr76178,Personal Injury & Civil Litigation Legal Assistant-(HR76178),job_id,hidden,job_id,False,,,"[name=""job_id""]"
personal-injury-civil-litigation-legal-assistant-hr76178,Personal Injury & Civil Litigation Legal Assistant-(HR76178),terms_cond_check,checkbox,terms_cond_check,False,,,"[name=""terms_cond_check""]"
ma-analyst-hr60340,M&A Analyst - (HR60340),pt_user_fname,text,First Name,False,First Name,,"[name=""pt_user_fname""]"
ma-analyst-hr60340,M&A Analyst - (HR60340),pt_user_lname,text,Last Name,False,Last Name,,"[name=""pt_user_lname""]"
ma-analyst-hr60340,M&A Analyst - (HR60340),user_email,text,Email Address,False,Email Address,,"[name=""user_email""]"
ma-analyst-hr60340,M&A Analyst - (HR60340),user_phone,tel,Phone Number,False,Phone Number,,#pt_user_phone_194190487
ma-analyst-hr60340,M&A Analyst - (HR60340),user_job_title,text,Current Job Title,False,Current Job Title,,"[name=""user_job_title""]"
ma-analyst-hr60340,M&A Analyst - (HR60340),user_salary,text,Current Salary,False,Current Salary,,"[name=""user_salary""]"
ma-analyst-hr60340,M&A Analyst - (HR60340),academic-level,select,Academic Level,False,Academic Level,,"[name=""academic-level""]"
ma-analyst-hr60340,M&A Analyst - (HR60340),Age,select,Age,False,Age,,"[name=""Age""]"
ma-analyst-hr60340,M&A Analyst - (HR60340),salary,text,salary,False,,,#salary76586
ma-analyst-hr60340,M&A Analyst - (HR60340),gender,select,Gender,False,Gender,,"[name=""gender""]"
ma-analyst-hr60340,M&A Analyst - (HR60340),industry,select,Industry,False,Industry,,"[name=""industry""]"
ma-analyst-hr60340,M&A Analyst - (HR60340),cand_woutreg_cv_file,file,cand_woutreg_cv_file,False,,,#cand_cv_filefield
ma-analyst-hr60340,M&A Analyst - (HR60340),cand_cover_letter,textarea,Cover Letter,False,Cover Letter,,"[name=""cand_cover_letter""]"
ma-analyst-hr60340,M&A Analyst - (HR60340),candidate_apply_cover,file,candidate_apply_cover,False,,,"[name=""candidate_apply_cover""]"
ma-analyst-hr60340,M&A Analyst - (HR60340),job_id,hidden,job_id,False,,,"[name=""job_id""]"
ma-analyst-hr60340,M&A Analyst - (HR60340),terms_cond_check,checkbox,terms_cond_check,False,,,"[name=""terms_cond_check""]"
dispatcher-hr52421,Dispatcher - (HR52421),pt_user_fname,text,First Name,False,First Name,,"[name=""pt_user_fname""]"
dispatcher-hr52421,Dispatcher - (HR52421),pt_user_lname,text,Last Name,False,Last Name,,"[name=""pt_user_lname""]"
dispatcher-hr52421,Dispatcher - (HR52421),user_email,text,Email Address,False,Email Address,,"[name=""user_email""]"
dispatcher-hr52421,Dispatcher - (HR52421),user_phone,tel,Phone Number,False,Phone Number,,#pt_user_phone_157787224
dispatcher-hr52421,Dispatcher - (HR52421),user_job_title,text,Current Job Title,False,Current Job Title,,"[name=""user_job_title""]"
dispatcher-hr52421,Dispatcher - (HR52421),user_salary,text,Current Salary,False,Current Salary,,"[name=""user_salary""]"
dispatcher-hr52421,Dispatcher - (HR52421),academic-level,select,Academic Level,False,Academic Level,,"[name=""academic-level""]"
dispatcher-hr52421,Dispatcher - (HR52421),Age,select,Age,False,Age,,"[name=""Age""]"
dispatcher-hr52421,Dispatcher - (HR52421),salary,text,salary,False,,,#salary71542
dispatcher-hr52421,Dispatcher - (HR52421),gender,select,Gender,False,Gender,,"[name=""gender""]"
dispatcher-hr52421,Dispatcher - (HR52421),industry,select,Industry,False,Industry,,"[name=""industry""]"
dispatcher-hr52421,Dispatcher - (HR52421),cand_woutreg_cv_file,file,cand_woutreg_cv_file,False,,,#cand_cv_filefield
dispatcher-hr52421,Dispatcher - (HR52421),cand_cover_letter,textarea,Cover Letter,False,Cover Letter,,"[name=""cand_cover_letter""]"
dispatcher-hr52421,Dispatcher - (HR52421),candidate_apply_cover,file,candidate_apply_cover,False,,,"[name=""candidate_apply_cover""]"
dispatcher-hr52421,Dispatcher - (HR52421),job_id,hidden,job_id,False,,,"[name=""job_id""]"
dispatcher-hr52421,Dispatcher - (HR52421),terms_cond_check,checkbox,terms_cond_check,False,,,"[name=""terms_cond_check""]"
construction-operations-coordinator-hr71555,Construction Operations Coordinator - (HR71555),pt_user_fname,text,First Name,False,First Name,,"[name=""pt_user_fname""]"
construction-operations-coordinator-hr71555,Construction Operations Coordinator - (HR71555),pt_user_lname,text,Last Name,False,Last Name,,"[name=""pt_user_lname""]"
construction-operations-coordinator-hr71555,Construction Operations Coordinator - (HR71555),user_email,text,Email Address,False,Email Address,,"[name=""user_email""]"
construction-operations-coordinator-hr71555,Construction Operations Coordinator - (HR71555),user_phone,tel,Phone Number,False,Phone Number,,#pt_user_phone_320246634
construction-operations-coordinator-hr71555,Construction Operations Coordinator - (HR71555),user_job_title,text,Current Job Title,False,Current Job Title,,"[name=""user_job_title""]"
construction-operations-coordinator-hr71555,Construction Operations Coordinator - (HR71555),user_salary,text,Current Salary,False,Current Salary,,"[name=""user_salary""]"
construction-operations-coordinator-hr71555,Construction Operations Coordinator - (HR71555),academic-level,select,Academic Level,False,Academic Level,,"[name=""academic-level""]"
construction-operations-coordinator-hr71555,Construction Operations Coordinator - (HR71555),Age,select,Age,False,Age,,"[name=""Age""]"
construction-operations-coordinator-hr71555,Construction Operations Coordinator - (HR71555),salary,text,salary,False,,,#salary118376
construction-operations-coordinator-hr71555,Construction Operations Coordinator - (HR71555),gender,select,Gender,False,Gender,,"[name=""gender""]"
construction-operations-coordinator-hr71555,Construction Operations Coordinator - (HR71555),industry,select,Industry,False,Industry,,"[name=""industry""]"
construction-operations-coordinator-hr71555,Construction Operations Coordinator - (HR71555),cand_woutreg_cv_file,file,cand_woutreg_cv_file,False,,,#cand_cv_filefield
construction-operations-coordinator-hr71555,Construction Operations Coordinator - (HR71555),cand_cover_letter,textarea,Cover Letter,False,Cover Letter,,"[name=""cand_cover_letter""]"
construction-operations-coordinator-hr71555,Construction Operations Coordinator - (HR71555),candidate_apply_cover,file,candidate_apply_cover,False,,,"[name=""candidate_apply_cover""]"
construction-operations-coordinator-hr71555,Construction Operations Coordinator - (HR71555),job_id,hidden,job_id,False,,,"[name=""job_id""]"
construction-operations-coordinator-hr71555,Construction Operations Coordinator - (HR71555),terms_cond_check,checkbox,terms_cond_check,False,,,"[name=""terms_cond_check""]"
meta-ads-manager-hr41527,Meta Ads Manager - (HR41527),pt_user_fname,text,First Name,False,First Name,,"[name=""pt_user_fname""]"
meta-ads-manager-hr41527,Meta Ads Manager - (HR41527),pt_user_lname,text,Last Name,False,Last Name,,"[name=""pt_user_lname""]"
meta-ads-manager-hr41527,Meta Ads Manager - (HR41527),user_email,text,Email Address,False,Email Address,,"[name=""user_email""]"
meta-ads-manager-hr41527,Meta Ads Manager - (HR41527),user_phone,tel,Phone Number,False,Phone Number,,#pt_user_phone_211526285
meta-ads-manager-hr41527,Meta Ads Manager - (HR41527),user_job_title,text,Current Job Title,False,Current Job Title,,"[name=""user_job_title""]"
meta-ads-manager-hr41527,Meta Ads Manager - (HR41527),user_salary,text,Current Salary,False,Current Salary,,"[name=""user_salary""]"
meta-ads-manager-hr41527,Meta Ads Manager - (HR41527),academic-level,select,Academic Level,False,Academic Level,,"[name=""academic-level""]"
meta-ads-manager-hr41527,Meta Ads Manager - (HR41527),Age,select,Age,False,Age,,"[name=""Age""]"
meta-ads-manager-hr41527,Meta Ads Manager - (HR41527),salary,text,salary,False,,,#salary7640
meta-ads-manager-hr41527,Meta Ads Manager - (HR41527),gender,select,Gender,False,Gender,,"[name=""gender""]"
meta-ads-manager-hr41527,Meta Ads Manager - (HR41527),industry,select,Industry,False,Industry,,"[name=""industry""]"
meta-ads-manager-hr41527,Meta Ads Manager - (HR41527),cand_woutreg_cv_file,file,cand_woutreg_cv_file,False,,,#cand_cv_filefield
meta-ads-manager-hr41527,Meta Ads Manager - (HR41527),cand_cover_letter,textarea,Cover Letter,False,Cover Letter,,"[name=""cand_cover_letter""]"
meta-ads-manager-hr41527,Meta Ads Manager - (HR41527),candidate_apply_cover,file,candidate_apply_cover,False,,,"[name=""candidate_apply_cover""]"
meta-ads-manager-hr41527,Meta Ads Manager - (HR41527),job_id,hidden,job_id,False,,,"[name=""job_id""]"
meta-ads-manager-hr41527,Meta Ads Manager - (HR41527),terms_cond_check,checkbox,terms_cond_check,False,,,"[name=""terms_cond_check""]"
direct-response-funnel-market-hr47798,Direct Response Funnel Market - (HR47798),pt_user_fname,text,First Name,False,First Name,,"[name=""pt_user_fname""]"
direct-response-funnel-market-hr47798,Direct Response Funnel Market - (HR47798),pt_user_lname,text,Last Name,False,Last Name,,"[name=""pt_user_lname""]"
direct-response-funnel-market-hr47798,Direct Response Funnel Market - (HR47798),user_email,text,Email Address,False,Email Address,,"[name=""user_email""]"
direct-response-funnel-market-hr47798,Direct Response Funnel Market - (HR47798),user_phone,tel,Phone Number,False,Phone Number,,#pt_user_phone_860572176
direct-response-funnel-market-hr47798,Direct Response Funnel Market - (HR47798),user_job_title,text,Current Job Title,False,Current Job Title,,"[name=""user_job_title""]"
direct-response-funnel-market-hr47798,Direct Response Funnel Market - (HR47798),user_salary,text,Current Salary,False,Current Salary,,"[name=""user_salary""]"
direct-response-funnel-market-hr47798,Direct Response Funnel Market - (HR47798),academic-level,select,Academic Level,False,Academic Level,,"[name=""academic-level""]"
direct-response-funnel-market-hr47798,Direct Response Funnel Market - (HR47798),Age,select,Age,False,Age,,"[name=""Age""]"
direct-response-funnel-market-hr47798,Direct Response Funnel Market - (HR47798),salary,text,salary,False,,,#salary117751
direct-response-funnel-market-hr47798,Direct Response Funnel Market - (HR47798),gender,select,Gender,False,Gender,,"[name=""gender""]"
direct-response-funnel-market-hr47798,Direct Response Funnel Market - (HR47798),industry,select,Industry,False,Industry,,"[name=""industry""]"
direct-response-funnel-market-hr47798,Direct Response Funnel Market - (HR47798),cand_woutreg_cv_file,file,cand_woutreg_cv_file,False,,,#cand_cv_filefield
direct-response-funnel-market-hr47798,Direct Response Funnel Market - (HR47798),cand_cover_letter,textarea,Cover Letter,False,Cover Letter,,"[name=""cand_cover_letter""]"
direct-response-funnel-market-hr47798,Direct Response Funnel Market - (HR47798),candidate_apply_cover,file,candidate_apply_cover,False,,,"[name=""candidate_apply_cover""]"
direct-response-funnel-market-hr47798,Direct Response Funnel Market - (HR47798),job_id,hidden,job_id,False,,,"[name=""job_id""]"
direct-response-funnel-market-hr47798,Direct Response Funnel Market - (HR47798),terms_cond_check,checkbox,terms_cond_check,False,,,"[name=""terms_cond_check""]"
patient-success-coordinator-hr82770,Patient Success Coordinator - (HR82770),pt_user_fname,text,First Name,False,First Name,,"[name=""pt_user_fname""]"
patient-success-coordinator-hr82770,Patient Success Coordinator - (HR82770),pt_user_lname,text,Last Name,False,Last Name,,"[name=""pt_user_lname""]"
patient-success-coordinator-hr82770,Patient Success Coordinator - (HR82770),user_email,text,Email Address,False,Email Address,,"[name=""user_email""]"
patient-success-coordinator-hr82770,Patient Success Coordinator - (HR82770),user_phone,tel,Phone Number,False,Phone Number,,#pt_user_phone_451401728
patient-success-coordinator-hr82770,Patient Success Coordinator - (HR82770),user_job_title,text,Current Job Title,False,Current Job Title,,"[name=""user_job_title""]"
patient-success-coordinator-hr82770,Patient Success Coordinator - (HR82770),user_salary,text,Current Salary,False,Current Salary,,"[name=""user_salary""]"
patient-success-coordinator-hr82770,Patient Success Coordinator - (HR82770),academic-level,select,Academic Level,False,Academic Level,,"[name=""academic-level""]"
patient-success-coordinator-hr82770,Patient Success Coordinator - (HR82770),Age,select,Age,False,Age,,"[name=""Age""]"
patient-success-coordinator-hr82770,Patient Success Coordinator - (HR82770),salary,text,salary,False,,,#salary3340
patient-success-coordinator-hr82770,Patient Success Coordinator - (HR82770),gender,select,Gender,False,Gender,,"[name=""gender""]"
patient-success-coordinator-hr82770,Patient Success Coordinator - (HR82770),industry,select,Industry,False,Industry,,"[name=""industry""]"
patient-success-coordinator-hr82770,Patient Success Coordinator - (HR82770),cand_woutreg_cv_file,file,cand_woutreg_cv_file,False,,,#cand_cv_filefield
patient-success-coordinator-hr82770,Patient Success Coordinator - (HR82770),cand_cover_letter,textarea,Cover Letter,False,Cover Letter,,"[name=""cand_cover_letter""]"
patient-success-coordinator-hr82770,Patient Success Coordinator - (HR82770),candidate_apply_cover,file,candidate_apply_cover,False,,,"[name=""candidate_apply_cover""]"
patient-success-coordinator-hr82770,Patient Success Coordinator - (HR82770),job_id,hidden,job_id,False,,,"[name=""job_id""]"
patient-success-coordinator-hr82770,Patient Success Coordinator - (HR82770),terms_cond_check,checkbox,terms_cond_check,False,,,"[name=""terms_cond_check""]"
executive-assistant-strategic-operations-wg14190,Executive Assistant (Strategic Operations) - (WG14190),pt_user_fname,text,First Name,False,First Name,,"[name=""pt_user_fname""]"
executive-assistant-strategic-operations-wg14190,Executive Assistant (Strategic Operations) - (WG14190),pt_user_lname,text,Last Name,False,Last Name,,"[name=""pt_user_lname""]"
executive-assistant-strategic-operations-wg14190,Executive Assistant (Strategic Operations) - (WG14190),user_email,text,Email Address,False,Email Address,,"[name=""user_email""]"
executive-assistant-strategic-operations-wg14190,Executive Assistant (Strategic Operations) - (WG14190),user_phone,tel,Phone Number,False,Phone Number,,#pt_user_phone_861851553
executive-assistant-strategic-operations-wg14190,Executive Assistant (Strategic Operations) - (WG14190),user_job_title,text,Current Job Title,False,Current Job Title,,"[name=""user_job_title""]"
executive-assistant-strategic-operations-wg14190,Executive Assistant (Strategic Operations) - (WG14190),user_salary,text,Current Salary,False,Current Salary,,"[name=""user_salary""]"
executive-assistant-strategic-operations-wg14190,Executive Assistant (Strategic Operations) - (WG14190),academic-level,select,Academic Level,False,Academic Level,,"[name=""academic-level""]"
executive-assistant-strategic-operations-wg14190,Executive Assistant (Strategic Operations) - (WG14190),Age,select,Age,False,Age,,"[name=""Age""]"
executive-assistant-strategic-operations-wg14190,Executive Assistant (Strategic Operations) - (WG14190),salary,text,salary,False,,,#salary41785
executive-assistant-strategic-operations-wg14190,Executive Assistant (Strategic Operations) - (WG14190),gender,select,Gender,False,Gender,,"[name=""gender""]"
executive-assistant-strategic-operations-wg14190,Executive Assistant (Strategic Operations) - (WG14190),industry,select,Industry,False,Industry,,"[name=""industry""]"
executive-assistant-strategic-operations-wg14190,Executive Assistant (Strategic Operations) - (WG14190),cand_woutreg_cv_file,file,cand_woutreg_cv_file,False,,,#cand_cv_filefield
executive-assistant-strategic-operations-wg14190,Executive Assistant (Strategic Operations) - (WG14190),cand_cover_letter,textarea,Cover Letter,False,Cover Letter,,"[name=""cand_cover_letter""]"
executive-assistant-strategic-operations-wg14190,Executive Assistant (Strategic Operations) - (WG14190),candidate_apply_cover,file,candidate_apply_cover,False,,,"[name=""candidate_apply_cover""]"
executive-assistant-strategic-operations-wg14190,Executive Assistant (Strategic Operations) - (WG14190),job_id,hidden,job_id,False,,,"[name=""job_id""]"
executive-assistant-strategic-operations-wg14190,Executive Assistant (Strategic Operations) - (WG14190),terms_cond_check,checkbox,terms_cond_check,False,,,"[name=""terms_cond_check""]"
medical-billing-denials-specialist-hr96960,Medical Billing & Denials Specialist - (HR96960),pt_user_fname,text,First Name,False,First Name,,"[name=""pt_user_fname""]"
medical-billing-denials-specialist-hr96960,Medical Billing & Denials Specialist - (HR96960),pt_user_lname,text,Last Name,False,Last Name,,"[name=""pt_user_lname""]"
medical-billing-denials-specialist-hr96960,Medical Billing & Denials Specialist - (HR96960),user_email,text,Email Address,False,Email Address,,"[name=""user_email""]"
medical-billing-denials-specialist-hr96960,Medical Billing & Denials Specialist - (HR96960),user_phone,tel,Phone Number,False,Phone Number,,#pt_user_phone_526279337
medical-billing-denials-specialist-hr96960,Medical Billing & Denials Specialist - (HR96960),user_job_title,text,Current Job Title,False,Current Job Title,,"[name=""user_job_title""]"
medical-billing-denials-specialist-hr96960,Medical Billing & Denials Specialist - (HR96960),user_salary,text,Current Salary,False,Current Salary,,"[name=""user_salary""]"
medical-billing-denials-specialist-hr96960,Medical Billing & Denials Specialist - (HR96960),academic-level,select,Academic Level,False,Academic Level,,"[name=""academic-level""]"
medical-billing-denials-specialist-hr96960,Medical Billing & Denials Specialist - (HR96960),Age,select,Age,False,Age,,"[name=""Age""]"
medical-billing-denials-specialist-hr96960,Medical Billing & Denials Specialist - (HR96960),salary,text,salary,False,,,#salary21263
medical-billing-denials-specialist-hr96960,Medical Billing & Denials Specialist - (HR96960),gender,select,Gender,False,Gender,,"[name=""gender""]"
medical-billing-denials-specialist-hr96960,Medical Billing & Denials Specialist - (HR96960),industry,select,Industry,False,Industry,,"[name=""industry""]"
medical-billing-denials-specialist-hr96960,Medical Billing & Denials Specialist - (HR96960),cand_woutreg_cv_file,file,cand_woutreg_cv_file,False,,,#cand_cv_filefield
medical-billing-denials-specialist-hr96960,Medical Billing & Denials Specialist - (HR96960),cand_cover_letter,textarea,Cover Letter,False,Cover Letter,,"[name=""cand_cover_letter""]"
medical-billing-denials-specialist-hr96960,Medical Billing & Denials Specialist - (HR96960),candidate_apply_cover,file,candidate_apply_cover,False,,,"[name=""candidate_apply_cover""]"
medical-billing-denials-specialist-hr96960,Medical Billing & Denials Specialist - (HR96960),job_id,hidden,job_id,False,,,"[name=""job_id""]"
medical-billing-denials-specialist-hr96960,Medical Billing & Denials Specialist - (HR96960),terms_cond_check,checkbox,terms_cond_check,False,,,"[name=""terms_cond_check""]"
cold-outbound-specialist-e-commerce-agency-hr63636,Cold Outbound Specialist (E-commerce Agency) - (HR63636),pt_user_fname,text,First Name,False,First Name,,"[name=""pt_user_fname""]"
cold-outbound-specialist-e-commerce-agency-hr63636,Cold Outbound Specialist (E-commerce Agency) - (HR63636),pt_user_lname,text,Last Name,False,Last Name,,"[name=""pt_user_lname""]"
cold-outbound-specialist-e-commerce-agency-hr63636,Cold Outbound Specialist (E-commerce Agency) - (HR63636),user_email,text,Email Address,False,Email Address,,"[name=""user_email""]"
cold-outbound-specialist-e-commerce-agency-hr63636,Cold Outbound Specialist (E-commerce Agency) - (HR63636),user_phone,tel,Phone Number,False,Phone Number,,#pt_user_phone_801830703
cold-outbound-specialist-e-commerce-agency-hr63636,Cold Outbound Specialist (E-commerce Agency) - (HR63636),user_job_title,text,Current Job Title,False,Current Job Title,,"[name=""user_job_title""]"
cold-outbound-specialist-e-commerce-agency-hr63636,Cold Outbound Specialist (E-commerce Agency) - (HR63636),user_salary,text,Current Salary,False,Current Salary,,"[name=""user_salary""]"
cold-outbound-specialist-e-commerce-agency-hr63636,Cold Outbound Specialist (E-commerce Agency) - (HR63636),academic-level,select,Academic Level,False,Academic Level,,"[name=""academic-level""]"
cold-outbound-specialist-e-commerce-agency-hr63636,Cold Outbound Specialist (E-commerce Agency) - (HR63636),Age,select,Age,False,Age,,"[name=""Age""]"
cold-outbound-specialist-e-commerce-agency-hr63636,Cold Outbound Specialist (E-commerce Agency) - (HR63636),salary,text,salary,False,,,#salary104403
cold-outbound-specialist-e-commerce-agency-hr63636,Cold Outbound Specialist (E-commerce Agency) - (HR63636),gender,select,Gender,False,Gender,,"[name=""gender""]"
cold-outbound-specialist-e-commerce-agency-hr63636,Cold Outbound Specialist (E-commerce Agency) - (HR63636),industry,select,Industry,False,Industry,,"[name=""industry""]"
cold-outbound-specialist-e-commerce-agency-hr63636,Cold Outbound Specialist (E-commerce Agency) - (HR63636),cand_woutreg_cv_file,file,cand_woutreg_cv_file,False,,,#cand_cv_filefield
cold-outbound-specialist-e-commerce-agency-hr63636,Cold Outbound Specialist (E-commerce Agency) - (HR63636),cand_cover_letter,textarea,Cover Letter,False,Cover Letter,,"[name=""cand_cover_letter""]"
cold-outbound-specialist-e-commerce-agency-hr63636,Cold Outbound Specialist (E-commerce Agency) - (HR63636),candidate_apply_cover,file,candidate_apply_cover,False,,,"[name=""candidate_apply_cover""]"
cold-outbound-specialist-e-commerce-agency-hr63636,Cold Outbound Specialist (E-commerce Agency) - (HR63636),job_id,hidden,job_id,False,,,"[name=""job_id""]"
cold-outbound-specialist-e-commerce-agency-hr63636,Cold Outbound Specialist (E-commerce Agency) - (HR63636),terms_cond_check,checkbox,terms_cond_check,False,,,"[name=""terms_cond_check""]"
assistant-property-manager-hr39879,Assistant Property Manager - (HR39879),pt_user_fname,text,First Name,False,First Name,,"[name=""pt_user_fname""]"
assistant-property-manager-hr39879,Assistant Property Manager - (HR39879),pt_user_lname,text,Last Name,False,Last Name,,"[name=""pt_user_lname""]"
assistant-property-manager-hr39879,Assistant Property Manager - (HR39879),user_email,text,Email Address,False,Email Address,,"[name=""user_email""]"
assistant-property-manager-hr39879,Assistant Property Manager - (HR39879),user_phone,tel,Phone Number,False,Phone Number,,#pt_user_phone_772422646
assistant-property-manager-hr39879,Assistant Property Manager - (HR39879),user_job_title,text,Current Job Title,False,Current Job Title,,"[name=""user_job_title""]"
assistant-property-manager-hr39879,Assistant Property Manager - (HR39879),user_salary,text,Current Salary,False,Current Salary,,"[name=""user_salary""]"
assistant-property-manager-hr39879,Assistant Property Manager - (HR39879),academic-level,select,Academic Level,False,Academic Level,,"[name=""academic-level""]"
assistant-property-manager-hr39879,Assistant Property Manager - (HR39879),Age,select,Age,False,Age,,"[name=""Age""]"
assistant-property-manager-hr39879,Assistant Property Manager - (HR39879),salary,text,salary,False,,,#salary22245
assistant-property-manager-hr39879,Assistant Property Manager - (HR39879),gender,select,Gender,False,Gender,,"[name=""gender""]"
assistant-property-manager-hr39879,Assistant Property Manager - (HR39879),industry,select,Industry,False,Industry,,"[name=""industry""]"
assistant-property-manager-hr39879,Assistant Property Manager - (HR39879),cand_woutreg_cv_file,file,cand_woutreg_cv_file,False,,,#cand_cv_filefield
assistant-property-manager-hr39879,Assistant Property Manager - (HR39879),cand_cover_letter,textarea,Cover Letter,False,Cover Letter,,"[name=""cand_cover_letter""]"
assistant-property-manager-hr39879,Assistant Property Manager - (HR39879),candidate_apply_cover,file,candidate_apply_cover,False,,,"[name=""candidate_apply_cover""]"
assistant-property-manager-hr39879,Assistant Property Manager - (HR39879),job_id,hidden,job_id,False,,,"[name=""job_id""]"
assistant-property-manager-hr39879,Assistant Property Manager - (HR39879),terms_cond_check,checkbox,terms_cond_check,False,,,"[name=""terms_cond_check""]"
full-charge-bookkeeper-hr81122,Full Charge Bookkeeper - (HR81122),pt_user_fname,text,First Name,False,First Name,,"[name=""pt_user_fname""]"
full-charge-bookkeeper-hr81122,Full Charge Bookkeeper - (HR81122),pt_user_lname,text,Last Name,False,Last Name,,"[name=""pt_user_lname""]"
full-charge-bookkeeper-hr81122,Full Charge Bookkeeper - (HR81122),user_email,text,Email Address,False,Email Address,,"[name=""user_email""]"
full-charge-bookkeeper-hr81122,Full Charge Bookkeeper - (HR81122),user_phone,tel,Phone Number,False,Phone Number,,#pt_user_phone_685016978
full-charge-bookkeeper-hr81122,Full Charge Bookkeeper - (HR81122),user_job_title,text,Current Job Title,False,Current Job Title,,"[name=""user_job_title""]"
full-charge-bookkeeper-hr81122,Full Charge Bookkeeper - (HR81122),user_salary,text,Current Salary,False,Current Salary,,"[name=""user_salary""]"
full-charge-bookkeeper-hr81122,Full Charge Bookkeeper - (HR81122),academic-level,select,Academic Level,False,Academic Level,,"[name=""academic-level""]"
full-charge-bookkeeper-hr81122,Full Charge Bookkeeper - (HR81122),Age,select,Age,False,Age,,"[name=""Age""]"
full-charge-bookkeeper-hr81122,Full Charge Bookkeeper - (HR81122),salary,text,salary,False,,,#salary25137
full-charge-bookkeeper-hr81122,Full Charge Bookkeeper - (HR81122),gender,select,Gender,False,Gender,,"[name=""gender""]"
full-charge-bookkeeper-hr81122,Full Charge Bookkeeper - (HR81122),industry,select,Industry,False,Industry,,"[name=""industry""]"
full-charge-bookkeeper-hr81122,Full Charge Bookkeeper - (HR81122),cand_woutreg_cv_file,file,cand_woutreg_cv_file,False,,,#cand_cv_filefield
full-charge-bookkeeper-hr81122,Full Charge Bookkeeper - (HR81122),cand_cover_letter,textarea,Cover Letter,False,Cover Letter,,"[name=""cand_cover_letter""]"
full-charge-bookkeeper-hr81122,Full Charge Bookkeeper - (HR81122),candidate_apply_cover,file,candidate_apply_cover,False,,,"[name=""candidate_apply_cover""]"
full-charge-bookkeeper-hr81122,Full Charge Bookkeeper - (HR81122),job_id,hidden,job_id,False,,,"[name=""job_id""]"
full-charge-bookkeeper-hr81122,Full Charge Bookkeeper - (HR81122),terms_cond_check,checkbox,terms_cond_check,False,,,"[name=""terms_cond_check""]"
senior-medical-writer-wg14189,Senior Medical Writer - (WG14189),pt_user_fname,text,First Name,False,First Name,,"[name=""pt_user_fname""]"
senior-medical-writer-wg14189,Senior Medical Writer - (WG14189),pt_user_lname,text,Last Name,False,Last Name,,"[name=""pt_user_lname""]"
senior-medical-writer-wg14189,Senior Medical Writer - (WG14189),user_email,text,Email Address,False,Email Address,,"[name=""user_email""]"
senior-medical-writer-wg14189,Senior Medical Writer - (WG14189),user_phone,tel,Phone Number,False,Phone Number,,#pt_user_phone_569155957
senior-medical-writer-wg14189,Senior Medical Writer - (WG14189),user_job_title,text,Current Job Title,False,Current Job Title,,"[name=""user_job_title""]"
senior-medical-writer-wg14189,Senior Medical Writer - (WG14189),user_salary,text,Current Salary,False,Current Salary,,"[name=""user_salary""]"
senior-medical-writer-wg14189,Senior Medical Writer - (WG14189),academic-level,select,Academic Level,False,Academic Level,,"[name=""academic-level""]"
senior-medical-writer-wg14189,Senior Medical Writer - (WG14189),Age,select,Age,False,Age,,"[name=""Age""]"
senior-medical-writer-wg14189,Senior Medical Writer - (WG14189),salary,text,salary,False,,,#salary69840
senior-medical-writer-wg14189,Senior Medical Writer - (WG14189),gender,select,Gender,False,Gender,,"[name=""gender""]"
senior-medical-writer-wg14189,Senior Medical Writer - (WG14189),industry,select,Industry,False,Industry,,"[name=""industry""]"
senior-medical-writer-wg14189,Senior Medical Writer - (WG14189),cand_woutreg_cv_file,file,cand_woutreg_cv_file,False,,,#cand_cv_filefield
senior-medical-writer-wg14189,Senior Medical Writer - (WG14189),cand_cover_letter,textarea,Cover Letter,False,Cover Letter,,"[name=""cand_cover_letter""]"
senior-medical-writer-wg14189,Senior Medical Writer - (WG14189),candidate_apply_cover,file,candidate_apply_cover,False,,,"[name=""candidate_apply_cover""]"
senior-medical-writer-wg14189,Senior Medical Writer - (WG14189),job_id,hidden,job_id,False,,,"[name=""job_id""]"
senior-medical-writer-wg14189,Senior Medical Writer - (WG14189),terms_cond_check,checkbox,terms_cond_check,False,,,"[name=""terms_cond_check""]"
podcast-thought-leadership-video-editor-hr90689,Podcast & Thought Leadership Video Editor - (HR90689),pt_user_fname,text,First Name,False,First Name,,"[name=""pt_user_fname""]"
podcast-thought-leadership-video-editor-hr90689,Podcast & Thought Leadership Video Editor - (HR90689),pt_user_lname,text,Last Name,False,Last Name,,"[name=""pt_user_lname""]"
podcast-thought-leadership-video-editor-hr90689,Podcast & Thought Leadership Video Editor - (HR90689),user_email,text,Email Address,False,Email Address,,"[name=""user_email""]"
podcast-thought-leadership-video-editor-hr90689,Podcast & Thought Leadership Video Editor - (HR90689),user_phone,tel,Phone Number,False,Phone Number,,#pt_user_phone_960238061
podcast-thought-leadership-video-editor-hr90689,Podcast & Thought Leadership Video Editor - (HR90689),user_job_title,text,Current Job Title,False,Current Job Title,,"[name=""user_job_title""]"
podcast-thought-leadership-video-editor-hr90689,Podcast & Thought Leadership Video Editor - (HR90689),user_salary,text,Current Salary,False,Current Salary,,"[name=""user_salary""]"
podcast-thought-leadership-video-editor-hr90689,Podcast & Thought Leadership Video Editor - (HR90689),academic-level,select,Academic Level,False,Academic Level,,"[name=""academic-level""]"
podcast-thought-leadership-video-editor-hr90689,Podcast & Thought Leadership Video Editor - (HR90689),Age,select,Age,False,Age,,"[name=""Age""]"
podcast-thought-leadership-video-editor-hr90689,Podcast & Thought Leadership Video Editor - (HR90689),salary,text,salary,False,,,#salary46986
podcast-thought-leadership-video-editor-hr90689,Podcast & Thought Leadership Video Editor - (HR90689),gender,select,Gender,False,Gender,,"[name=""gender""]"
podcast-thought-leadership-video-editor-hr90689,Podcast & Thought Leadership Video Editor - (HR90689),industry,select,Industry,False,Industry,,"[name=""industry""]"
podcast-thought-leadership-video-editor-hr90689,Podcast & Thought Leadership Video Editor - (HR90689),cand_woutreg_cv_file,file,cand_woutreg_cv_file,False,,,#cand_cv_filefield
podcast-thought-leadership-video-editor-hr90689,Podcast & Thought Leadership Video Editor - (HR90689),cand_cover_letter,textarea,Cover Letter,False,Cover Letter,,"[name=""cand_cover_letter""]"
podcast-thought-leadership-video-editor-hr90689,Podcast & Thought Leadership Video Editor - (HR90689),candidate_apply_cover,file,candidate_apply_cover,False,,,"[name=""candidate_apply_cover""]"
podcast-thought-leadership-video-editor-hr90689,Podcast & Thought Leadership Video Editor - (HR90689),job_id,hidden,job_id,False,,,"[name=""job_id""]"
podcast-thought-leadership-video-editor-hr90689,Podcast & Thought Leadership Video Editor - (HR90689),terms_cond_check,checkbox,terms_cond_check,False,,,"[name=""terms_cond_check""]"
night-dispatch-logistics-coordinator-hr86066,Night Dispatch & Logistics Coordinator - (HR86066),pt_user_fname,text,First Name,False,First Name,,"[name=""pt_user_fname""]"
night-dispatch-logistics-coordinator-hr86066,Night Dispatch & Logistics Coordinator - (HR86066),pt_user_lname,text,Last Name,False,Last Name,,"[name=""pt_user_lname""]"
night-dispatch-logistics-coordinator-hr86066,Night Dispatch & Logistics Coordinator - (HR86066),user_email,text,Email Address,False,Email Address,,"[name=""user_email""]"
night-dispatch-logistics-coordinator-hr86066,Night Dispatch & Logistics Coordinator - (HR86066),user_phone,tel,Phone Number,False,Phone Number,,#pt_user_phone_339078065
night-dispatch-logistics-coordinator-hr86066,Night Dispatch & Logistics Coordinator - (HR86066),user_job_title,text,Current Job Title,False,Current Job Title,,"[name=""user_job_title""]"
night-dispatch-logistics-coordinator-hr86066,Night Dispatch & Logistics Coordinator - (HR86066),user_salary,text,Current Salary,False,Current Salary,,"[name=""user_salary""]"
night-dispatch-logistics-coordinator-hr86066,Night Dispatch & Logistics Coordinator - (HR86066),academic-level,select,Academic Level,False,Academic Level,,"[name=""academic-level""]"
night-dispatch-logistics-coordinator-hr86066,Night Dispatch & Logistics Coordinator - (HR86066),Age,select,Age,False,Age,,"[name=""Age""]"
night-dispatch-logistics-coordinator-hr86066,Night Dispatch & Logistics Coordinator - (HR86066),salary,text,salary,False,,,#salary93996
night-dispatch-logistics-coordinator-hr86066,Night Dispatch & Logistics Coordinator - (HR86066),gender,select,Gender,False,Gender,,"[name=""gender""]"
night-dispatch-logistics-coordinator-hr86066,Night Dispatch & Logistics Coordinator - (HR86066),industry,select,Industry,False,Industry,,"[name=""industry""]"
night-dispatch-logistics-coordinator-hr86066,Night Dispatch & Logistics Coordinator - (HR86066),cand_woutreg_cv_file,file,cand_woutreg_cv_file,False,,,#cand_cv_filefield
night-dispatch-logistics-coordinator-hr86066,Night Dispatch & Logistics Coordinator - (HR86066),cand_cover_letter,textarea,Cover Letter,False,Cover Letter,,"[name=""cand_cover_letter""]"
night-dispatch-logistics-coordinator-hr86066,Night Dispatch & Logistics Coordinator - (HR86066),candidate_apply_cover,file,candidate_apply_cover,False,,,"[name=""candidate_apply_cover""]"
night-dispatch-logistics-coordinator-hr86066,Night Dispatch & Logistics Coordinator - (HR86066),job_id,hidden,job_id,False,,,"[name=""job_id""]"
night-dispatch-logistics-coordinator-hr86066,Night Dispatch & Logistics Coordinator - (HR86066),terms_cond_check,checkbox,terms_cond_check,False,,,"[name=""terms_cond_check""]"
accounting-systems-implementation-manager-hr38552,Accounting Systems Implementation Manager - (HR38552),pt_user_fname,text,First Name,False,First Name,,"[name=""pt_user_fname""]"
accounting-systems-implementation-manager-hr38552,Accounting Systems Implementation Manager - (HR38552),pt_user_lname,text,Last Name,False,Last Name,,"[name=""pt_user_lname""]"
accounting-systems-implementation-manager-hr38552,Accounting Systems Implementation Manager - (HR38552),user_email,text,Email Address,False,Email Address,,"[name=""user_email""]"
accounting-systems-implementation-manager-hr38552,Accounting Systems Implementation Manager - (HR38552),user_phone,tel,Phone Number,False,Phone Number,,#pt_user_phone_727155369
accounting-systems-implementation-manager-hr38552,Accounting Systems Implementation Manager - (HR38552),user_job_title,text,Current Job Title,False,Current Job Title,,"[name=""user_job_title""]"
accounting-systems-implementation-manager-hr38552,Accounting Systems Implementation Manager - (HR38552),user_salary,text,Current Salary,False,Current Salary,,"[name=""user_salary""]"
accounting-systems-implementation-manager-hr38552,Accounting Systems Implementation Manager - (HR38552),academic-level,select,Academic Level,False,Academic Level,,"[name=""academic-level""]"
accounting-systems-implementation-manager-hr38552,Accounting Systems Implementation Manager - (HR38552),Age,select,Age,False,Age,,"[name=""Age""]"
accounting-systems-implementation-manager-hr38552,Accounting Systems Implementation Manager - (HR38552),salary,text,salary,False,,,#salary123069
accounting-systems-implementation-manager-hr38552,Accounting Systems Implementation Manager - (HR38552),gender,select,Gender,False,Gender,,"[name=""gender""]"
accounting-systems-implementation-manager-hr38552,Accounting Systems Implementation Manager - (HR38552),industry,select,Industry,False,Industry,,"[name=""industry""]"
accounting-systems-implementation-manager-hr38552,Accounting Systems Implementation Manager - (HR38552),cand_woutreg_cv_file,file,cand_woutreg_cv_file,False,,,#cand_cv_filefield
accounting-systems-implementation-manager-hr38552,Accounting Systems Implementation Manager - (HR38552),cand_cover_letter,textarea,Cover Letter,False,Cover Letter,,"[name=""cand_cover_letter""]"
accounting-systems-implementation-manager-hr38552,Accounting Systems Implementation Manager - (HR38552),candidate_apply_cover,file,candidate_apply_cover,False,,,"[name=""candidate_apply_cover""]"
accounting-systems-implementation-manager-hr38552,Accounting Systems Implementation Manager - (HR38552),job_id,hidden,job_id,False,,,"[name=""job_id""]"
accounting-systems-implementation-manager-hr38552,Accounting Systems Implementation Manager - (HR38552),terms_cond_check,checkbox,terms_cond_check,False,,,"[name=""terms_cond_check""]"
senior-leasing-coordinator-hr36904,Senior Leasing Coordinator - (HR36904),pt_user_fname,text,First Name,False,First Name,,"[name=""pt_user_fname""]"
senior-leasing-coordinator-hr36904,Senior Leasing Coordinator - (HR36904),pt_user_lname,text,Last Name,False,Last Name,,"[name=""pt_user_lname""]"
senior-leasing-coordinator-hr36904,Senior Leasing Coordinator - (HR36904),user_email,text,Email Address,False,Email Address,,"[name=""user_email""]"
senior-leasing-coordinator-hr36904,Senior Leasing Coordinator - (HR36904),user_phone,tel,Phone Number,False,Phone Number,,#pt_user_phone_185735661
senior-leasing-coordinator-hr36904,Senior Leasing Coordinator - (HR36904),user_job_title,text,Current Job Title,False,Current Job Title,,"[name=""user_job_title""]"
senior-leasing-coordinator-hr36904,Senior Leasing Coordinator - (HR36904),user_salary,text,Current Salary,False,Current Salary,,"[name=""user_salary""]"
senior-leasing-coordinator-hr36904,Senior Leasing Coordinator - (HR36904),academic-level,select,Academic Level,False,Academic Level,,"[name=""academic-level""]"
senior-leasing-coordinator-hr36904,Senior Leasing Coordinator - (HR36904),Age,select,Age,False,Age,,"[name=""Age""]"
senior-leasing-coordinator-hr36904,Senior Leasing Coordinator - (HR36904),salary,text,salary,False,,,#salary121351
senior-leasing-coordinator-hr36904,Senior Leasing Coordinator - (HR36904),gender,select,Gender,False,Gender,,"[name=""gender""]"
senior-leasing-coordinator-hr36904,Senior Leasing Coordinator - (HR36904),industry,select,Industry,False,Industry,,"[name=""industry""]"
senior-leasing-coordinator-hr36904,Senior Leasing Coordinator - (HR36904),cand_woutreg_cv_file,file,cand_woutreg_cv_file,False,,,#cand_cv_filefield
senior-leasing-coordinator-hr36904,Senior Leasing Coordinator - (HR36904),cand_cover_letter,textarea,Cover Letter,False,Cover Letter,,"[name=""cand_cover_letter""]"
senior-leasing-coordinator-hr36904,Senior Leasing Coordinator - (HR36904),candidate_apply_cover,file,candidate_apply_cover,False,,,"[name=""candidate_apply_cover""]"
senior-leasing-coordinator-hr36904,Senior Leasing Coordinator - (HR36904),job_id,hidden,job_id,False,,,"[name=""job_id""]"
senior-leasing-coordinator-hr36904,Senior Leasing Coordinator - (HR36904),terms_cond_check,checkbox,terms_cond_check,False,,,"[name=""terms_cond_check""]"
architectural-drafter-revit-hr54026,Architectural Drafter (Revit) - (HR54026),pt_user_fname,text,First Name,False,First Name,,"[name=""pt_user_fname""]"
architectural-drafter-revit-hr54026,Architectural Drafter (Revit) - (HR54026),pt_user_lname,text,Last Name,False,Last Name,,"[name=""pt_user_lname""]"
architectural-drafter-revit-hr54026,Architectural Drafter (Revit) - (HR54026),user_email,text,Email Address,False,Email Address,,"[name=""user_email""]"
architectural-drafter-revit-hr54026,Architectural Drafter (Revit) - (HR54026),user_phone,tel,Phone Number,False,Phone Number,,#pt_user_phone_228510679
architectural-drafter-revit-hr54026,Architectural Drafter (Revit) - (HR54026),user_job_title,text,Current Job Title,False,Current Job Title,,"[name=""user_job_title""]"
architectural-drafter-revit-hr54026,Architectural Drafter (Revit) - (HR54026),user_salary,text,Current Salary,False,Current Salary,,"[name=""user_salary""]"
architectural-drafter-revit-hr54026,Architectural Drafter (Revit) - (HR54026),academic-level,select,Academic Level,False,Academic Level,,"[name=""academic-level""]"
architectural-drafter-revit-hr54026,Architectural Drafter (Revit) - (HR54026),Age,select,Age,False,Age,,"[name=""Age""]"
architectural-drafter-revit-hr54026,Architectural Drafter (Revit) - (HR54026),salary,text,salary,False,,,#salary96985
architectural-drafter-revit-hr54026,Architectural Drafter (Revit) - (HR54026),gender,select,Gender,False,Gender,,"[name=""gender""]"
architectural-drafter-revit-hr54026,Architectural Drafter (Revit) - (HR54026),industry,select,Industry,False,Industry,,"[name=""industry""]"
architectural-drafter-revit-hr54026,Architectural Drafter (Revit) - (HR54026),cand_woutreg_cv_file,file,cand_woutreg_cv_file,False,,,#cand_cv_filefield
architectural-drafter-revit-hr54026,Architectural Drafter (Revit) - (HR54026),cand_cover_letter,textarea,Cover Letter,False,Cover Letter,,"[name=""cand_cover_letter""]"
architectural-drafter-revit-hr54026,Architectural Drafter (Revit) - (HR54026),candidate_apply_cover,file,candidate_apply_cover,False,,,"[name=""candidate_apply_cover""]"
architectural-drafter-revit-hr54026,Architectural Drafter (Revit) - (HR54026),job_id,hidden,job_id,False,,,"[name=""job_id""]"
architectural-drafter-revit-hr54026,Architectural Drafter (Revit) - (HR54026),terms_cond_check,checkbox,terms_cond_check,False,,,"[name=""terms_cond_check""]"
senior-cost-segregation-engineer-wg14188,Senior Cost Segregation Engineer - (WG14188),pt_user_fname,text,First Name,False,First Name,,"[name=""pt_user_fname""]"
senior-cost-segregation-engineer-wg14188,Senior Cost Segregation Engineer - (WG14188),pt_user_lname,text,Last Name,False,Last Name,,"[name=""pt_user_lname""]"
senior-cost-segregation-engineer-wg14188,Senior Cost Segregation Engineer - (WG14188),user_email,text,Email Address,False,Email Address,,"[name=""user_email""]"
senior-cost-segregation-engineer-wg14188,Senior Cost Segregation Engineer - (WG14188),user_phone,tel,Phone Number,False,Phone Number,,#pt_user_phone_833475000
senior-cost-segregation-engineer-wg14188,Senior Cost Segregation Engineer - (WG14188),user_job_title,text,Current Job Title,False,Current Job Title,,"[name=""user_job_title""]"
senior-cost-segregation-engineer-wg14188,Senior Cost Segregation Engineer - (WG14188),user_salary,text,Current Salary,False,Current Salary,,"[name=""user_salary""]"
senior-cost-segregation-engineer-wg14188,Senior Cost Segregation Engineer - (WG14188),academic-level,select,Academic Level,False,Academic Level,,"[name=""academic-level""]"
senior-cost-segregation-engineer-wg14188,Senior Cost Segregation Engineer - (WG14188),Age,select,Age,False,Age,,"[name=""Age""]"
senior-cost-segregation-engineer-wg14188,Senior Cost Segregation Engineer - (WG14188),salary,text,salary,False,,,#salary69135
senior-cost-segregation-engineer-wg14188,Senior Cost Segregation Engineer - (WG14188),gender,select,Gender,False,Gender,,"[name=""gender""]"
senior-cost-segregation-engineer-wg14188,Senior Cost Segregation Engineer - (WG14188),industry,select,Industry,False,Industry,,"[name=""industry""]"
senior-cost-segregation-engineer-wg14188,Senior Cost Segregation Engineer - (WG14188),cand_woutreg_cv_file,file,cand_woutreg_cv_file,False,,,#cand_cv_filefield
senior-cost-segregation-engineer-wg14188,Senior Cost Segregation Engineer - (WG14188),cand_cover_letter,textarea,Cover Letter,False,Cover Letter,,"[name=""cand_cover_letter""]"
senior-cost-segregation-engineer-wg14188,Senior Cost Segregation Engineer - (WG14188),candidate_apply_cover,file,candidate_apply_cover,False,,,"[name=""candidate_apply_cover""]"
senior-cost-segregation-engineer-wg14188,Senior Cost Segregation Engineer - (WG14188),job_id,hidden,job_id,False,,,"[name=""job_id""]"
senior-cost-segregation-engineer-wg14188,Senior Cost Segregation Engineer - (WG14188),terms_cond_check,checkbox,terms_cond_check,False,,,"[name=""terms_cond_check""]"
it-systems-administrator-hr89362,IT Systems Administrator - (HR89362),pt_user_fname,text,First Name,False,First Name,,"[name=""pt_user_fname""]"
it-systems-administrator-hr89362,IT Systems Administrator - (HR89362),pt_user_lname,text,Last Name,False,Last Name,,"[name=""pt_user_lname""]"
it-systems-administrator-hr89362,IT Systems Administrator - (HR89362),user_email,text,Email Address,False,Email Address,,"[name=""user_email""]"
it-systems-administrator-hr89362,IT Systems Administrator - (HR89362),user_phone,tel,Phone Number,False,Phone Number,,#pt_user_phone_475519297
it-systems-administrator-hr89362,IT Systems Administrator - (HR89362),user_job_title,text,Current Job Title,False,Current Job Title,,"[name=""user_job_title""]"
it-systems-administrator-hr89362,IT Systems Administrator - (HR89362),user_salary,text,Current Salary,False,Current Salary,,"[name=""user_salary""]"
it-systems-administrator-hr89362,IT Systems Administrator - (HR89362),academic-level,select,Academic Level,False,Academic Level,,"[name=""academic-level""]"
it-systems-administrator-hr89362,IT Systems Administrator - (HR89362),Age,select,Age,False,Age,,"[name=""Age""]"
it-systems-administrator-hr89362,IT Systems Administrator - (HR89362),salary,text,salary,False,,,#salary70857
it-systems-administrator-hr89362,IT Systems Administrator - (HR89362),gender,select,Gender,False,Gender,,"[name=""gender""]"
it-systems-administrator-hr89362,IT Systems Administrator - (HR89362),industry,select,Industry,False,Industry,,"[name=""industry""]"
it-systems-administrator-hr89362,IT Systems Administrator - (HR89362),cand_woutreg_cv_file,file,cand_woutreg_cv_file,False,,,#cand_cv_filefield
it-systems-administrator-hr89362,IT Systems Administrator - (HR89362),cand_cover_letter,textarea,Cover Letter,False,Cover Letter,,"[name=""cand_cover_letter""]"
it-systems-administrator-hr89362,IT Systems Administrator - (HR89362),candidate_apply_cover,file,candidate_apply_cover,False,,,"[name=""candidate_apply_cover""]"
it-systems-administrator-hr89362,IT Systems Administrator - (HR89362),job_id,hidden,job_id,False,,,"[name=""job_id""]"
it-systems-administrator-hr89362,IT Systems Administrator - (HR89362),terms_cond_check,checkbox,terms_cond_check,False,,,"[name=""terms_cond_check""]"
human-resource-director-hr51415,Human Resource Director - (HR51415),pt_user_fname,text,First Name,False,First Name,,"[name=""pt_user_fname""]"
human-resource-director-hr51415,Human Resource Director - (HR51415),pt_user_lname,text,Last Name,False,Last Name,,"[name=""pt_user_lname""]"
human-resource-director-hr51415,Human Resource Director - (HR51415),user_email,text,Email Address,False,Email Address,,"[name=""user_email""]"
human-resource-director-hr51415,Human Resource Director - (HR51415),user_phone,tel,Phone Number,False,Phone Number,,#pt_user_phone_684959107
human-resource-director-hr51415,Human Resource Director - (HR51415),user_job_title,text,Current Job Title,False,Current Job Title,,"[name=""user_job_title""]"
human-resource-director-hr51415,Human Resource Director - (HR51415),user_salary,text,Current Salary,False,Current Salary,,"[name=""user_salary""]"
human-resource-director-hr51415,Human Resource Director - (HR51415),academic-level,select,Academic Level,False,Academic Level,,"[name=""academic-level""]"
human-resource-director-hr51415,Human Resource Director - (HR51415),Age,select,Age,False,Age,,"[name=""Age""]"
human-resource-director-hr51415,Human Resource Director - (HR51415),salary,text,salary,False,,,#salary62570
human-resource-director-hr51415,Human Resource Director - (HR51415),gender,select,Gender,False,Gender,,"[name=""gender""]"
human-resource-director-hr51415,Human Resource Director - (HR51415),industry,select,Industry,False,Industry,,"[name=""industry""]"
human-resource-director-hr51415,Human Resource Director - (HR51415),cand_woutreg_cv_file,file,cand_woutreg_cv_file,False,,,#cand_cv_filefield
human-resource-director-hr51415,Human Resource Director - (HR51415),cand_cover_letter,textarea,Cover Letter,False,Cover Letter,,"[name=""cand_cover_letter""]"
human-resource-director-hr51415,Human Resource Director - (HR51415),candidate_apply_cover,file,candidate_apply_cover,False,,,"[name=""candidate_apply_cover""]"
human-resource-director-hr51415,Human Resource Director - (HR51415),job_id,hidden,job_id,False,,,"[name=""job_id""]"
human-resource-director-hr51415,Human Resource Director - (HR51415),terms_cond_check,checkbox,terms_cond_check,False,,,"[name=""terms_cond_check""]"
tenant-operations-coordinator-hr35577,Tenant Operations Coordinator - (HR35577),pt_user_fname,text,First Name,False,First Name,,"[name=""pt_user_fname""]"
tenant-operations-coordinator-hr35577,Tenant Operations Coordinator - (HR35577),pt_user_lname,text,Last Name,False,Last Name,,"[name=""pt_user_lname""]"
tenant-operations-coordinator-hr35577,Tenant Operations Coordinator - (HR35577),user_email,text,Email Address,False,Email Address,,"[name=""user_email""]"
tenant-operations-coordinator-hr35577,Tenant Operations Coordinator - (HR35577),user_phone,tel,Phone Number,False,Phone Number,,#pt_user_phone_296218160
tenant-operations-coordinator-hr35577,Tenant Operations Coordinator - (HR35577),user_job_title,text,Current Job Title,False,Current Job Title,,"[name=""user_job_title""]"
tenant-operations-coordinator-hr35577,Tenant Operations Coordinator - (HR35577),user_salary,text,Current Salary,False,Current Salary,,"[name=""user_salary""]"
tenant-operations-coordinator-hr35577,Tenant Operations Coordinator - (HR35577),academic-level,select,Academic Level,False,Academic Level,,"[name=""academic-level""]"
tenant-operations-coordinator-hr35577,Tenant Operations Coordinator - (HR35577),Age,select,Age,False,Age,,"[name=""Age""]"
tenant-operations-coordinator-hr35577,Tenant Operations Coordinator - (HR35577),salary,text,salary,False,,,#salary8845
tenant-operations-coordinator-hr35577,Tenant Operations Coordinator - (HR35577),gender,select,Gender,False,Gender,,"[name=""gender""]"
tenant-operations-coordinator-hr35577,Tenant Operations Coordinator - (HR35577),industry,select,Industry,False,Industry,,"[name=""industry""]"
tenant-operations-coordinator-hr35577,Tenant Operations Coordinator - (HR35577),cand_woutreg_cv_file,file,cand_woutreg_cv_file,False,,,#cand_cv_filefield
tenant-operations-coordinator-hr35577,Tenant Operations Coordinator - (HR35577),cand_cover_letter,textarea,Cover Letter,False,Cover Letter,,"[name=""cand_cover_letter""]"
tenant-operations-coordinator-hr35577,Tenant Operations Coordinator - (HR35577),candidate_apply_cover,file,candidate_apply_cover,False,,,"[name=""candidate_apply_cover""]"
tenant-operations-coordinator-hr35577,Tenant Operations Coordinator - (HR35577),job_id,hidden,job_id,False,,,"[name=""job_id""]"
tenant-operations-coordinator-hr35577,Tenant Operations Coordinator - (HR35577),terms_cond_check,checkbox,terms_cond_check,False,,,"[name=""terms_cond_check""]"
controller-hr68901,Controller - (HR68901),pt_user_fname,text,First Name,False,First Name,,"[name=""pt_user_fname""]"
controller-hr68901,Controller - (HR68901),pt_user_lname,text,Last Name,False,Last Name,,"[name=""pt_user_lname""]"
controller-hr68901,Controller - (HR68901),user_email,text,Email Address,False,Email Address,,"[name=""user_email""]"
controller-hr68901,Controller - (HR68901),user_phone,tel,Phone Number,False,Phone Number,,#pt_user_phone_462793422
controller-hr68901,Controller - (HR68901),user_job_title,text,Current Job Title,False,Current Job Title,,"[name=""user_job_title""]"
controller-hr68901,Controller - (HR68901),user_salary,text,Current Salary,False,Current Salary,,"[name=""user_salary""]"
controller-hr68901,Controller - (HR68901),academic-level,select,Academic Level,False,Academic Level,,"[name=""academic-level""]"
controller-hr68901,Controller - (HR68901),Age,select,Age,False,Age,,"[name=""Age""]"
controller-hr68901,Controller - (HR68901),salary,text,salary,False,,,#salary1005
controller-hr68901,Controller - (HR68901),gender,select,Gender,False,Gender,,"[name=""gender""]"
controller-hr68901,Controller - (HR68901),industry,select,Industry,False,Industry,,"[name=""industry""]"
controller-hr68901,Controller - (HR68901),cand_woutreg_cv_file,file,cand_woutreg_cv_file,False,,,#cand_cv_filefield
controller-hr68901,Controller - (HR68901),cand_cover_letter,textarea,Cover Letter,False,Cover Letter,,"[name=""cand_cover_letter""]"
controller-hr68901,Controller - (HR68901),candidate_apply_cover,file,candidate_apply_cover,False,,,"[name=""candidate_apply_cover""]"
controller-hr68901,Controller - (HR68901),job_id,hidden,job_id,False,,,"[name=""job_id""]"
controller-hr68901,Controller - (HR68901),terms_cond_check,checkbox,terms_cond_check,False,,,"[name=""terms_cond_check""]"
hr-admin-coordinator-hr54711,HR & Admin Coordinator - (HR54711),pt_user_fname,text,First Name,False,First Name,,"[name=""pt_user_fname""]"
hr-admin-coordinator-hr54711,HR & Admin Coordinator - (HR54711),pt_user_lname,text,Last Name,False,Last Name,,"[name=""pt_user_lname""]"
hr-admin-coordinator-hr54711,HR & Admin Coordinator - (HR54711),user_email,text,Email Address,False,Email Address,,"[name=""user_email""]"
hr-admin-coordinator-hr54711,HR & Admin Coordinator - (HR54711),user_phone,tel,Phone Number,False,Phone Number,,#pt_user_phone_162501180
hr-admin-coordinator-hr54711,HR & Admin Coordinator - (HR54711),user_job_title,text,Current Job Title,False,Current Job Title,,"[name=""user_job_title""]"
hr-admin-coordinator-hr54711,HR & Admin Coordinator - (HR54711),user_salary,text,Current Salary,False,Current Salary,,"[name=""user_salary""]"
hr-admin-coordinator-hr54711,HR & Admin Coordinator - (HR54711),academic-level,select,Academic Level,False,Academic Level,,"[name=""academic-level""]"
hr-admin-coordinator-hr54711,HR & Admin Coordinator - (HR54711),Age,select,Age,False,Age,,"[name=""Age""]"
hr-admin-coordinator-hr54711,HR & Admin Coordinator - (HR54711),salary,text,salary,False,,,#salary15611
hr-admin-coordinator-hr54711,HR & Admin Coordinator - (HR54711),gender,select,Gender,False,Gender,,"[name=""gender""]"
hr-admin-coordinator-hr54711,HR & Admin Coordinator - (HR54711),industry,select,Industry,False,Industry,,"[name=""industry""]"
hr-admin-coordinator-hr54711,HR & Admin Coordinator - (HR54711),cand_woutreg_cv_file,file,cand_woutreg_cv_file,False,,,#cand_cv_filefield
hr-admin-coordinator-hr54711,HR & Admin Coordinator - (HR54711),cand_cover_letter,textarea,Cover Letter,False,Cover Letter,,"[name=""cand_cover_letter""]"
hr-admin-coordinator-hr54711,HR & Admin Coordinator - (HR54711),candidate_apply_cover,file,candidate_apply_cover,False,,,"[name=""candidate_apply_cover""]"
hr-admin-coordinator-hr54711,HR & Admin Coordinator - (HR54711),job_id,hidden,job_id,False,,,"[name=""job_id""]"
hr-admin-coordinator-hr54711,HR & Admin Coordinator - (HR54711),terms_cond_check,checkbox,terms_cond_check,False,,,"[name=""terms_cond_check""]"
performance-marketing-specialist-meta-ads-focus-hr97602,Performance Marketing Specialist (Meta Ads Focus) - (HR97602),pt_user_fname,text,First Name,False,First Name,,"[name=""pt_user_fname""]"
performance-marketing-specialist-meta-ads-focus-hr97602,Performance Marketing Specialist (Meta Ads Focus) - (HR97602),pt_user_lname,text,Last Name,False,Last Name,,"[name=""pt_user_lname""]"
performance-marketing-specialist-meta-ads-focus-hr97602,Performance Marketing Specialist (Meta Ads Focus) - (HR97602),user_email,text,Email Address,False,Email Address,,"[name=""user_email""]"
performance-marketing-specialist-meta-ads-focus-hr97602,Performance Marketing Specialist (Meta Ads Focus) - (HR97602),user_phone,tel,Phone Number,False,Phone Number,,#pt_user_phone_215947607
performance-marketing-specialist-meta-ads-focus-hr97602,Performance Marketing Specialist (Meta Ads Focus) - (HR97602),user_job_title,text,Current Job Title,False,Current Job Title,,"[name=""user_job_title""]"
performance-marketing-specialist-meta-ads-focus-hr97602,Performance Marketing Specialist (Meta Ads Focus) - (HR97602),user_salary,text,Current Salary,False,Current Salary,,"[name=""user_salary""]"
performance-marketing-specialist-meta-ads-focus-hr97602,Performance Marketing Specialist (Meta Ads Focus) - (HR97602),academic-level,select,Academic Level,False,Academic Level,,"[name=""academic-level""]"
performance-marketing-specialist-meta-ads-focus-hr97602,Performance Marketing Specialist (Meta Ads Focus) - (HR97602),Age,select,Age,False,Age,,"[name=""Age""]"
performance-marketing-specialist-meta-ads-focus-hr97602,Performance Marketing Specialist (Meta Ads Focus) - (HR97602),salary,text,salary,False,,,#salary117043
performance-marketing-specialist-meta-ads-focus-hr97602,Performance Marketing Specialist (Meta Ads Focus) - (HR97602),gender,select,Gender,False,Gender,,"[name=""gender""]"
performance-marketing-specialist-meta-ads-focus-hr97602,Performance Marketing Specialist (Meta Ads Focus) - (HR97602),industry,select,Industry,False,Industry,,"[name=""industry""]"
performance-marketing-specialist-meta-ads-focus-hr97602,Performance Marketing Specialist (Meta Ads Focus) - (HR97602),cand_woutreg_cv_file,file,cand_woutreg_cv_file,False,,,#cand_cv_filefield
performance-marketing-specialist-meta-ads-focus-hr97602,Performance Marketing Specialist (Meta Ads Focus) - (HR97602),cand_cover_letter,textarea,Cover Letter,False,Cover Letter,,"[name=""cand_cover_letter""]"
performance-marketing-specialist-meta-ads-focus-hr97602,Performance Marketing Specialist (Meta Ads Focus) - (HR97602),candidate_apply_cover,file,candidate_apply_cover,False,,,"[name=""candidate_apply_cover""]"
performance-marketing-specialist-meta-ads-focus-hr97602,Performance Marketing Specialist (Meta Ads Focus) - (HR97602),job_id,hidden,job_id,False,,,"[name=""job_id""]"
performance-marketing-specialist-meta-ads-focus-hr97602,Performance Marketing Specialist (Meta Ads Focus) - (HR97602),terms_cond_check,checkbox,terms_cond_check,False,,,"[name=""terms_cond_check""]"
project-manager-hr80437,Project Manager (Branding & Web Design) - (HR80437),pt_user_fname,text,First Name,False,First Name,,"[name=""pt_user_fname""]"
project-manager-hr80437,Project Manager (Branding & Web Design) - (HR80437),pt_user_lname,text,Last Name,False,Last Name,,"[name=""pt_user_lname""]"
project-manager-hr80437,Project Manager (Branding & Web Design) - (HR80437),user_email,text,Email Address,False,Email Address,,"[name=""user_email""]"
project-manager-hr80437,Project Manager (Branding & Web Design) - (HR80437),user_phone,tel,Phone Number,False,Phone Number,,#pt_user_phone_481319445
project-manager-hr80437,Project Manager (Branding & Web Design) - (HR80437),user_job_title,text,Current Job Title,False,Current Job Title,,"[name=""user_job_title""]"
project-manager-hr80437,Project Manager (Branding & Web Design) - (HR80437),user_salary,text,Current Salary,False,Current Salary,,"[name=""user_salary""]"
project-manager-hr80437,Project Manager (Branding & Web Design) - (HR80437),academic-level,select,Academic Level,False,Academic Level,,"[name=""academic-level""]"
project-manager-hr80437,Project Manager (Branding & Web Design) - (HR80437),Age,select,Age,False,Age,,"[name=""Age""]"
project-manager-hr80437,Project Manager (Branding & Web Design) - (HR80437),salary,text,salary,False,,,#salary20155
project-manager-hr80437,Project Manager (Branding & Web Design) - (HR80437),gender,select,Gender,False,Gender,,"[name=""gender""]"
project-manager-hr80437,Project Manager (Branding & Web Design) - (HR80437),industry,select,Industry,False,Industry,,"[name=""industry""]"
project-manager-hr80437,Project Manager (Branding & Web Design) - (HR80437),cand_woutreg_cv_file,file,cand_woutreg_cv_file,False,,,#cand_cv_filefield
project-manager-hr80437,Project Manager (Branding & Web Design) - (HR80437),cand_cover_letter,textarea,Cover Letter,False,Cover Letter,,"[name=""cand_cover_letter""]"
project-manager-hr80437,Project Manager (Branding & Web Design) - (HR80437),candidate_apply_cover,file,candidate_apply_cover,False,,,"[name=""candidate_apply_cover""]"
project-manager-hr80437,Project Manager (Branding & Web Design) - (HR80437),job_id,hidden,job_id,False,,,"[name=""job_id""]"
project-manager-hr80437,Project Manager (Branding & Web Design) - (HR80437),terms_cond_check,checkbox,terms_cond_check,False,,,"[name=""terms_cond_check""]"
property-onboarding-rent-ready-coordinator-hr57001,Property Onboarding & Rent-Ready Coordinator - (HR57001),pt_user_fname,text,First Name,False,First Name,,"[name=""pt_user_fname""]"
property-onboarding-rent-ready-coordinator-hr57001,Property Onboarding & Rent-Ready Coordinator - (HR57001),pt_user_lname,text,Last Name,False,Last Name,,"[name=""pt_user_lname""]"
property-onboarding-rent-ready-coordinator-hr57001,Property Onboarding & Rent-Ready Coordinator - (HR57001),user_email,text,Email Address,False,Email Address,,"[name=""user_email""]"
property-onboarding-rent-ready-coordinator-hr57001,Property Onboarding & Rent-Ready Coordinator - (HR57001),user_phone,tel,Phone Number,False,Phone Number,,#pt_user_phone_554977446
property-onboarding-rent-ready-coordinator-hr57001,Property Onboarding & Rent-Ready Coordinator - (HR57001),user_job_title,text,Current Job Title,False,Current Job Title,,"[name=""user_job_title""]"
property-onboarding-rent-ready-coordinator-hr57001,Property Onboarding & Rent-Ready Coordinator - (HR57001),user_salary,text,Current Salary,False,Current Salary,,"[name=""user_salary""]"
property-onboarding-rent-ready-coordinator-hr57001,Property Onboarding & Rent-Ready Coordinator - (HR57001),academic-level,select,Academic Level,False,Academic Level,,"[name=""academic-level""]"
property-onboarding-rent-ready-coordinator-hr57001,Property Onboarding & Rent-Ready Coordinator - (HR57001),Age,select,Age,False,Age,,"[name=""Age""]"
property-onboarding-rent-ready-coordinator-hr57001,Property Onboarding & Rent-Ready Coordinator - (HR57001),salary,text,salary,False,,,#salary50639
property-onboarding-rent-ready-coordinator-hr57001,Property Onboarding & Rent-Ready Coordinator - (HR57001),gender,select,Gender,False,Gender,,"[name=""gender""]"
property-onboarding-rent-ready-coordinator-hr57001,Property Onboarding & Rent-Ready Coordinator - (HR57001),industry,select,Industry,False,Industry,,"[name=""industry""]"
property-onboarding-rent-ready-coordinator-hr57001,Property Onboarding & Rent-Ready Coordinator - (HR57001),cand_woutreg_cv_file,file,cand_woutreg_cv_file,False,,,#cand_cv_filefield
property-onboarding-rent-ready-coordinator-hr57001,Property Onboarding & Rent-Ready Coordinator - (HR57001),cand_cover_letter,textarea,Cover Letter,False,Cover Letter,,"[name=""cand_cover_letter""]"
property-onboarding-rent-ready-coordinator-hr57001,Property Onboarding & Rent-Ready Coordinator - (HR57001),candidate_apply_cover,file,candidate_apply_cover,False,,,"[name=""candidate_apply_cover""]"
property-onboarding-rent-ready-coordinator-hr57001,Property Onboarding & Rent-Ready Coordinator - (HR57001),job_id,hidden,job_id,False,,,"[name=""job_id""]"
property-onboarding-rent-ready-coordinator-hr57001,Property Onboarding & Rent-Ready Coordinator - (HR57001),terms_cond_check,checkbox,terms_cond_check,False,,,"[name=""terms_cond_check""]"
revenue-cycle-specialist-wg14186,Revenue Cycle Specialist  - (WG14186),pt_user_fname,text,First Name,False,First Name,,"[name=""pt_user_fname""]"
revenue-cycle-specialist-wg14186,Revenue Cycle Specialist  - (WG14186),pt_user_lname,text,Last Name,False,Last Name,,"[name=""pt_user_lname""]"
revenue-cycle-specialist-wg14186,Revenue Cycle Specialist  - (WG14186),user_email,text,Email Address,False,Email Address,,"[name=""user_email""]"
revenue-cycle-specialist-wg14186,Revenue Cycle Specialist  - (WG14186),user_phone,tel,Phone Number,False,Phone Number,,#pt_user_phone_911788713
revenue-cycle-specialist-wg14186,Revenue Cycle Specialist  - (WG14186),user_job_title,text,Current Job Title,False,Current Job Title,,"[name=""user_job_title""]"
revenue-cycle-specialist-wg14186,Revenue Cycle Specialist  - (WG14186),user_salary,text,Current Salary,False,Current Salary,,"[name=""user_salary""]"
revenue-cycle-specialist-wg14186,Revenue Cycle Specialist  - (WG14186),academic-level,select,Academic Level,False,Academic Level,,"[name=""academic-level""]"
revenue-cycle-specialist-wg14186,Revenue Cycle Specialist  - (WG14186),Age,select,Age,False,Age,,"[name=""Age""]"
revenue-cycle-specialist-wg14186,Revenue Cycle Specialist  - (WG14186),salary,text,salary,False,,,#salary80916
revenue-cycle-specialist-wg14186,Revenue Cycle Specialist  - (WG14186),gender,select,Gender,False,Gender,,"[name=""gender""]"
revenue-cycle-specialist-wg14186,Revenue Cycle Specialist  - (WG14186),industry,select,Industry,False,Industry,,"[name=""industry""]"
revenue-cycle-specialist-wg14186,Revenue Cycle Specialist  - (WG14186),cand_woutreg_cv_file,file,cand_woutreg_cv_file,False,,,#cand_cv_filefield
revenue-cycle-specialist-wg14186,Revenue Cycle Specialist  - (WG14186),cand_cover_letter,textarea,Cover Letter,False,Cover Letter,,"[name=""cand_cover_letter""]"
revenue-cycle-specialist-wg14186,Revenue Cycle Specialist  - (WG14186),candidate_apply_cover,file,candidate_apply_cover,False,,,"[name=""candidate_apply_cover""]"
revenue-cycle-specialist-wg14186,Revenue Cycle Specialist  - (WG14186),job_id,hidden,job_id,False,,,"[name=""job_id""]"
revenue-cycle-specialist-wg14186,Revenue Cycle Specialist  - (WG14186),terms_cond_check,checkbox,terms_cond_check,False,,,"[name=""terms_cond_check""]"
construction-estimator-hr39515,Construction Estimator - (HR39515),pt_user_fname,text,First Name,False,First Name,,"[name=""pt_user_fname""]"
construction-estimator-hr39515,Construction Estimator - (HR39515),pt_user_lname,text,Last Name,False,Last Name,,"[name=""pt_user_lname""]"
construction-estimator-hr39515,Construction Estimator - (HR39515),user_email,text,Email Address,False,Email Address,,"[name=""user_email""]"
construction-estimator-hr39515,Construction Estimator - (HR39515),user_phone,tel,Phone Number,False,Phone Number,,#pt_user_phone_645861655
construction-estimator-hr39515,Construction Estimator - (HR39515),user_job_title,text,Current Job Title,False,Current Job Title,,"[name=""user_job_title""]"
construction-estimator-hr39515,Construction Estimator - (HR39515),user_salary,text,Current Salary,False,Current Salary,,"[name=""user_salary""]"
construction-estimator-hr39515,Construction Estimator - (HR39515),academic-level,select,Academic Level,False,Academic Level,,"[name=""academic-level""]"
construction-estimator-hr39515,Construction Estimator - (HR39515),Age,select,Age,False,Age,,"[name=""Age""]"
construction-estimator-hr39515,Construction Estimator - (HR39515),salary,text,salary,False,,,#salary76168
construction-estimator-hr39515,Construction Estimator - (HR39515),gender,select,Gender,False,Gender,,"[name=""gender""]"
construction-estimator-hr39515,Construction Estimator - (HR39515),industry,select,Industry,False,Industry,,"[name=""industry""]"
construction-estimator-hr39515,Construction Estimator - (HR39515),cand_woutreg_cv_file,file,cand_woutreg_cv_file,False,,,#cand_cv_filefield
construction-estimator-hr39515,Construction Estimator - (HR39515),cand_cover_letter,textarea,Cover Letter,False,Cover Letter,,"[name=""cand_cover_letter""]"
construction-estimator-hr39515,Construction Estimator - (HR39515),candidate_apply_cover,file,candidate_apply_cover,False,,,"[name=""candidate_apply_cover""]"
construction-estimator-hr39515,Construction Estimator - (HR39515),job_id,hidden,job_id,False,,,"[name=""job_id""]"
construction-estimator-hr39515,Construction Estimator - (HR39515),terms_cond_check,checkbox,terms_cond_check,False,,,"[name=""terms_cond_check""]"
signage-operations-project-manager-hr31118a,Signage Project Manager - (HR31118),pt_user_fname,text,First Name,False,First Name,,"[name=""pt_user_fname""]"
signage-operations-project-manager-hr31118a,Signage Project Manager - (HR31118),pt_user_lname,text,Last Name,False,Last Name,,"[name=""pt_user_lname""]"
signage-operations-project-manager-hr31118a,Signage Project Manager - (HR31118),user_email,text,Email Address,False,Email Address,,"[name=""user_email""]"
signage-operations-project-manager-hr31118a,Signage Project Manager - (HR31118),user_phone,tel,Phone Number,False,Phone Number,,#pt_user_phone_842546435
signage-operations-project-manager-hr31118a,Signage Project Manager - (HR31118),user_job_title,text,Current Job Title,False,Current Job Title,,"[name=""user_job_title""]"
signage-operations-project-manager-hr31118a,Signage Project Manager - (HR31118),user_salary,text,Current Salary,False,Current Salary,,"[name=""user_salary""]"
signage-operations-project-manager-hr31118a,Signage Project Manager - (HR31118),academic-level,select,Academic Level,False,Academic Level,,"[name=""academic-level""]"
signage-operations-project-manager-hr31118a,Signage Project Manager - (HR31118),Age,select,Age,False,Age,,"[name=""Age""]"
signage-operations-project-manager-hr31118a,Signage Project Manager - (HR31118),salary,text,salary,False,,,#salary39330
signage-operations-project-manager-hr31118a,Signage Project Manager - (HR31118),gender,select,Gender,False,Gender,,"[name=""gender""]"
signage-operations-project-manager-hr31118a,Signage Project Manager - (HR31118),industry,select,Industry,False,Industry,,"[name=""industry""]"
signage-operations-project-manager-hr31118a,Signage Project Manager - (HR31118),cand_woutreg_cv_file,file,cand_woutreg_cv_file,False,,,#cand_cv_filefield
signage-operations-project-manager-hr31118a,Signage Project Manager - (HR31118),cand_cover_letter,textarea,Cover Letter,False,Cover Letter,,"[name=""cand_cover_letter""]"
signage-operations-project-manager-hr31118a,Signage Project Manager - (HR31118),candidate_apply_cover,file,candidate_apply_cover,False,,,"[name=""candidate_apply_cover""]"
signage-operations-project-manager-hr31118a,Signage Project Manager - (HR31118),job_id,hidden,job_id,False,,,"[name=""job_id""]"
signage-operations-project-manager-hr31118a,Signage Project Manager - (HR31118),terms_cond_check,checkbox,terms_cond_check,False,,,"[name=""terms_cond_check""]"
civil-law-legal-associate-hr31727,Property Law Research Associate - (HR31727),pt_user_fname,text,First Name,False,First Name,,"[name=""pt_user_fname""]"
civil-law-legal-associate-hr31727,Property Law Research Associate - (HR31727),pt_user_lname,text,Last Name,False,Last Name,,"[name=""pt_user_lname""]"
civil-law-legal-associate-hr31727,Property Law Research Associate - (HR31727),user_email,text,Email Address,False,Email Address,,"[name=""user_email""]"
civil-law-legal-associate-hr31727,Property Law Research Associate - (HR31727),user_phone,tel,Phone Number,False,Phone Number,,#pt_user_phone_674925781
civil-law-legal-associate-hr31727,Property Law Research Associate - (HR31727),user_job_title,text,Current Job Title,False,Current Job Title,,"[name=""user_job_title""]"
civil-law-legal-associate-hr31727,Property Law Research Associate - (HR31727),user_salary,text,Current Salary,False,Current Salary,,"[name=""user_salary""]"
civil-law-legal-associate-hr31727,Property Law Research Associate - (HR31727),academic-level,select,Academic Level,False,Academic Level,,"[name=""academic-level""]"
civil-law-legal-associate-hr31727,Property Law Research Associate - (HR31727),Age,select,Age,False,Age,,"[name=""Age""]"
civil-law-legal-associate-hr31727,Property Law Research Associate - (HR31727),salary,text,salary,False,,,#salary63096
civil-law-legal-associate-hr31727,Property Law Research Associate - (HR31727),gender,select,Gender,False,Gender,,"[name=""gender""]"
civil-law-legal-associate-hr31727,Property Law Research Associate - (HR31727),industry,select,Industry,False,Industry,,"[name=""industry""]"
civil-law-legal-associate-hr31727,Property Law Research Associate - (HR31727),cand_woutreg_cv_file,file,cand_woutreg_cv_file,False,,,#cand_cv_filefield
civil-law-legal-associate-hr31727,Property Law Research Associate - (HR31727),cand_cover_letter,textarea,Cover Letter,False,Cover Letter,,"[name=""cand_cover_letter""]"
civil-law-legal-associate-hr31727,Property Law Research Associate - (HR31727),candidate_apply_cover,file,candidate_apply_cover,False,,,"[name=""candidate_apply_cover""]"
civil-law-legal-associate-hr31727,Property Law Research Associate - (HR31727),job_id,hidden,job_id,False,,,"[name=""job_id""]"
civil-law-legal-associate-hr31727,Property Law Research Associate - (HR31727),terms_cond_check,checkbox,terms_cond_check,False,,,"[name=""terms_cond_check""]"
senior-autocad-mep-designer-wg14184,Senior AutoCAD MEP Designer - (WG14184),pt_user_fname,text,First Name,False,First Name,,"[name=""pt_user_fname""]"
senior-autocad-mep-designer-wg14184,Senior AutoCAD MEP Designer - (WG14184),pt_user_lname,text,Last Name,False,Last Name,,"[name=""pt_user_lname""]"
senior-autocad-mep-designer-wg14184,Senior AutoCAD MEP Designer - (WG14184),user_email,text,Email Address,False,Email Address,,"[name=""user_email""]"
senior-autocad-mep-designer-wg14184,Senior AutoCAD MEP Designer - (WG14184),user_phone,tel,Phone Number,False,Phone Number,,#pt_user_phone_920705025
senior-autocad-mep-designer-wg14184,Senior AutoCAD MEP Designer - (WG14184),user_job_title,text,Current Job Title,False,Current Job Title,,"[name=""user_job_title""]"
senior-autocad-mep-designer-wg14184,Senior AutoCAD MEP Designer - (WG14184),user_salary,text,Current Salary,False,Current Salary,,"[name=""user_salary""]"
senior-autocad-mep-designer-wg14184,Senior AutoCAD MEP Designer - (WG14184),academic-level,select,Academic Level,False,Academic Level,,"[name=""academic-level""]"
senior-autocad-mep-designer-wg14184,Senior AutoCAD MEP Designer - (WG14184),Age,select,Age,False,Age,,"[name=""Age""]"
senior-autocad-mep-designer-wg14184,Senior AutoCAD MEP Designer - (WG14184),salary,text,salary,False,,,#salary32507
senior-autocad-mep-designer-wg14184,Senior AutoCAD MEP Designer - (WG14184),gender,select,Gender,False,Gender,,"[name=""gender""]"
senior-autocad-mep-designer-wg14184,Senior AutoCAD MEP Designer - (WG14184),industry,select,Industry,False,Industry,,"[name=""industry""]"
senior-autocad-mep-designer-wg14184,Senior AutoCAD MEP Designer - (WG14184),cand_woutreg_cv_file,file,cand_woutreg_cv_file,False,,,#cand_cv_filefield
senior-autocad-mep-designer-wg14184,Senior AutoCAD MEP Designer - (WG14184),cand_cover_letter,textarea,Cover Letter,False,Cover Letter,,"[name=""cand_cover_letter""]"
senior-autocad-mep-designer-wg14184,Senior AutoCAD MEP Designer - (WG14184),candidate_apply_cover,file,candidate_apply_cover,False,,,"[name=""candidate_apply_cover""]"
senior-autocad-mep-designer-wg14184,Senior AutoCAD MEP Designer - (WG14184),job_id,hidden,job_id,False,,,"[name=""job_id""]"
senior-autocad-mep-designer-wg14184,Senior AutoCAD MEP Designer - (WG14184),terms_cond_check,checkbox,terms_cond_check,False,,,"[name=""terms_cond_check""]"
account-management-professionals-ap00013,Account Management Professionals - (AP00013),pt_user_fname,text,First Name,False,First Name,,"[name=""pt_user_fname""]"
account-management-professionals-ap00013,Account Management Professionals - (AP00013),pt_user_lname,text,Last Name,False,Last Name,,"[name=""pt_user_lname""]"
account-management-professionals-ap00013,Account Management Professionals - (AP00013),user_email,text,Email Address,False,Email Address,,"[name=""user_email""]"
account-management-professionals-ap00013,Account Management Professionals - (AP00013),user_phone,tel,Phone Number,False,Phone Number,,#pt_user_phone_135103541
account-management-professionals-ap00013,Account Management Professionals - (AP00013),user_job_title,text,Current Job Title,False,Current Job Title,,"[name=""user_job_title""]"
account-management-professionals-ap00013,Account Management Professionals - (AP00013),user_salary,text,Current Salary,False,Current Salary,,"[name=""user_salary""]"
account-management-professionals-ap00013,Account Management Professionals - (AP00013),academic-level,select,Academic Level,False,Academic Level,,"[name=""academic-level""]"
account-management-professionals-ap00013,Account Management Professionals - (AP00013),Age,select,Age,False,Age,,"[name=""Age""]"
account-management-professionals-ap00013,Account Management Professionals - (AP00013),salary,text,salary,False,,,#salary14375
account-management-professionals-ap00013,Account Management Professionals - (AP00013),gender,select,Gender,False,Gender,,"[name=""gender""]"
account-management-professionals-ap00013,Account Management Professionals - (AP00013),industry,select,Industry,False,Industry,,"[name=""industry""]"
account-management-professionals-ap00013,Account Management Professionals - (AP00013),cand_woutreg_cv_file,file,cand_woutreg_cv_file,False,,,#cand_cv_filefield
account-management-professionals-ap00013,Account Management Professionals - (AP00013),cand_cover_letter,textarea,Cover Letter,False,Cover Letter,,"[name=""cand_cover_letter""]"
account-management-professionals-ap00013,Account Management Professionals - (AP00013),candidate_apply_cover,file,candidate_apply_cover,False,,,"[name=""candidate_apply_cover""]"
account-management-professionals-ap00013,Account Management Professionals - (AP00013),job_id,hidden,job_id,False,,,"[name=""job_id""]"
account-management-professionals-ap00013,Account Management Professionals - (AP00013),terms_cond_check,checkbox,terms_cond_check,False,,,"[name=""terms_cond_check""]"
inbound-sales-support-specialist-hr31959,Inbound Sales & Support Specialist - (HR31959),pt_user_fname,text,First Name,False,First Name,,"[name=""pt_user_fname""]"
inbound-sales-support-specialist-hr31959,Inbound Sales & Support Specialist - (HR31959),pt_user_lname,text,Last Name,False,Last Name,,"[name=""pt_user_lname""]"
inbound-sales-support-specialist-hr31959,Inbound Sales & Support Specialist - (HR31959),user_email,text,Email Address,False,Email Address,,"[name=""user_email""]"
inbound-sales-support-specialist-hr31959,Inbound Sales & Support Specialist - (HR31959),user_phone,tel,Phone Number,False,Phone Number,,#pt_user_phone_948689083
inbound-sales-support-specialist-hr31959,Inbound Sales & Support Specialist - (HR31959),user_job_title,text,Current Job Title,False,Current Job Title,,"[name=""user_job_title""]"
inbound-sales-support-specialist-hr31959,Inbound Sales & Support Specialist - (HR31959),user_salary,text,Current Salary,False,Current Salary,,"[name=""user_salary""]"
inbound-sales-support-specialist-hr31959,Inbound Sales & Support Specialist - (HR31959),academic-level,select,Academic Level,False,Academic Level,,"[name=""academic-level""]"
inbound-sales-support-specialist-hr31959,Inbound Sales & Support Specialist - (HR31959),Age,select,Age,False,Age,,"[name=""Age""]"
inbound-sales-support-specialist-hr31959,Inbound Sales & Support Specialist - (HR31959),salary,text,salary,False,,,#salary69560
inbound-sales-support-specialist-hr31959,Inbound Sales & Support Specialist - (HR31959),gender,select,Gender,False,Gender,,"[name=""gender""]"
inbound-sales-support-specialist-hr31959,Inbound Sales & Support Specialist - (HR31959),industry,select,Industry,False,Industry,,"[name=""industry""]"
inbound-sales-support-specialist-hr31959,Inbound Sales & Support Specialist - (HR31959),cand_woutreg_cv_file,file,cand_woutreg_cv_file,False,,,#cand_cv_filefield
inbound-sales-support-specialist-hr31959,Inbound Sales & Support Specialist - (HR31959),cand_cover_letter,textarea,Cover Letter,False,Cover Letter,,"[name=""cand_cover_letter""]"
inbound-sales-support-specialist-hr31959,Inbound Sales & Support Specialist - (HR31959),candidate_apply_cover,file,candidate_apply_cover,False,,,"[name=""candidate_apply_cover""]"
inbound-sales-support-specialist-hr31959,Inbound Sales & Support Specialist - (HR31959),job_id,hidden,job_id,False,,,"[name=""job_id""]"
inbound-sales-support-specialist-hr31959,Inbound Sales & Support Specialist - (HR31959),terms_cond_check,checkbox,terms_cond_check,False,,,"[name=""terms_cond_check""]"
sales-development-representative-sl-00004,Sales Development Representative – (SL 00004),pt_user_fname,text,First Name,False,First Name,,"[name=""pt_user_fname""]"
sales-development-representative-sl-00004,Sales Development Representative – (SL 00004),pt_user_lname,text,Last Name,False,Last Name,,"[name=""pt_user_lname""]"
sales-development-representative-sl-00004,Sales Development Representative – (SL 00004),user_email,text,Email Address,False,Email Address,,"[name=""user_email""]"
sales-development-representative-sl-00004,Sales Development Representative – (SL 00004),user_phone,tel,Phone Number,False,Phone Number,,#pt_user_phone_445640555
sales-development-representative-sl-00004,Sales Development Representative – (SL 00004),user_job_title,text,Current Job Title,False,Current Job Title,,"[name=""user_job_title""]"
sales-development-representative-sl-00004,Sales Development Representative – (SL 00004),user_salary,text,Current Salary,False,Current Salary,,"[name=""user_salary""]"
sales-development-representative-sl-00004,Sales Development Representative – (SL 00004),academic-level,select,Academic Level,False,Academic Level,,"[name=""academic-level""]"
sales-development-representative-sl-00004,Sales Development Representative – (SL 00004),Age,select,Age,False,Age,,"[name=""Age""]"
sales-development-representative-sl-00004,Sales Development Representative – (SL 00004),salary,text,salary,False,,,#salary29045
sales-development-representative-sl-00004,Sales Development Representative – (SL 00004),gender,select,Gender,False,Gender,,"[name=""gender""]"
sales-development-representative-sl-00004,Sales Development Representative – (SL 00004),industry,select,Industry,False,Industry,,"[name=""industry""]"
sales-development-representative-sl-00004,Sales Development Representative – (SL 00004),cand_woutreg_cv_file,file,cand_woutreg_cv_file,False,,,#cand_cv_filefield
sales-development-representative-sl-00004,Sales Development Representative – (SL 00004),cand_cover_letter,textarea,Cover Letter,False,Cover Letter,,"[name=""cand_cover_letter""]"
sales-development-representative-sl-00004,Sales Development Representative – (SL 00004),candidate_apply_cover,file,candidate_apply_cover,False,,,"[name=""candidate_apply_cover""]"
sales-development-representative-sl-00004,Sales Development Representative – (SL 00004),job_id,hidden,job_id,False,,,"[name=""job_id""]"
sales-development-representative-sl-00004,Sales Development Representative – (SL 00004),terms_cond_check,checkbox,terms_cond_check,False,,,"[name=""terms_cond_check""]"
executive-virtual-assistant-bilingual-spanish-english-sp00001,Executive/Virtual Assistant (Bilingual – Spanish & English) - (SP00001),pt_user_fname,text,First Name,False,First Name,,"[name=""pt_user_fname""]"
executive-virtual-assistant-bilingual-spanish-english-sp00001,Executive/Virtual Assistant (Bilingual – Spanish & English) - (SP00001),pt_user_lname,text,Last Name,False,Last Name,,"[name=""pt_user_lname""]"
executive-virtual-assistant-bilingual-spanish-english-sp00001,Executive/Virtual Assistant (Bilingual – Spanish & English) - (SP00001),user_email,text,Email Address,False,Email Address,,"[name=""user_email""]"
executive-virtual-assistant-bilingual-spanish-english-sp00001,Executive/Virtual Assistant (Bilingual – Spanish & English) - (SP00001),user_phone,tel,Phone Number,False,Phone Number,,#pt_user_phone_319121553
executive-virtual-assistant-bilingual-spanish-english-sp00001,Executive/Virtual Assistant (Bilingual – Spanish & English) - (SP00001),user_job_title,text,Current Job Title,False,Current Job Title,,"[name=""user_job_title""]"
executive-virtual-assistant-bilingual-spanish-english-sp00001,Executive/Virtual Assistant (Bilingual – Spanish & English) - (SP00001),user_salary,text,Current Salary,False,Current Salary,,"[name=""user_salary""]"
executive-virtual-assistant-bilingual-spanish-english-sp00001,Executive/Virtual Assistant (Bilingual – Spanish & English) - (SP00001),academic-level,select,Academic Level,False,Academic Level,,"[name=""academic-level""]"
executive-virtual-assistant-bilingual-spanish-english-sp00001,Executive/Virtual Assistant (Bilingual – Spanish & English) - (SP00001),Age,select,Age,False,Age,,"[name=""Age""]"
executive-virtual-assistant-bilingual-spanish-english-sp00001,Executive/Virtual Assistant (Bilingual – Spanish & English) - (SP00001),salary,text,salary,False,,,#salary62127
executive-virtual-assistant-bilingual-spanish-english-sp00001,Executive/Virtual Assistant (Bilingual – Spanish & English) - (SP00001),gender,select,Gender,False,Gender,,"[name=""gender""]"
executive-virtual-assistant-bilingual-spanish-english-sp00001,Executive/Virtual Assistant (Bilingual – Spanish & English) - (SP00001),industry,select,Industry,False,Industry,,"[name=""industry""]"
executive-virtual-assistant-bilingual-spanish-english-sp00001,Executive/Virtual Assistant (Bilingual – Spanish & English) - (SP00001),cand_woutreg_cv_file,file,cand_woutreg_cv_file,False,,,#cand_cv_filefield
executive-virtual-assistant-bilingual-spanish-english-sp00001,Executive/Virtual Assistant (Bilingual – Spanish & English) - (SP00001),cand_cover_letter,textarea,Cover Letter,False,Cover Letter,,"[name=""cand_cover_letter""]"
executive-virtual-assistant-bilingual-spanish-english-sp00001,Executive/Virtual Assistant (Bilingual – Spanish & English) - (SP00001),candidate_apply_cover,file,candidate_apply_cover,False,,,"[name=""candidate_apply_cover""]"
executive-virtual-assistant-bilingual-spanish-english-sp00001,Executive/Virtual Assistant (Bilingual – Spanish & English) - (SP00001),job_id,hidden,job_id,False,,,"[name=""job_id""]"
executive-virtual-assistant-bilingual-spanish-english-sp00001,Executive/Virtual Assistant (Bilingual – Spanish & English) - (SP00001),terms_cond_check,checkbox,terms_cond_check,False,,,"[name=""terms_cond_check""]"
digital-project-manager-hr82727,Digital Project Manager - (HR82727),pt_user_fname,text,First Name,False,First Name,,"[name=""pt_user_fname""]"
digital-project-manager-hr82727,Digital Project Manager - (HR82727),pt_user_lname,text,Last Name,False,Last Name,,"[name=""pt_user_lname""]"
digital-project-manager-hr82727,Digital Project Manager - (HR82727),user_email,text,Email Address,False,Email Address,,"[name=""user_email""]"
digital-project-manager-hr82727,Digital Project Manager - (HR82727),user_phone,tel,Phone Number,False,Phone Number,,#pt_user_phone_882871514
digital-project-manager-hr82727,Digital Project Manager - (HR82727),user_job_title,text,Current Job Title,False,Current Job Title,,"[name=""user_job_title""]"
digital-project-manager-hr82727,Digital Project Manager - (HR82727),user_salary,text,Current Salary,False,Current Salary,,"[name=""user_salary""]"
digital-project-manager-hr82727,Digital Project Manager - (HR82727),academic-level,select,Academic Level,False,Academic Level,,"[name=""academic-level""]"
digital-project-manager-hr82727,Digital Project Manager - (HR82727),Age,select,Age,False,Age,,"[name=""Age""]"
digital-project-manager-hr82727,Digital Project Manager - (HR82727),salary,text,salary,False,,,#salary122335
digital-project-manager-hr82727,Digital Project Manager - (HR82727),gender,select,Gender,False,Gender,,"[name=""gender""]"
digital-project-manager-hr82727,Digital Project Manager - (HR82727),industry,select,Industry,False,Industry,,"[name=""industry""]"
digital-project-manager-hr82727,Digital Project Manager - (HR82727),cand_woutreg_cv_file,file,cand_woutreg_cv_file,False,,,#cand_cv_filefield
digital-project-manager-hr82727,Digital Project Manager - (HR82727),cand_cover_letter,textarea,Cover Letter,False,Cover Letter,,"[name=""cand_cover_letter""]"
digital-project-manager-hr82727,Digital Project Manager - (HR82727),candidate_apply_cover,file,candidate_apply_cover,False,,,"[name=""candidate_apply_cover""]"
digital-project-manager-hr82727,Digital Project Manager - (HR82727),job_id,hidden,job_id,False,,,"[name=""job_id""]"
digital-project-manager-hr82727,Digital Project Manager - (HR82727),terms_cond_check,checkbox,terms_cond_check,False,,,"[name=""terms_cond_check""]"
email-marketing-specialist-klaviyo-sms-hr89319,Email Marketing Specialist (Klaviyo/SMS) - (HR89319),pt_user_fname,text,First Name,False,First Name,,"[name=""pt_user_fname""]"
email-marketing-specialist-klaviyo-sms-hr89319,Email Marketing Specialist (Klaviyo/SMS) - (HR89319),pt_user_lname,text,Last Name,False,Last Name,,"[name=""pt_user_lname""]"
email-marketing-specialist-klaviyo-sms-hr89319,Email Marketing Specialist (Klaviyo/SMS) - (HR89319),user_email,text,Email Address,False,Email Address,,"[name=""user_email""]"
email-marketing-specialist-klaviyo-sms-hr89319,Email Marketing Specialist (Klaviyo/SMS) - (HR89319),user_phone,tel,Phone Number,False,Phone Number,,#pt_user_phone_175630222
email-marketing-specialist-klaviyo-sms-hr89319,Email Marketing Specialist (Klaviyo/SMS) - (HR89319),user_job_title,text,Current Job Title,False,Current Job Title,,"[name=""user_job_title""]"
email-marketing-specialist-klaviyo-sms-hr89319,Email Marketing Specialist (Klaviyo/SMS) - (HR89319),user_salary,text,Current Salary,False,Current Salary,,"[name=""user_salary""]"
email-marketing-specialist-klaviyo-sms-hr89319,Email Marketing Specialist (Klaviyo/SMS) - (HR89319),academic-level,select,Academic Level,False,Academic Level,,"[name=""academic-level""]"
email-marketing-specialist-klaviyo-sms-hr89319,Email Marketing Specialist (Klaviyo/SMS) - (HR89319),Age,select,Age,False,Age,,"[name=""Age""]"
email-marketing-specialist-klaviyo-sms-hr89319,Email Marketing Specialist (Klaviyo/SMS) - (HR89319),salary,text,salary,False,,,#salary105462
email-marketing-specialist-klaviyo-sms-hr89319,Email Marketing Specialist (Klaviyo/SMS) - (HR89319),gender,select,Gender,False,Gender,,"[name=""gender""]"
email-marketing-specialist-klaviyo-sms-hr89319,Email Marketing Specialist (Klaviyo/SMS) - (HR89319),industry,select,Industry,False,Industry,,"[name=""industry""]"
email-marketing-specialist-klaviyo-sms-hr89319,Email Marketing Specialist (Klaviyo/SMS) - (HR89319),cand_woutreg_cv_file,file,cand_woutreg_cv_file,False,,,#cand_cv_filefield
email-marketing-specialist-klaviyo-sms-hr89319,Email Marketing Specialist (Klaviyo/SMS) - (HR89319),cand_cover_letter,textarea,Cover Letter,False,Cover Letter,,"[name=""cand_cover_letter""]"
email-marketing-specialist-klaviyo-sms-hr89319,Email Marketing Specialist (Klaviyo/SMS) - (HR89319),candidate_apply_cover,file,candidate_apply_cover,False,,,"[name=""candidate_apply_cover""]"
email-marketing-specialist-klaviyo-sms-hr89319,Email Marketing Specialist (Klaviyo/SMS) - (HR89319),job_id,hidden,job_id,False,,,"[name=""job_id""]"
email-marketing-specialist-klaviyo-sms-hr89319,Email Marketing Specialist (Klaviyo/SMS) - (HR89319),terms_cond_check,checkbox,terms_cond_check,False,,,"[name=""terms_cond_check""]"
construction-project-coordinator-hr55310,Construction Project Coordinator - (HR55310),pt_user_fname,text,First Name,False,First Name,,"[name=""pt_user_fname""]"
construction-project-coordinator-hr55310,Construction Project Coordinator - (HR55310),pt_user_lname,text,Last Name,False,Last Name,,"[name=""pt_user_lname""]"
construction-project-coordinator-hr55310,Construction Project Coordinator - (HR55310),user_email,text,Email Address,False,Email Address,,"[name=""user_email""]"
construction-project-coordinator-hr55310,Construction Project Coordinator - (HR55310),user_phone,tel,Phone Number,False,Phone Number,,#pt_user_phone_687290631
construction-project-coordinator-hr55310,Construction Project Coordinator - (HR55310),user_job_title,text,Current Job Title,False,Current Job Title,,"[name=""user_job_title""]"
construction-project-coordinator-hr55310,Construction Project Coordinator - (HR55310),user_salary,text,Current Salary,False,Current Salary,,"[name=""user_salary""]"
construction-project-coordinator-hr55310,Construction Project Coordinator - (HR55310),academic-level,select,Academic Level,False,Academic Level,,"[name=""academic-level""]"
construction-project-coordinator-hr55310,Construction Project Coordinator - (HR55310),Age,select,Age,False,Age,,"[name=""Age""]"
construction-project-coordinator-hr55310,Construction Project Coordinator - (HR55310),salary,text,salary,False,,,#salary40616
construction-project-coordinator-hr55310,Construction Project Coordinator - (HR55310),gender,select,Gender,False,Gender,,"[name=""gender""]"
construction-project-coordinator-hr55310,Construction Project Coordinator - (HR55310),industry,select,Industry,False,Industry,,"[name=""industry""]"
construction-project-coordinator-hr55310,Construction Project Coordinator - (HR55310),cand_woutreg_cv_file,file,cand_woutreg_cv_file,False,,,#cand_cv_filefield
construction-project-coordinator-hr55310,Construction Project Coordinator - (HR55310),cand_cover_letter,textarea,Cover Letter,False,Cover Letter,,"[name=""cand_cover_letter""]"
construction-project-coordinator-hr55310,Construction Project Coordinator - (HR55310),candidate_apply_cover,file,candidate_apply_cover,False,,,"[name=""candidate_apply_cover""]"
construction-project-coordinator-hr55310,Construction Project Coordinator - (HR55310),job_id,hidden,job_id,False,,,"[name=""job_id""]"
construction-project-coordinator-hr55310,Construction Project Coordinator - (HR55310),terms_cond_check,checkbox,terms_cond_check,False,,,"[name=""terms_cond_check""]"
sales-operations-specialist-hr31531,Sales Operations Specialist - (HR31531),pt_user_fname,text,First Name,False,First Name,,"[name=""pt_user_fname""]"
sales-operations-specialist-hr31531,Sales Operations Specialist - (HR31531),pt_user_lname,text,Last Name,False,Last Name,,"[name=""pt_user_lname""]"
sales-operations-specialist-hr31531,Sales Operations Specialist - (HR31531),user_email,text,Email Address,False,Email Address,,"[name=""user_email""]"
sales-operations-specialist-hr31531,Sales Operations Specialist - (HR31531),user_phone,tel,Phone Number,False,Phone Number,,#pt_user_phone_180922933
sales-operations-specialist-hr31531,Sales Operations Specialist - (HR31531),user_job_title,text,Current Job Title,False,Current Job Title,,"[name=""user_job_title""]"
sales-operations-specialist-hr31531,Sales Operations Specialist - (HR31531),user_salary,text,Current Salary,False,Current Salary,,"[name=""user_salary""]"
sales-operations-specialist-hr31531,Sales Operations Specialist - (HR31531),academic-level,select,Academic Level,False,Academic Level,,"[name=""academic-level""]"
sales-operations-specialist-hr31531,Sales Operations Specialist - (HR31531),Age,select,Age,False,Age,,"[name=""Age""]"
sales-operations-specialist-hr31531,Sales Operations Specialist - (HR31531),salary,text,salary,False,,,#salary103440
sales-operations-specialist-hr31531,Sales Operations Specialist - (HR31531),gender,select,Gender,False,Gender,,"[name=""gender""]"
sales-operations-specialist-hr31531,Sales Operations Specialist - (HR31531),industry,select,Industry,False,Industry,,"[name=""industry""]"
sales-operations-specialist-hr31531,Sales Operations Specialist - (HR31531),cand_woutreg_cv_file,file,cand_woutreg_cv_file,False,,,#cand_cv_filefield
sales-operations-specialist-hr31531,Sales Operations Specialist - (HR31531),cand_cover_letter,textarea,Cover Letter,False,Cover Letter,,"[name=""cand_cover_letter""]"
sales-operations-specialist-hr31531,Sales Operations Specialist - (HR31531),candidate_apply_cover,file,candidate_apply_cover,False,,,"[name=""candidate_apply_cover""]"
sales-operations-specialist-hr31531,Sales Operations Specialist - (HR31531),job_id,hidden,job_id,False,,,"[name=""job_id""]"
sales-operations-specialist-hr31531,Sales Operations Specialist - (HR31531),terms_cond_check,checkbox,terms_cond_check,False,,,"[name=""terms_cond_check""]"
tenant-operations-coordinator-hr83369,Tenant Operations Coordinator - (HR83369),pt_user_fname,text,First Name,False,First Name,,"[name=""pt_user_fname""]"
tenant-operations-coordinator-hr83369,Tenant Operations Coordinator - (HR83369),pt_user_lname,text,Last Name,False,Last Name,,"[name=""pt_user_lname""]"
tenant-operations-coordinator-hr83369,Tenant Operations Coordinator - (HR83369),user_email,text,Email Address,False,Email Address,,"[name=""user_email""]"
tenant-operations-coordinator-hr83369,Tenant Operations Coordinator - (HR83369),user_phone,tel,Phone Number,False,Phone Number,,#pt_user_phone_488618928
tenant-operations-coordinator-hr83369,Tenant Operations Coordinator - (HR83369),user_job_title,text,Current Job Title,False,Current Job Title,,"[name=""user_job_title""]"
tenant-operations-coordinator-hr83369,Tenant Operations Coordinator - (HR83369),user_salary,text,Current Salary,False,Current Salary,,"[name=""user_salary""]"
tenant-operations-coordinator-hr83369,Tenant Operations Coordinator - (HR83369),academic-level,select,Academic Level,False,Academic Level,,"[name=""academic-level""]"
tenant-operations-coordinator-hr83369,Tenant Operations Coordinator - (HR83369),Age,select,Age,False,Age,,"[name=""Age""]"
tenant-operations-coordinator-hr83369,Tenant Operations Coordinator - (HR83369),salary,text,salary,False,,,#salary71898
tenant-operations-coordinator-hr83369,Tenant Operations Coordinator - (HR83369),gender,select,Gender,False,Gender,,"[name=""gender""]"
tenant-operations-coordinator-hr83369,Tenant Operations Coordinator - (HR83369),industry,select,Industry,False,Industry,,"[name=""industry""]"
tenant-operations-coordinator-hr83369,Tenant Operations Coordinator - (HR83369),cand_woutreg_cv_file,file,cand_woutreg_cv_file,False,,,#cand_cv_filefield
tenant-operations-coordinator-hr83369,Tenant Operations Coordinator - (HR83369),cand_cover_letter,textarea,Cover Letter,False,Cover Letter,,"[name=""cand_cover_letter""]"
tenant-operations-coordinator-hr83369,Tenant Operations Coordinator - (HR83369),candidate_apply_cover,file,candidate_apply_cover,False,,,"[name=""candidate_apply_cover""]"
tenant-operations-coordinator-hr83369,Tenant Operations Coordinator - (HR83369),job_id,hidden,job_id,False,,,"[name=""job_id""]"
tenant-operations-coordinator-hr83369,Tenant Operations Coordinator - (HR83369),terms_cond_check,checkbox,terms_cond_check,False,,,"[name=""terms_cond_check""]"
social-media-manager-content-creator-hr60254,Social Media Manager & Content Creator - (HR60254),pt_user_fname,text,First Name,False,First Name,,"[name=""pt_user_fname""]"
social-media-manager-content-creator-hr60254,Social Media Manager & Content Creator - (HR60254),pt_user_lname,text,Last Name,False,Last Name,,"[name=""pt_user_lname""]"
social-media-manager-content-creator-hr60254,Social Media Manager & Content Creator - (HR60254),user_email,text,Email Address,False,Email Address,,"[name=""user_email""]"
social-media-manager-content-creator-hr60254,Social Media Manager & Content Creator - (HR60254),user_phone,tel,Phone Number,False,Phone Number,,#pt_user_phone_409304567
social-media-manager-content-creator-hr60254,Social Media Manager & Content Creator - (HR60254),user_job_title,text,Current Job Title,False,Current Job Title,,"[name=""user_job_title""]"
social-media-manager-content-creator-hr60254,Social Media Manager & Content Creator - (HR60254),user_salary,text,Current Salary,False,Current Salary,,"[name=""user_salary""]"
social-media-manager-content-creator-hr60254,Social Media Manager & Content Creator - (HR60254),academic-level,select,Academic Level,False,Academic Level,,"[name=""academic-level""]"
social-media-manager-content-creator-hr60254,Social Media Manager & Content Creator - (HR60254),Age,select,Age,False,Age,,"[name=""Age""]"
social-media-manager-content-creator-hr60254,Social Media Manager & Content Creator - (HR60254),salary,text,salary,False,,,#salary100982
social-media-manager-content-creator-hr60254,Social Media Manager & Content Creator - (HR60254),gender,select,Gender,False,Gender,,"[name=""gender""]"
social-media-manager-content-creator-hr60254,Social Media Manager & Content Creator - (HR60254),industry,select,Industry,False,Industry,,"[name=""industry""]"
social-media-manager-content-creator-hr60254,Social Media Manager & Content Creator - (HR60254),cand_woutreg_cv_file,file,cand_woutreg_cv_file,False,,,#cand_cv_filefield
social-media-manager-content-creator-hr60254,Social Media Manager & Content Creator - (HR60254),cand_cover_letter,textarea,Cover Letter,False,Cover Letter,,"[name=""cand_cover_letter""]"
social-media-manager-content-creator-hr60254,Social Media Manager & Content Creator - (HR60254),candidate_apply_cover,file,candidate_apply_cover,False,,,"[name=""candidate_apply_cover""]"
social-media-manager-content-creator-hr60254,Social Media Manager & Content Creator - (HR60254),job_id,hidden,job_id,False,,,"[name=""job_id""]"
social-media-manager-content-creator-hr60254,Social Media Manager & Content Creator - (HR60254),terms_cond_check,checkbox,terms_cond_check,False,,,"[name=""terms_cond_check""]"
technical-operations-specialist-hr56273,Technical Operations Specialist - (HR56273),pt_user_fname,text,First Name,False,First Name,,"[name=""pt_user_fname""]"
technical-operations-specialist-hr56273,Technical Operations Specialist - (HR56273),pt_user_lname,text,Last Name,False,Last Name,,"[name=""pt_user_lname""]"
technical-operations-specialist-hr56273,Technical Operations Specialist - (HR56273),user_email,text,Email Address,False,Email Address,,"[name=""user_email""]"
technical-operations-specialist-hr56273,Technical Operations Specialist - (HR56273),user_phone,tel,Phone Number,False,Phone Number,,#pt_user_phone_669057577
technical-operations-specialist-hr56273,Technical Operations Specialist - (HR56273),user_job_title,text,Current Job Title,False,Current Job Title,,"[name=""user_job_title""]"
technical-operations-specialist-hr56273,Technical Operations Specialist - (HR56273),user_salary,text,Current Salary,False,Current Salary,,"[name=""user_salary""]"
technical-operations-specialist-hr56273,Technical Operations Specialist - (HR56273),academic-level,select,Academic Level,False,Academic Level,,"[name=""academic-level""]"
technical-operations-specialist-hr56273,Technical Operations Specialist - (HR56273),Age,select,Age,False,Age,,"[name=""Age""]"
technical-operations-specialist-hr56273,Technical Operations Specialist - (HR56273),salary,text,salary,False,,,#salary49383
technical-operations-specialist-hr56273,Technical Operations Specialist - (HR56273),gender,select,Gender,False,Gender,,"[name=""gender""]"
technical-operations-specialist-hr56273,Technical Operations Specialist - (HR56273),industry,select,Industry,False,Industry,,"[name=""industry""]"
technical-operations-specialist-hr56273,Technical Operations Specialist - (HR56273),cand_woutreg_cv_file,file,cand_woutreg_cv_file,False,,,#cand_cv_filefield
technical-operations-specialist-hr56273,Technical Operations Specialist - (HR56273),cand_cover_letter,textarea,Cover Letter,False,Cover Letter,,"[name=""cand_cover_letter""]"
technical-operations-specialist-hr56273,Technical Operations Specialist - (HR56273),candidate_apply_cover,file,candidate_apply_cover,False,,,"[name=""candidate_apply_cover""]"
technical-operations-specialist-hr56273,Technical Operations Specialist - (HR56273),job_id,hidden,job_id,False,,,"[name=""job_id""]"
technical-operations-specialist-hr56273,Technical Operations Specialist - (HR56273),terms_cond_check,checkbox,terms_cond_check,False,,,"[name=""terms_cond_check""]"
customer-service-representative-csr-scheduler-hr59440,Appointment Setter & Scheduler - (HR59440),pt_user_fname,text,First Name,False,First Name,,"[name=""pt_user_fname""]"
customer-service-representative-csr-scheduler-hr59440,Appointment Setter & Scheduler - (HR59440),pt_user_lname,text,Last Name,False,Last Name,,"[name=""pt_user_lname""]"
customer-service-representative-csr-scheduler-hr59440,Appointment Setter & Scheduler - (HR59440),user_email,text,Email Address,False,Email Address,,"[name=""user_email""]"
customer-service-representative-csr-scheduler-hr59440,Appointment Setter & Scheduler - (HR59440),user_phone,tel,Phone Number,False,Phone Number,,#pt_user_phone_138071642
customer-service-representative-csr-scheduler-hr59440,Appointment Setter & Scheduler - (HR59440),user_job_title,text,Current Job Title,False,Current Job Title,,"[name=""user_job_title""]"
customer-service-representative-csr-scheduler-hr59440,Appointment Setter & Scheduler - (HR59440),user_salary,text,Current Salary,False,Current Salary,,"[name=""user_salary""]"
customer-service-representative-csr-scheduler-hr59440,Appointment Setter & Scheduler - (HR59440),academic-level,select,Academic Level,False,Academic Level,,"[name=""academic-level""]"
customer-service-representative-csr-scheduler-hr59440,Appointment Setter & Scheduler - (HR59440),Age,select,Age,False,Age,,"[name=""Age""]"
customer-service-representative-csr-scheduler-hr59440,Appointment Setter & Scheduler - (HR59440),salary,text,salary,False,,,#salary47033
customer-service-representative-csr-scheduler-hr59440,Appointment Setter & Scheduler - (HR59440),gender,select,Gender,False,Gender,,"[name=""gender""]"
customer-service-representative-csr-scheduler-hr59440,Appointment Setter & Scheduler - (HR59440),industry,select,Industry,False,Industry,,"[name=""industry""]"
customer-service-representative-csr-scheduler-hr59440,Appointment Setter & Scheduler - (HR59440),cand_woutreg_cv_file,file,cand_woutreg_cv_file,False,,,#cand_cv_filefield
customer-service-representative-csr-scheduler-hr59440,Appointment Setter & Scheduler - (HR59440),cand_cover_letter,textarea,Cover Letter,False,Cover Letter,,"[name=""cand_cover_letter""]"
customer-service-representative-csr-scheduler-hr59440,Appointment Setter & Scheduler - (HR59440),candidate_apply_cover,file,candidate_apply_cover,False,,,"[name=""candidate_apply_cover""]"
customer-service-representative-csr-scheduler-hr59440,Appointment Setter & Scheduler - (HR59440),job_id,hidden,job_id,False,,,"[name=""job_id""]"
customer-service-representative-csr-scheduler-hr59440,Appointment Setter & Scheduler - (HR59440),terms_cond_check,checkbox,terms_cond_check,False,,,"[name=""terms_cond_check""]"
executive-assistant-hr39108,Executive Assistant - (HR39108),pt_user_fname,text,First Name,False,First Name,,"[name=""pt_user_fname""]"
executive-assistant-hr39108,Executive Assistant - (HR39108),pt_user_lname,text,Last Name,False,Last Name,,"[name=""pt_user_lname""]"
executive-assistant-hr39108,Executive Assistant - (HR39108),user_email,text,Email Address,False,Email Address,,"[name=""user_email""]"
executive-assistant-hr39108,Executive Assistant - (HR39108),user_phone,tel,Phone Number,False,Phone Number,,#pt_user_phone_786623138
executive-assistant-hr39108,Executive Assistant - (HR39108),user_job_title,text,Current Job Title,False,Current Job Title,,"[name=""user_job_title""]"
executive-assistant-hr39108,Executive Assistant - (HR39108),user_salary,text,Current Salary,False,Current Salary,,"[name=""user_salary""]"
executive-assistant-hr39108,Executive Assistant - (HR39108),academic-level,select,Academic Level,False,Academic Level,,"[name=""academic-level""]"
executive-assistant-hr39108,Executive Assistant - (HR39108),Age,select,Age,False,Age,,"[name=""Age""]"
executive-assistant-hr39108,Executive Assistant - (HR39108),salary,text,salary,False,,,#salary27706
executive-assistant-hr39108,Executive Assistant - (HR39108),gender,select,Gender,False,Gender,,"[name=""gender""]"
executive-assistant-hr39108,Executive Assistant - (HR39108),industry,select,Industry,False,Industry,,"[name=""industry""]"
executive-assistant-hr39108,Executive Assistant - (HR39108),cand_woutreg_cv_file,file,cand_woutreg_cv_file,False,,,#cand_cv_filefield
executive-assistant-hr39108,Executive Assistant - (HR39108),cand_cover_letter,textarea,Cover Letter,False,Cover Letter,,"[name=""cand_cover_letter""]"
executive-assistant-hr39108,Executive Assistant - (HR39108),candidate_apply_cover,file,candidate_apply_cover,False,,,"[name=""candidate_apply_cover""]"
executive-assistant-hr39108,Executive Assistant - (HR39108),job_id,hidden,job_id,False,,,"[name=""job_id""]"
executive-assistant-hr39108,Executive Assistant - (HR39108),terms_cond_check,checkbox,terms_cond_check,False,,,"[name=""terms_cond_check""]"
sr-executive-and-operations-assistant-hr77654,Sr Executive and Operations Assistant - (HR77654),pt_user_fname,text,First Name,False,First Name,,"[name=""pt_user_fname""]"
sr-executive-and-operations-assistant-hr77654,Sr Executive and Operations Assistant - (HR77654),pt_user_lname,text,Last Name,False,Last Name,,"[name=""pt_user_lname""]"
sr-executive-and-operations-assistant-hr77654,Sr Executive and Operations Assistant - (HR77654),user_email,text,Email Address,False,Email Address,,"[name=""user_email""]"
sr-executive-and-operations-assistant-hr77654,Sr Executive and Operations Assistant - (HR77654),user_phone,tel,Phone Number,False,Phone Number,,#pt_user_phone_146835217
sr-executive-and-operations-assistant-hr77654,Sr Executive and Operations Assistant - (HR77654),user_job_title,text,Current Job Title,False,Current Job Title,,"[name=""user_job_title""]"
sr-executive-and-operations-assistant-hr77654,Sr Executive and Operations Assistant - (HR77654),user_salary,text,Current Salary,False,Current Salary,,"[name=""user_salary""]"
sr-executive-and-operations-assistant-hr77654,Sr Executive and Operations Assistant - (HR77654),academic-level,select,Academic Level,False,Academic Level,,"[name=""academic-level""]"
sr-executive-and-operations-assistant-hr77654,Sr Executive and Operations Assistant - (HR77654),Age,select,Age,False,Age,,"[name=""Age""]"
sr-executive-and-operations-assistant-hr77654,Sr Executive and Operations Assistant - (HR77654),salary,text,salary,False,,,#salary53887
sr-executive-and-operations-assistant-hr77654,Sr Executive and Operations Assistant - (HR77654),gender,select,Gender,False,Gender,,"[name=""gender""]"
sr-executive-and-operations-assistant-hr77654,Sr Executive and Operations Assistant - (HR77654),industry,select,Industry,False,Industry,,"[name=""industry""]"
sr-executive-and-operations-assistant-hr77654,Sr Executive and Operations Assistant - (HR77654),cand_woutreg_cv_file,file,cand_woutreg_cv_file,False,,,#cand_cv_filefield
sr-executive-and-operations-assistant-hr77654,Sr Executive and Operations Assistant - (HR77654),cand_cover_letter,textarea,Cover Letter,False,Cover Letter,,"[name=""cand_cover_letter""]"
sr-executive-and-operations-assistant-hr77654,Sr Executive and Operations Assistant - (HR77654),candidate_apply_cover,file,candidate_apply_cover,False,,,"[name=""candidate_apply_cover""]"
sr-executive-and-operations-assistant-hr77654,Sr Executive and Operations Assistant - (HR77654),job_id,hidden,job_id,False,,,"[name=""job_id""]"
sr-executive-and-operations-assistant-hr77654,Sr Executive and Operations Assistant - (HR77654),terms_cond_check,checkbox,terms_cond_check,False,,,"[name=""terms_cond_check""]"
outbound-sales-lead-player-coach-hr41954,Outbound Call Center Manager (Home Services) - (HR41954),pt_user_fname,text,First Name,False,First Name,,"[name=""pt_user_fname""]"
outbound-sales-lead-player-coach-hr41954,Outbound Call Center Manager (Home Services) - (HR41954),pt_user_lname,text,Last Name,False,Last Name,,"[name=""pt_user_lname""]"
outbound-sales-lead-player-coach-hr41954,Outbound Call Center Manager (Home Services) - (HR41954),user_email,text,Email Address,False,Email Address,,"[name=""user_email""]"
outbound-sales-lead-player-coach-hr41954,Outbound Call Center Manager (Home Services) - (HR41954),user_phone,tel,Phone Number,False,Phone Number,,#pt_user_phone_411170956
outbound-sales-lead-player-coach-hr41954,Outbound Call Center Manager (Home Services) - (HR41954),user_job_title,text,Current Job Title,False,Current Job Title,,"[name=""user_job_title""]"
outbound-sales-lead-player-coach-hr41954,Outbound Call Center Manager (Home Services) - (HR41954),user_salary,text,Current Salary,False,Current Salary,,"[name=""user_salary""]"
outbound-sales-lead-player-coach-hr41954,Outbound Call Center Manager (Home Services) - (HR41954),academic-level,select,Academic Level,False,Academic Level,,"[name=""academic-level""]"
outbound-sales-lead-player-coach-hr41954,Outbound Call Center Manager (Home Services) - (HR41954),Age,select,Age,False,Age,,"[name=""Age""]"
outbound-sales-lead-player-coach-hr41954,Outbound Call Center Manager (Home Services) - (HR41954),salary,text,salary,False,,,#salary47891
outbound-sales-lead-player-coach-hr41954,Outbound Call Center Manager (Home Services) - (HR41954),gender,select,Gender,False,Gender,,"[name=""gender""]"
outbound-sales-lead-player-coach-hr41954,Outbound Call Center Manager (Home Services) - (HR41954),industry,select,Industry,False,Industry,,"[name=""industry""]"
outbound-sales-lead-player-coach-hr41954,Outbound Call Center Manager (Home Services) - (HR41954),cand_woutreg_cv_file,file,cand_woutreg_cv_file,False,,,#cand_cv_filefield
outbound-sales-lead-player-coach-hr41954,Outbound Call Center Manager (Home Services) - (HR41954),cand_cover_letter,textarea,Cover Letter,False,Cover Letter,,"[name=""cand_cover_letter""]"
outbound-sales-lead-player-coach-hr41954,Outbound Call Center Manager (Home Services) - (HR41954),candidate_apply_cover,file,candidate_apply_cover,False,,,"[name=""candidate_apply_cover""]"
outbound-sales-lead-player-coach-hr41954,Outbound Call Center Manager (Home Services) - (HR41954),job_id,hidden,job_id,False,,,"[name=""job_id""]"
outbound-sales-lead-player-coach-hr41954,Outbound Call Center Manager (Home Services) - (HR41954),terms_cond_check,checkbox,terms_cond_check,False,,,"[name=""terms_cond_check""]"
dispatch-assistant-hr92721,Field Services Dispatcher (Home Services) – LATAM - (HR92721),pt_user_fname,text,First Name,False,First Name,,"[name=""pt_user_fname""]"
dispatch-assistant-hr92721,Field Services Dispatcher (Home Services) – LATAM - (HR92721),pt_user_lname,text,Last Name,False,Last Name,,"[name=""pt_user_lname""]"
dispatch-assistant-hr92721,Field Services Dispatcher (Home Services) – LATAM - (HR92721),user_email,text,Email Address,False,Email Address,,"[name=""user_email""]"
dispatch-assistant-hr92721,Field Services Dispatcher (Home Services) – LATAM - (HR92721),user_phone,tel,Phone Number,False,Phone Number,,#pt_user_phone_687946746
dispatch-assistant-hr92721,Field Services Dispatcher (Home Services) – LATAM - (HR92721),user_job_title,text,Current Job Title,False,Current Job Title,,"[name=""user_job_title""]"
dispatch-assistant-hr92721,Field Services Dispatcher (Home Services) – LATAM - (HR92721),user_salary,text,Current Salary,False,Current Salary,,"[name=""user_salary""]"
dispatch-assistant-hr92721,Field Services Dispatcher (Home Services) – LATAM - (HR92721),academic-level,select,Academic Level,False,Academic Level,,"[name=""academic-level""]"
dispatch-assistant-hr92721,Field Services Dispatcher (Home Services) – LATAM - (HR92721),Age,select,Age,False,Age,,"[name=""Age""]"
dispatch-assistant-hr92721,Field Services Dispatcher (Home Services) – LATAM - (HR92721),salary,text,salary,False,,,#salary42526
dispatch-assistant-hr92721,Field Services Dispatcher (Home Services) – LATAM - (HR92721),gender,select,Gender,False,Gender,,"[name=""gender""]"
dispatch-assistant-hr92721,Field Services Dispatcher (Home Services) – LATAM - (HR92721),industry,select,Industry,False,Industry,,"[name=""industry""]"
dispatch-assistant-hr92721,Field Services Dispatcher (Home Services) – LATAM - (HR92721),cand_woutreg_cv_file,file,cand_woutreg_cv_file,False,,,#cand_cv_filefield
dispatch-assistant-hr92721,Field Services Dispatcher (Home Services) – LATAM - (HR92721),cand_cover_letter,textarea,Cover Letter,False,Cover Letter,,"[name=""cand_cover_letter""]"
dispatch-assistant-hr92721,Field Services Dispatcher (Home Services) – LATAM - (HR92721),candidate_apply_cover,file,candidate_apply_cover,False,,,"[name=""candidate_apply_cover""]"
dispatch-assistant-hr92721,Field Services Dispatcher (Home Services) – LATAM - (HR92721),job_id,hidden,job_id,False,,,"[name=""job_id""]"
dispatch-assistant-hr92721,Field Services Dispatcher (Home Services) – LATAM - (HR92721),terms_cond_check,checkbox,terms_cond_check,False,,,"[name=""terms_cond_check""]"
sales-representative-hr54946,Sales Representative - (HR54946),pt_user_fname,text,First Name,False,First Name,,"[name=""pt_user_fname""]"
sales-representative-hr54946,Sales Representative - (HR54946),pt_user_lname,text,Last Name,False,Last Name,,"[name=""pt_user_lname""]"
sales-representative-hr54946,Sales Representative - (HR54946),user_email,text,Email Address,False,Email Address,,"[name=""user_email""]"
sales-representative-hr54946,Sales Representative - (HR54946),user_phone,tel,Phone Number,False,Phone Number,,#pt_user_phone_475875207
sales-representative-hr54946,Sales Representative - (HR54946),user_job_title,text,Current Job Title,False,Current Job Title,,"[name=""user_job_title""]"
sales-representative-hr54946,Sales Representative - (HR54946),user_salary,text,Current Salary,False,Current Salary,,"[name=""user_salary""]"
sales-representative-hr54946,Sales Representative - (HR54946),academic-level,select,Academic Level,False,Academic Level,,"[name=""academic-level""]"
sales-representative-hr54946,Sales Representative - (HR54946),Age,select,Age,False,Age,,"[name=""Age""]"
sales-representative-hr54946,Sales Representative - (HR54946),salary,text,salary,False,,,#salary50883
sales-representative-hr54946,Sales Representative - (HR54946),gender,select,Gender,False,Gender,,"[name=""gender""]"
sales-representative-hr54946,Sales Representative - (HR54946),industry,select,Industry,False,Industry,,"[name=""industry""]"
sales-representative-hr54946,Sales Representative - (HR54946),cand_woutreg_cv_file,file,cand_woutreg_cv_file,False,,,#cand_cv_filefield
sales-representative-hr54946,Sales Representative - (HR54946),cand_cover_letter,textarea,Cover Letter,False,Cover Letter,,"[name=""cand_cover_letter""]"
sales-representative-hr54946,Sales Representative - (HR54946),candidate_apply_cover,file,candidate_apply_cover,False,,,"[name=""candidate_apply_cover""]"
sales-representative-hr54946,Sales Representative - (HR54946),job_id,hidden,job_id,False,,,"[name=""job_id""]"
sales-representative-hr54946,Sales Representative - (HR54946),terms_cond_check,checkbox,terms_cond_check,False,,,"[name=""terms_cond_check""]"
real-estate-valuation-analyst-underwriter-hr80715,Real Estate Valuation Analyst/Underwriter - (HR80715),pt_user_fname,text,First Name,False,First Name,,"[name=""pt_user_fname""]"
real-estate-valuation-analyst-underwriter-hr80715,Real Estate Valuation Analyst/Underwriter - (HR80715),pt_user_lname,text,Last Name,False,Last Name,,"[name=""pt_user_lname""]"
real-estate-valuation-analyst-underwriter-hr80715,Real Estate Valuation Analyst/Underwriter - (HR80715),user_email,text,Email Address,False,Email Address,,"[name=""user_email""]"
real-estate-valuation-analyst-underwriter-hr80715,Real Estate Valuation Analyst/Underwriter - (HR80715),user_phone,tel,Phone Number,False,Phone Number,,#pt_user_phone_890509427
real-estate-valuation-analyst-underwriter-hr80715,Real Estate Valuation Analyst/Underwriter - (HR80715),user_job_title,text,Current Job Title,False,Current Job Title,,"[name=""user_job_title""]"
real-estate-valuation-analyst-underwriter-hr80715,Real Estate Valuation Analyst/Underwriter - (HR80715),user_salary,text,Current Salary,False,Current Salary,,"[name=""user_salary""]"
real-estate-valuation-analyst-underwriter-hr80715,Real Estate Valuation Analyst/Underwriter - (HR80715),academic-level,select,Academic Level,False,Academic Level,,"[name=""academic-level""]"
real-estate-valuation-analyst-underwriter-hr80715,Real Estate Valuation Analyst/Underwriter - (HR80715),Age,select,Age,False,Age,,"[name=""Age""]"
real-estate-valuation-analyst-underwriter-hr80715,Real Estate Valuation Analyst/Underwriter - (HR80715),salary,text,salary,False,,,#salary120484
real-estate-valuation-analyst-underwriter-hr80715,Real Estate Valuation Analyst/Underwriter - (HR80715),gender,select,Gender,False,Gender,,"[name=""gender""]"
real-estate-valuation-analyst-underwriter-hr80715,Real Estate Valuation Analyst/Underwriter - (HR80715),industry,select,Industry,False,Industry,,"[name=""industry""]"
real-estate-valuation-analyst-underwriter-hr80715,Real Estate Valuation Analyst/Underwriter - (HR80715),cand_woutreg_cv_file,file,cand_woutreg_cv_file,False,,,#cand_cv_filefield
real-estate-valuation-analyst-underwriter-hr80715,Real Estate Valuation Analyst/Underwriter - (HR80715),cand_cover_letter,textarea,Cover Letter,False,Cover Letter,,"[name=""cand_cover_letter""]"
real-estate-valuation-analyst-underwriter-hr80715,Real Estate Valuation Analyst/Underwriter - (HR80715),candidate_apply_cover,file,candidate_apply_cover,False,,,"[name=""candidate_apply_cover""]"
real-estate-valuation-analyst-underwriter-hr80715,Real Estate Valuation Analyst/Underwriter - (HR80715),job_id,hidden,job_id,False,,,"[name=""job_id""]"
real-estate-valuation-analyst-underwriter-hr80715,Real Estate Valuation Analyst/Underwriter - (HR80715),terms_cond_check,checkbox,terms_cond_check,False,,,"[name=""terms_cond_check""]"
commercial-property-accountant-ap00040,Commercial Property Accountant - (AP00040),pt_user_fname,text,First Name,False,First Name,,"[name=""pt_user_fname""]"
commercial-property-accountant-ap00040,Commercial Property Accountant - (AP00040),pt_user_lname,text,Last Name,False,Last Name,,"[name=""pt_user_lname""]"
commercial-property-accountant-ap00040,Commercial Property Accountant - (AP00040),user_email,text,Email Address,False,Email Address,,"[name=""user_email""]"
commercial-property-accountant-ap00040,Commercial Property Accountant - (AP00040),user_phone,tel,Phone Number,False,Phone Number,,#pt_user_phone_391881743
commercial-property-accountant-ap00040,Commercial Property Accountant - (AP00040),user_job_title,text,Current Job Title,False,Current Job Title,,"[name=""user_job_title""]"
commercial-property-accountant-ap00040,Commercial Property Accountant - (AP00040),user_salary,text,Current Salary,False,Current Salary,,"[name=""user_salary""]"
commercial-property-accountant-ap00040,Commercial Property Accountant - (AP00040),academic-level,select,Academic Level,False,Academic Level,,"[name=""academic-level""]"
commercial-property-accountant-ap00040,Commercial Property Accountant - (AP00040),Age,select,Age,False,Age,,"[name=""Age""]"
commercial-property-accountant-ap00040,Commercial Property Accountant - (AP00040),salary,text,salary,False,,,#salary55092
commercial-property-accountant-ap00040,Commercial Property Accountant - (AP00040),gender,select,Gender,False,Gender,,"[name=""gender""]"
commercial-property-accountant-ap00040,Commercial Property Accountant - (AP00040),industry,select,Industry,False,Industry,,"[name=""industry""]"
commercial-property-accountant-ap00040,Commercial Property Accountant - (AP00040),cand_woutreg_cv_file,file,cand_woutreg_cv_file,False,,,#cand_cv_filefield
commercial-property-accountant-ap00040,Commercial Property Accountant - (AP00040),cand_cover_letter,textarea,Cover Letter,False,Cover Letter,,"[name=""cand_cover_letter""]"
commercial-property-accountant-ap00040,Commercial Property Accountant - (AP00040),candidate_apply_cover,file,candidate_apply_cover,False,,,"[name=""candidate_apply_cover""]"
commercial-property-accountant-ap00040,Commercial Property Accountant - (AP00040),job_id,hidden,job_id,False,,,"[name=""job_id""]"
commercial-property-accountant-ap00040,Commercial Property Accountant - (AP00040),terms_cond_check,checkbox,terms_cond_check,False,,,"[name=""terms_cond_check""]"
senior-commercial-leasing-specialist-commercial-leasing-manager-hr79388,Senior Commercial Leasing Specialist / Commercial Leasing Manager - (HR79388),pt_user_fname,text,First Name,False,First Name,,"[name=""pt_user_fname""]"
senior-commercial-leasing-specialist-commercial-leasing-manager-hr79388,Senior Commercial Leasing Specialist / Commercial Leasing Manager - (HR79388),pt_user_lname,text,Last Name,False,Last Name,,"[name=""pt_user_lname""]"
senior-commercial-leasing-specialist-commercial-leasing-manager-hr79388,Senior Commercial Leasing Specialist / Commercial Leasing Manager - (HR79388),user_email,text,Email Address,False,Email Address,,"[name=""user_email""]"
senior-commercial-leasing-specialist-commercial-leasing-manager-hr79388,Senior Commercial Leasing Specialist / Commercial Leasing Manager - (HR79388),user_phone,tel,Phone Number,False,Phone Number,,#pt_user_phone_398199183
senior-commercial-leasing-specialist-commercial-leasing-manager-hr79388,Senior Commercial Leasing Specialist / Commercial Leasing Manager - (HR79388),user_job_title,text,Current Job Title,False,Current Job Title,,"[name=""user_job_title""]"
senior-commercial-leasing-specialist-commercial-leasing-manager-hr79388,Senior Commercial Leasing Specialist / Commercial Leasing Manager - (HR79388),user_salary,text,Current Salary,False,Current Salary,,"[name=""user_salary""]"
senior-commercial-leasing-specialist-commercial-leasing-manager-hr79388,Senior Commercial Leasing Specialist / Commercial Leasing Manager - (HR79388),academic-level,select,Academic Level,False,Academic Level,,"[name=""academic-level""]"
senior-commercial-leasing-specialist-commercial-leasing-manager-hr79388,Senior Commercial Leasing Specialist / Commercial Leasing Manager - (HR79388),Age,select,Age,False,Age,,"[name=""Age""]"
senior-commercial-leasing-specialist-commercial-leasing-manager-hr79388,Senior Commercial Leasing Specialist / Commercial Leasing Manager - (HR79388),salary,text,salary,False,,,#salary8161
senior-commercial-leasing-specialist-commercial-leasing-manager-hr79388,Senior Commercial Leasing Specialist / Commercial Leasing Manager - (HR79388),gender,select,Gender,False,Gender,,"[name=""gender""]"
senior-commercial-leasing-specialist-commercial-leasing-manager-hr79388,Senior Commercial Leasing Specialist / Commercial Leasing Manager - (HR79388),industry,select,Industry,False,Industry,,"[name=""industry""]"
senior-commercial-leasing-specialist-commercial-leasing-manager-hr79388,Senior Commercial Leasing Specialist / Commercial Leasing Manager - (HR79388),cand_woutreg_cv_file,file,cand_woutreg_cv_file,False,,,#cand_cv_filefield
senior-commercial-leasing-specialist-commercial-leasing-manager-hr79388,Senior Commercial Leasing Specialist / Commercial Leasing Manager - (HR79388),cand_cover_letter,textarea,Cover Letter,False,Cover Letter,,"[name=""cand_cover_letter""]"
senior-commercial-leasing-specialist-commercial-leasing-manager-hr79388,Senior Commercial Leasing Specialist / Commercial Leasing Manager - (HR79388),candidate_apply_cover,file,candidate_apply_cover,False,,,"[name=""candidate_apply_cover""]"
senior-commercial-leasing-specialist-commercial-leasing-manager-hr79388,Senior Commercial Leasing Specialist / Commercial Leasing Manager - (HR79388),job_id,hidden,job_id,False,,,"[name=""job_id""]"
senior-commercial-leasing-specialist-commercial-leasing-manager-hr79388,Senior Commercial Leasing Specialist / Commercial Leasing Manager - (HR79388),terms_cond_check,checkbox,terms_cond_check,False,,,"[name=""terms_cond_check""]"
property-bookkeeper-ap00036,Property Bookkeeper - (AP00036),pt_user_fname,text,First Name,False,First Name,,"[name=""pt_user_fname""]"
property-bookkeeper-ap00036,Property Bookkeeper - (AP00036),pt_user_lname,text,Last Name,False,Last Name,,"[name=""pt_user_lname""]"
property-bookkeeper-ap00036,Property Bookkeeper - (AP00036),user_email,text,Email Address,False,Email Address,,"[name=""user_email""]"
property-bookkeeper-ap00036,Property Bookkeeper - (AP00036),user_phone,tel,Phone Number,False,Phone Number,,#pt_user_phone_235571506
property-bookkeeper-ap00036,Property Bookkeeper - (AP00036),user_job_title,text,Current Job Title,False,Current Job Title,,"[name=""user_job_title""]"
property-bookkeeper-ap00036,Property Bookkeeper - (AP00036),user_salary,text,Current Salary,False,Current Salary,,"[name=""user_salary""]"
property-bookkeeper-ap00036,Property Bookkeeper - (AP00036),academic-level,select,Academic Level,False,Academic Level,,"[name=""academic-level""]"
property-bookkeeper-ap00036,Property Bookkeeper - (AP00036),Age,select,Age,False,Age,,"[name=""Age""]"
property-bookkeeper-ap00036,Property Bookkeeper - (AP00036),salary,text,salary,False,,,#salary63337
property-bookkeeper-ap00036,Property Bookkeeper - (AP00036),gender,select,Gender,False,Gender,,"[name=""gender""]"
property-bookkeeper-ap00036,Property Bookkeeper - (AP00036),industry,select,Industry,False,Industry,,"[name=""industry""]"
property-bookkeeper-ap00036,Property Bookkeeper - (AP00036),cand_woutreg_cv_file,file,cand_woutreg_cv_file,False,,,#cand_cv_filefield
property-bookkeeper-ap00036,Property Bookkeeper - (AP00036),cand_cover_letter,textarea,Cover Letter,False,Cover Letter,,"[name=""cand_cover_letter""]"
property-bookkeeper-ap00036,Property Bookkeeper - (AP00036),candidate_apply_cover,file,candidate_apply_cover,False,,,"[name=""candidate_apply_cover""]"
property-bookkeeper-ap00036,Property Bookkeeper - (AP00036),job_id,hidden,job_id,False,,,"[name=""job_id""]"
property-bookkeeper-ap00036,Property Bookkeeper - (AP00036),terms_cond_check,checkbox,terms_cond_check,False,,,"[name=""terms_cond_check""]"
autocad-designer-ap00037,AutoCAD Designer - (AP00037),pt_user_fname,text,First Name,False,First Name,,"[name=""pt_user_fname""]"
autocad-designer-ap00037,AutoCAD Designer - (AP00037),pt_user_lname,text,Last Name,False,Last Name,,"[name=""pt_user_lname""]"
autocad-designer-ap00037,AutoCAD Designer - (AP00037),user_email,text,Email Address,False,Email Address,,"[name=""user_email""]"
autocad-designer-ap00037,AutoCAD Designer - (AP00037),user_phone,tel,Phone Number,False,Phone Number,,#pt_user_phone_219377521
autocad-designer-ap00037,AutoCAD Designer - (AP00037),user_job_title,text,Current Job Title,False,Current Job Title,,"[name=""user_job_title""]"
autocad-designer-ap00037,AutoCAD Designer - (AP00037),user_salary,text,Current Salary,False,Current Salary,,"[name=""user_salary""]"
autocad-designer-ap00037,AutoCAD Designer - (AP00037),academic-level,select,Academic Level,False,Academic Level,,"[name=""academic-level""]"
autocad-designer-ap00037,AutoCAD Designer - (AP00037),Age,select,Age,False,Age,,"[name=""Age""]"
autocad-designer-ap00037,AutoCAD Designer - (AP00037),salary,text,salary,False,,,#salary12440
autocad-designer-ap00037,AutoCAD Designer - (AP00037),gender,select,Gender,False,Gender,,"[name=""gender""]"
autocad-designer-ap00037,AutoCAD Designer - (AP00037),industry,select,Industry,False,Industry,,"[name=""industry""]"
autocad-designer-ap00037,AutoCAD Designer - (AP00037),cand_woutreg_cv_file,file,cand_woutreg_cv_file,False,,,#cand_cv_filefield
autocad-designer-ap00037,AutoCAD Designer - (AP00037),cand_cover_letter,textarea,Cover Letter,False,Cover Letter,,"[name=""cand_cover_letter""]"
autocad-designer-ap00037,AutoCAD Designer - (AP00037),candidate_apply_cover,file,candidate_apply_cover,False,,,"[name=""candidate_apply_cover""]"
autocad-designer-ap00037,AutoCAD Designer - (AP00037),job_id,hidden,job_id,False,,,"[name=""job_id""]"
autocad-designer-ap00037,AutoCAD Designer - (AP00037),terms_cond_check,checkbox,terms_cond_check,False,,,"[name=""terms_cond_check""]"
senior-accountant-multi-entity-ap00038,Senior Accountant - Multi-Entity (AP00038),pt_user_fname,text,First Name,False,First Name,,"[name=""pt_user_fname""]"
senior-accountant-multi-entity-ap00038,Senior Accountant - Multi-Entity (AP00038),pt_user_lname,text,Last Name,False,Last Name,,"[name=""pt_user_lname""]"
senior-accountant-multi-entity-ap00038,Senior Accountant - Multi-Entity (AP00038),user_email,text,Email Address,False,Email Address,,"[name=""user_email""]"
senior-accountant-multi-entity-ap00038,Senior Accountant - Multi-Entity (AP00038),user_phone,tel,Phone Number,False,Phone Number,,#pt_user_phone_501120367
senior-accountant-multi-entity-ap00038,Senior Accountant - Multi-Entity (AP00038),user_job_title,text,Current Job Title,False,Current Job Title,,"[name=""user_job_title""]"
senior-accountant-multi-entity-ap00038,Senior Accountant - Multi-Entity (AP00038),user_salary,text,Current Salary,False,Current Salary,,"[name=""user_salary""]"
senior-accountant-multi-entity-ap00038,Senior Accountant - Multi-Entity (AP00038),academic-level,select,Academic Level,False,Academic Level,,"[name=""academic-level""]"
senior-accountant-multi-entity-ap00038,Senior Accountant - Multi-Entity (AP00038),Age,select,Age,False,Age,,"[name=""Age""]"
senior-accountant-multi-entity-ap00038,Senior Accountant - Multi-Entity (AP00038),salary,text,salary,False,,,#salary21922
senior-accountant-multi-entity-ap00038,Senior Accountant - Multi-Entity (AP00038),gender,select,Gender,False,Gender,,"[name=""gender""]"
senior-accountant-multi-entity-ap00038,Senior Accountant - Multi-Entity (AP00038),industry,select,Industry,False,Industry,,"[name=""industry""]"
senior-accountant-multi-entity-ap00038,Senior Accountant - Multi-Entity (AP00038),cand_woutreg_cv_file,file,cand_woutreg_cv_file,False,,,#cand_cv_filefield
senior-accountant-multi-entity-ap00038,Senior Accountant - Multi-Entity (AP00038),cand_cover_letter,textarea,Cover Letter,False,Cover Letter,,"[name=""cand_cover_letter""]"
senior-accountant-multi-entity-ap00038,Senior Accountant - Multi-Entity (AP00038),candidate_apply_cover,file,candidate_apply_cover,False,,,"[name=""candidate_apply_cover""]"
senior-accountant-multi-entity-ap00038,Senior Accountant - Multi-Entity (AP00038),job_id,hidden,job_id,False,,,"[name=""job_id""]"
senior-accountant-multi-entity-ap00038,Senior Accountant - Multi-Entity (AP00038),terms_cond_check,checkbox,terms_cond_check,False,,,"[name=""terms_cond_check""]"
executive-assistant-latam-ap00039,Executive Assistant - LATAM - (AP00039),pt_user_fname,text,First Name,False,First Name,,"[name=""pt_user_fname""]"
executive-assistant-latam-ap00039,Executive Assistant - LATAM - (AP00039),pt_user_lname,text,Last Name,False,Last Name,,"[name=""pt_user_lname""]"
executive-assistant-latam-ap00039,Executive Assistant - LATAM - (AP00039),user_email,text,Email Address,False,Email Address,,"[name=""user_email""]"
executive-assistant-latam-ap00039,Executive Assistant - LATAM - (AP00039),user_phone,tel,Phone Number,False,Phone Number,,#pt_user_phone_414964278
executive-assistant-latam-ap00039,Executive Assistant - LATAM - (AP00039),user_job_title,text,Current Job Title,False,Current Job Title,,"[name=""user_job_title""]"
executive-assistant-latam-ap00039,Executive Assistant - LATAM - (AP00039),user_salary,text,Current Salary,False,Current Salary,,"[name=""user_salary""]"
executive-assistant-latam-ap00039,Executive Assistant - LATAM - (AP00039),academic-level,select,Academic Level,False,Academic Level,,"[name=""academic-level""]"
executive-assistant-latam-ap00039,Executive Assistant - LATAM - (AP00039),Age,select,Age,False,Age,,"[name=""Age""]"
executive-assistant-latam-ap00039,Executive Assistant - LATAM - (AP00039),salary,text,salary,False,,,#salary31501
executive-assistant-latam-ap00039,Executive Assistant - LATAM - (AP00039),gender,select,Gender,False,Gender,,"[name=""gender""]"
executive-assistant-latam-ap00039,Executive Assistant - LATAM - (AP00039),industry,select,Industry,False,Industry,,"[name=""industry""]"
executive-assistant-latam-ap00039,Executive Assistant - LATAM - (AP00039),cand_woutreg_cv_file,file,cand_woutreg_cv_file,False,,,#cand_cv_filefield
executive-assistant-latam-ap00039,Executive Assistant - LATAM - (AP00039),cand_cover_letter,textarea,Cover Letter,False,Cover Letter,,"[name=""cand_cover_letter""]"
executive-assistant-latam-ap00039,Executive Assistant - LATAM - (AP00039),candidate_apply_cover,file,candidate_apply_cover,False,,,"[name=""candidate_apply_cover""]"
executive-assistant-latam-ap00039,Executive Assistant - LATAM - (AP00039),job_id,hidden,job_id,False,,,"[name=""job_id""]"
executive-assistant-latam-ap00039,Executive Assistant - LATAM - (AP00039),terms_cond_check,checkbox,terms_cond_check,False,,,"[name=""terms_cond_check""]"
appointment-setter-ap00042,Appointment Setter - (AP00042),pt_user_fname,text,First Name,False,First Name,,"[name=""pt_user_fname""]"
appointment-setter-ap00042,Appointment Setter - (AP00042),pt_user_lname,text,Last Name,False,Last Name,,"[name=""pt_user_lname""]"
appointment-setter-ap00042,Appointment Setter - (AP00042),user_email,text,Email Address,False,Email Address,,"[name=""user_email""]"
appointment-setter-ap00042,Appointment Setter - (AP00042),user_phone,tel,Phone Number,False,Phone Number,,#pt_user_phone_370334250
appointment-setter-ap00042,Appointment Setter - (AP00042),user_job_title,text,Current Job Title,False,Current Job Title,,"[name=""user_job_title""]"
appointment-setter-ap00042,Appointment Setter - (AP00042),user_salary,text,Current Salary,False,Current Salary,,"[name=""user_salary""]"
appointment-setter-ap00042,Appointment Setter - (AP00042),academic-level,select,Academic Level,False,Academic Level,,"[name=""academic-level""]"
appointment-setter-ap00042,Appointment Setter - (AP00042),Age,select,Age,False,Age,,"[name=""Age""]"
appointment-setter-ap00042,Appointment Setter - (AP00042),salary,text,salary,False,,,#salary94545
appointment-setter-ap00042,Appointment Setter - (AP00042),gender,select,Gender,False,Gender,,"[name=""gender""]"
appointment-setter-ap00042,Appointment Setter - (AP00042),industry,select,Industry,False,Industry,,"[name=""industry""]"
appointment-setter-ap00042,Appointment Setter - (AP00042),cand_woutreg_cv_file,file,cand_woutreg_cv_file,False,,,#cand_cv_filefield
appointment-setter-ap00042,Appointment Setter - (AP00042),cand_cover_letter,textarea,Cover Letter,False,Cover Letter,,"[name=""cand_cover_letter""]"
appointment-setter-ap00042,Appointment Setter - (AP00042),candidate_apply_cover,file,candidate_apply_cover,False,,,"[name=""candidate_apply_cover""]"
appointment-setter-ap00042,Appointment Setter - (AP00042),job_id,hidden,job_id,False,,,"[name=""job_id""]"
appointment-setter-ap00042,Appointment Setter - (AP00042),terms_cond_check,checkbox,terms_cond_check,False,,,"[name=""terms_cond_check""]"
business-development-representative-ap00041,Business Development Representative - (AP00041),pt_user_fname,text,First Name,False,First Name,,"[name=""pt_user_fname""]"
business-development-representative-ap00041,Business Development Representative - (AP00041),pt_user_lname,text,Last Name,False,Last Name,,"[name=""pt_user_lname""]"
business-development-representative-ap00041,Business Development Representative - (AP00041),user_email,text,Email Address,False,Email Address,,"[name=""user_email""]"
business-development-representative-ap00041,Business Development Representative - (AP00041),user_phone,tel,Phone Number,False,Phone Number,,#pt_user_phone_418172958
business-development-representative-ap00041,Business Development Representative - (AP00041),user_job_title,text,Current Job Title,False,Current Job Title,,"[name=""user_job_title""]"
business-development-representative-ap00041,Business Development Representative - (AP00041),user_salary,text,Current Salary,False,Current Salary,,"[name=""user_salary""]"
business-development-representative-ap00041,Business Development Representative - (AP00041),academic-level,select,Academic Level,False,Academic Level,,"[name=""academic-level""]"
business-development-representative-ap00041,Business Development Representative - (AP00041),Age,select,Age,False,Age,,"[name=""Age""]"
business-development-representative-ap00041,Business Development Representative - (AP00041),salary,text,salary,False,,,#salary45048
business-development-representative-ap00041,Business Development Representative - (AP00041),gender,select,Gender,False,Gender,,"[name=""gender""]"
business-development-representative-ap00041,Business Development Representative - (AP00041),industry,select,Industry,False,Industry,,"[name=""industry""]"
business-development-representative-ap00041,Business Development Representative - (AP00041),cand_woutreg_cv_file,file,cand_woutreg_cv_file,False,,,#cand_cv_filefield
business-development-representative-ap00041,Business Development Representative - (AP00041),cand_cover_letter,textarea,Cover Letter,False,Cover Letter,,"[name=""cand_cover_letter""]"
business-development-representative-ap00041,Business Development Representative - (AP00041),candidate_apply_cover,file,candidate_apply_cover,False,,,"[name=""candidate_apply_cover""]"
business-development-representative-ap00041,Business Development Representative - (AP00041),job_id,hidden,job_id,False,,,"[name=""job_id""]"
business-development-representative-ap00041,Business Development Representative - (AP00041),terms_cond_check,checkbox,terms_cond_check,False,,,"[name=""terms_cond_check""]"
us-tax-associate-ap00034,US Tax Associate - (AP00034),pt_user_fname,text,First Name,False,First Name,,"[name=""pt_user_fname""]"
us-tax-associate-ap00034,US Tax Associate - (AP00034),pt_user_lname,text,Last Name,False,Last Name,,"[name=""pt_user_lname""]"
us-tax-associate-ap00034,US Tax Associate - (AP00034),user_email,text,Email Address,False,Email Address,,"[name=""user_email""]"
us-tax-associate-ap00034,US Tax Associate - (AP00034),user_phone,tel,Phone Number,False,Phone Number,,#pt_user_phone_335036304
us-tax-associate-ap00034,US Tax Associate - (AP00034),user_job_title,text,Current Job Title,False,Current Job Title,,"[name=""user_job_title""]"
us-tax-associate-ap00034,US Tax Associate - (AP00034),user_salary,text,Current Salary,False,Current Salary,,"[name=""user_salary""]"
us-tax-associate-ap00034,US Tax Associate - (AP00034),academic-level,select,Academic Level,False,Academic Level,,"[name=""academic-level""]"
us-tax-associate-ap00034,US Tax Associate - (AP00034),Age,select,Age,False,Age,,"[name=""Age""]"
us-tax-associate-ap00034,US Tax Associate - (AP00034),salary,text,salary,False,,,#salary10106
us-tax-associate-ap00034,US Tax Associate - (AP00034),gender,select,Gender,False,Gender,,"[name=""gender""]"
us-tax-associate-ap00034,US Tax Associate - (AP00034),industry,select,Industry,False,Industry,,"[name=""industry""]"
us-tax-associate-ap00034,US Tax Associate - (AP00034),cand_woutreg_cv_file,file,cand_woutreg_cv_file,False,,,#cand_cv_filefield
us-tax-associate-ap00034,US Tax Associate - (AP00034),cand_cover_letter,textarea,Cover Letter,False,Cover Letter,,"[name=""cand_cover_letter""]"
us-tax-associate-ap00034,US Tax Associate - (AP00034),candidate_apply_cover,file,candidate_apply_cover,False,,,"[name=""candidate_apply_cover""]"
us-tax-associate-ap00034,US Tax Associate - (AP00034),job_id,hidden,job_id,False,,,"[name=""job_id""]"
us-tax-associate-ap00034,US Tax Associate - (AP00034),terms_cond_check,checkbox,terms_cond_check,False,,,"[name=""terms_cond_check""]"
property-management-accountant-ap00032,Property Management Accountant - (AP00032),pt_user_fname,text,First Name,False,First Name,,"[name=""pt_user_fname""]"
property-management-accountant-ap00032,Property Management Accountant - (AP00032),pt_user_lname,text,Last Name,False,Last Name,,"[name=""pt_user_lname""]"
property-management-accountant-ap00032,Property Management Accountant - (AP00032),user_email,text,Email Address,False,Email Address,,"[name=""user_email""]"
property-management-accountant-ap00032,Property Management Accountant - (AP00032),user_phone,tel,Phone Number,False,Phone Number,,#pt_user_phone_314301288
property-management-accountant-ap00032,Property Management Accountant - (AP00032),user_job_title,text,Current Job Title,False,Current Job Title,,"[name=""user_job_title""]"
property-management-accountant-ap00032,Property Management Accountant - (AP00032),user_salary,text,Current Salary,False,Current Salary,,"[name=""user_salary""]"
property-management-accountant-ap00032,Property Management Accountant - (AP00032),academic-level,select,Academic Level,False,Academic Level,,"[name=""academic-level""]"
property-management-accountant-ap00032,Property Management Accountant - (AP00032),Age,select,Age,False,Age,,"[name=""Age""]"
property-management-accountant-ap00032,Property Management Accountant - (AP00032),salary,text,salary,False,,,#salary27270
property-management-accountant-ap00032,Property Management Accountant - (AP00032),gender,select,Gender,False,Gender,,"[name=""gender""]"
property-management-accountant-ap00032,Property Management Accountant - (AP00032),industry,select,Industry,False,Industry,,"[name=""industry""]"
property-management-accountant-ap00032,Property Management Accountant - (AP00032),cand_woutreg_cv_file,file,cand_woutreg_cv_file,False,,,#cand_cv_filefield
property-management-accountant-ap00032,Property Management Accountant - (AP00032),cand_cover_letter,textarea,Cover Letter,False,Cover Letter,,"[name=""cand_cover_letter""]"
property-management-accountant-ap00032,Property Management Accountant - (AP00032),candidate_apply_cover,file,candidate_apply_cover,False,,,"[name=""candidate_apply_cover""]"
property-management-accountant-ap00032,Property Management Accountant - (AP00032),job_id,hidden,job_id,False,,,"[name=""job_id""]"
property-management-accountant-ap00032,Property Management Accountant - (AP00032),terms_cond_check,checkbox,terms_cond_check,False,,,"[name=""terms_cond_check""]"
property-management-coordinator-ap00031,Property Management Coordinator - (AP00031),pt_user_fname,text,First Name,False,First Name,,"[name=""pt_user_fname""]"
property-management-coordinator-ap00031,Property Management Coordinator - (AP00031),pt_user_lname,text,Last Name,False,Last Name,,"[name=""pt_user_lname""]"
property-management-coordinator-ap00031,Property Management Coordinator - (AP00031),user_email,text,Email Address,False,Email Address,,"[name=""user_email""]"
property-management-coordinator-ap00031,Property Management Coordinator - (AP00031),user_phone,tel,Phone Number,False,Phone Number,,#pt_user_phone_551958135
property-management-coordinator-ap00031,Property Management Coordinator - (AP00031),user_job_title,text,Current Job Title,False,Current Job Title,,"[name=""user_job_title""]"
property-management-coordinator-ap00031,Property Management Coordinator - (AP00031),user_salary,text,Current Salary,False,Current Salary,,"[name=""user_salary""]"
property-management-coordinator-ap00031,Property Management Coordinator - (AP00031),academic-level,select,Academic Level,False,Academic Level,,"[name=""academic-level""]"
property-management-coordinator-ap00031,Property Management Coordinator - (AP00031),Age,select,Age,False,Age,,"[name=""Age""]"
property-management-coordinator-ap00031,Property Management Coordinator - (AP00031),salary,text,salary,False,,,#salary110812
property-management-coordinator-ap00031,Property Management Coordinator - (AP00031),gender,select,Gender,False,Gender,,"[name=""gender""]"
property-management-coordinator-ap00031,Property Management Coordinator - (AP00031),industry,select,Industry,False,Industry,,"[name=""industry""]"
property-management-coordinator-ap00031,Property Management Coordinator - (AP00031),cand_woutreg_cv_file,file,cand_woutreg_cv_file,False,,,#cand_cv_filefield
property-management-coordinator-ap00031,Property Management Coordinator - (AP00031),cand_cover_letter,textarea,Cover Letter,False,Cover Letter,,"[name=""cand_cover_letter""]"
property-management-coordinator-ap00031,Property Management Coordinator - (AP00031),candidate_apply_cover,file,candidate_apply_cover,False,,,"[name=""candidate_apply_cover""]"
property-management-coordinator-ap00031,Property Management Coordinator - (AP00031),job_id,hidden,job_id,False,,,"[name=""job_id""]"
property-management-coordinator-ap00031,Property Management Coordinator - (AP00031),terms_cond_check,checkbox,terms_cond_check,False,,,"[name=""terms_cond_check""]"
us-payroll-specialist-ap00035,US Payroll Specialist - (AP00035),pt_user_fname,text,First Name,False,First Name,,"[name=""pt_user_fname""]"
us-payroll-specialist-ap00035,US Payroll Specialist - (AP00035),pt_user_lname,text,Last Name,False,Last Name,,"[name=""pt_user_lname""]"
us-payroll-specialist-ap00035,US Payroll Specialist - (AP00035),user_email,text,Email Address,False,Email Address,,"[name=""user_email""]"
us-payroll-specialist-ap00035,US Payroll Specialist - (AP00035),user_phone,tel,Phone Number,False,Phone Number,,#pt_user_phone_318747111
us-payroll-specialist-ap00035,US Payroll Specialist - (AP00035),user_job_title,text,Current Job Title,False,Current Job Title,,"[name=""user_job_title""]"
us-payroll-specialist-ap00035,US Payroll Specialist - (AP00035),user_salary,text,Current Salary,False,Current Salary,,"[name=""user_salary""]"
us-payroll-specialist-ap00035,US Payroll Specialist - (AP00035),academic-level,select,Academic Level,False,Academic Level,,"[name=""academic-level""]"
us-payroll-specialist-ap00035,US Payroll Specialist - (AP00035),Age,select,Age,False,Age,,"[name=""Age""]"
us-payroll-specialist-ap00035,US Payroll Specialist - (AP00035),salary,text,salary,False,,,#salary820
us-payroll-specialist-ap00035,US Payroll Specialist - (AP00035),gender,select,Gender,False,Gender,,"[name=""gender""]"
us-payroll-specialist-ap00035,US Payroll Specialist - (AP00035),industry,select,Industry,False,Industry,,"[name=""industry""]"
us-payroll-specialist-ap00035,US Payroll Specialist - (AP00035),cand_woutreg_cv_file,file,cand_woutreg_cv_file,False,,,#cand_cv_filefield
us-payroll-specialist-ap00035,US Payroll Specialist - (AP00035),cand_cover_letter,textarea,Cover Letter,False,Cover Letter,,"[name=""cand_cover_letter""]"
us-payroll-specialist-ap00035,US Payroll Specialist - (AP00035),candidate_apply_cover,file,candidate_apply_cover,False,,,"[name=""candidate_apply_cover""]"
us-payroll-specialist-ap00035,US Payroll Specialist - (AP00035),job_id,hidden,job_id,False,,,"[name=""job_id""]"
us-payroll-specialist-ap00035,US Payroll Specialist - (AP00035),terms_cond_check,checkbox,terms_cond_check,False,,,"[name=""terms_cond_check""]"
real-estate-valuation-analyst-underwriter-ap00033,Real Estate Valuation Analyst / Underwriter - (AP00033),pt_user_fname,text,First Name,False,First Name,,"[name=""pt_user_fname""]"
real-estate-valuation-analyst-underwriter-ap00033,Real Estate Valuation Analyst / Underwriter - (AP00033),pt_user_lname,text,Last Name,False,Last Name,,"[name=""pt_user_lname""]"
real-estate-valuation-analyst-underwriter-ap00033,Real Estate Valuation Analyst / Underwriter - (AP00033),user_email,text,Email Address,False,Email Address,,"[name=""user_email""]"
real-estate-valuation-analyst-underwriter-ap00033,Real Estate Valuation Analyst / Underwriter - (AP00033),user_phone,tel,Phone Number,False,Phone Number,,#pt_user_phone_828061324
real-estate-valuation-analyst-underwriter-ap00033,Real Estate Valuation Analyst / Underwriter - (AP00033),user_job_title,text,Current Job Title,False,Current Job Title,,"[name=""user_job_title""]"
real-estate-valuation-analyst-underwriter-ap00033,Real Estate Valuation Analyst / Underwriter - (AP00033),user_salary,text,Current Salary,False,Current Salary,,"[name=""user_salary""]"
real-estate-valuation-analyst-underwriter-ap00033,Real Estate Valuation Analyst / Underwriter - (AP00033),academic-level,select,Academic Level,False,Academic Level,,"[name=""academic-level""]"
real-estate-valuation-analyst-underwriter-ap00033,Real Estate Valuation Analyst / Underwriter - (AP00033),Age,select,Age,False,Age,,"[name=""Age""]"
real-estate-valuation-analyst-underwriter-ap00033,Real Estate Valuation Analyst / Underwriter - (AP00033),salary,text,salary,False,,,#salary20480
real-estate-valuation-analyst-underwriter-ap00033,Real Estate Valuation Analyst / Underwriter - (AP00033),gender,select,Gender,False,Gender,,"[name=""gender""]"
real-estate-valuation-analyst-underwriter-ap00033,Real Estate Valuation Analyst / Underwriter - (AP00033),industry,select,Industry,False,Industry,,"[name=""industry""]"
real-estate-valuation-analyst-underwriter-ap00033,Real Estate Valuation Analyst / Underwriter - (AP00033),cand_woutreg_cv_file,file,cand_woutreg_cv_file,False,,,#cand_cv_filefield
real-estate-valuation-analyst-underwriter-ap00033,Real Estate Valuation Analyst / Underwriter - (AP00033),cand_cover_letter,textarea,Cover Letter,False,Cover Letter,,"[name=""cand_cover_letter""]"
real-estate-valuation-analyst-underwriter-ap00033,Real Estate Valuation Analyst / Underwriter - (AP00033),candidate_apply_cover,file,candidate_apply_cover,False,,,"[name=""candidate_apply_cover""]"
real-estate-valuation-analyst-underwriter-ap00033,Real Estate Valuation Analyst / Underwriter - (AP00033),job_id,hidden,job_id,False,,,"[name=""job_id""]"
real-estate-valuation-analyst-underwriter-ap00033,Real Estate Valuation Analyst / Underwriter - (AP00033),terms_cond_check,checkbox,terms_cond_check,False,,,"[name=""terms_cond_check""]"
construction-accountant-ap00030,Construction Accountant - (AP00030),pt_user_fname,text,First Name,False,First Name,,"[name=""pt_user_fname""]"
construction-accountant-ap00030,Construction Accountant - (AP00030),pt_user_lname,text,Last Name,False,Last Name,,"[name=""pt_user_lname""]"
construction-accountant-ap00030,Construction Accountant - (AP00030),user_email,text,Email Address,False,Email Address,,"[name=""user_email""]"
construction-accountant-ap00030,Construction Accountant - (AP00030),user_phone,tel,Phone Number,False,Phone Number,,#pt_user_phone_903937614
construction-accountant-ap00030,Construction Accountant - (AP00030),user_job_title,text,Current Job Title,False,Current Job Title,,"[name=""user_job_title""]"
construction-accountant-ap00030,Construction Accountant - (AP00030),user_salary,text,Current Salary,False,Current Salary,,"[name=""user_salary""]"
construction-accountant-ap00030,Construction Accountant - (AP00030),academic-level,select,Academic Level,False,Academic Level,,"[name=""academic-level""]"
construction-accountant-ap00030,Construction Accountant - (AP00030),Age,select,Age,False,Age,,"[name=""Age""]"
construction-accountant-ap00030,Construction Accountant - (AP00030),salary,text,salary,False,,,#salary59859
construction-accountant-ap00030,Construction Accountant - (AP00030),gender,select,Gender,False,Gender,,"[name=""gender""]"
construction-accountant-ap00030,Construction Accountant - (AP00030),industry,select,Industry,False,Industry,,"[name=""industry""]"
construction-accountant-ap00030,Construction Accountant - (AP00030),cand_woutreg_cv_file,file,cand_woutreg_cv_file,False,,,#cand_cv_filefield
construction-accountant-ap00030,Construction Accountant - (AP00030),cand_cover_letter,textarea,Cover Letter,False,Cover Letter,,"[name=""cand_cover_letter""]"
construction-accountant-ap00030,Construction Accountant - (AP00030),candidate_apply_cover,file,candidate_apply_cover,False,,,"[name=""candidate_apply_cover""]"
construction-accountant-ap00030,Construction Accountant - (AP00030),job_id,hidden,job_id,False,,,"[name=""job_id""]"
construction-accountant-ap00030,Construction Accountant - (AP00030),terms_cond_check,checkbox,terms_cond_check,False,,,"[name=""terms_cond_check""]"
electrical-estimator-ap00029,Electrical Estimator - (AP00029),pt_user_fname,text,First Name,False,First Name,,"[name=""pt_user_fname""]"
electrical-estimator-ap00029,Electrical Estimator - (AP00029),pt_user_lname,text,Last Name,False,Last Name,,"[name=""pt_user_lname""]"
electrical-estimator-ap00029,Electrical Estimator - (AP00029),user_email,text,Email Address,False,Email Address,,"[name=""user_email""]"
electrical-estimator-ap00029,Electrical Estimator - (AP00029),user_phone,tel,Phone Number,False,Phone Number,,#pt_user_phone_421188466
electrical-estimator-ap00029,Electrical Estimator - (AP00029),user_job_title,text,Current Job Title,False,Current Job Title,,"[name=""user_job_title""]"
electrical-estimator-ap00029,Electrical Estimator - (AP00029),user_salary,text,Current Salary,False,Current Salary,,"[name=""user_salary""]"
electrical-estimator-ap00029,Electrical Estimator - (AP00029),academic-level,select,Academic Level,False,Academic Level,,"[name=""academic-level""]"
electrical-estimator-ap00029,Electrical Estimator - (AP00029),Age,select,Age,False,Age,,"[name=""Age""]"
electrical-estimator-ap00029,Electrical Estimator - (AP00029),salary,text,salary,False,,,#salary16768
electrical-estimator-ap00029,Electrical Estimator - (AP00029),gender,select,Gender,False,Gender,,"[name=""gender""]"
electrical-estimator-ap00029,Electrical Estimator - (AP00029),industry,select,Industry,False,Industry,,"[name=""industry""]"
electrical-estimator-ap00029,Electrical Estimator - (AP00029),cand_woutreg_cv_file,file,cand_woutreg_cv_file,False,,,#cand_cv_filefield
electrical-estimator-ap00029,Electrical Estimator - (AP00029),cand_cover_letter,textarea,Cover Letter,False,Cover Letter,,"[name=""cand_cover_letter""]"
electrical-estimator-ap00029,Electrical Estimator - (AP00029),candidate_apply_cover,file,candidate_apply_cover,False,,,"[name=""candidate_apply_cover""]"
electrical-estimator-ap00029,Electrical Estimator - (AP00029),job_id,hidden,job_id,False,,,"[name=""job_id""]"
electrical-estimator-ap00029,Electrical Estimator - (AP00029),terms_cond_check,checkbox,terms_cond_check,False,,,"[name=""terms_cond_check""]"
ma-analyst-ap00028,M&A Analyst - (AP00028),pt_user_fname,text,First Name,False,First Name,,"[name=""pt_user_fname""]"
ma-analyst-ap00028,M&A Analyst - (AP00028),pt_user_lname,text,Last Name,False,Last Name,,"[name=""pt_user_lname""]"
ma-analyst-ap00028,M&A Analyst - (AP00028),user_email,text,Email Address,False,Email Address,,"[name=""user_email""]"
ma-analyst-ap00028,M&A Analyst - (AP00028),user_phone,tel,Phone Number,False,Phone Number,,#pt_user_phone_862110800
ma-analyst-ap00028,M&A Analyst - (AP00028),user_job_title,text,Current Job Title,False,Current Job Title,,"[name=""user_job_title""]"
ma-analyst-ap00028,M&A Analyst - (AP00028),user_salary,text,Current Salary,False,Current Salary,,"[name=""user_salary""]"
ma-analyst-ap00028,M&A Analyst - (AP00028),academic-level,select,Academic Level,False,Academic Level,,"[name=""academic-level""]"
ma-analyst-ap00028,M&A Analyst - (AP00028),Age,select,Age,False,Age,,"[name=""Age""]"
ma-analyst-ap00028,M&A Analyst - (AP00028),salary,text,salary,False,,,#salary51795
ma-analyst-ap00028,M&A Analyst - (AP00028),gender,select,Gender,False,Gender,,"[name=""gender""]"
ma-analyst-ap00028,M&A Analyst - (AP00028),industry,select,Industry,False,Industry,,"[name=""industry""]"
ma-analyst-ap00028,M&A Analyst - (AP00028),cand_woutreg_cv_file,file,cand_woutreg_cv_file,False,,,#cand_cv_filefield
ma-analyst-ap00028,M&A Analyst - (AP00028),cand_cover_letter,textarea,Cover Letter,False,Cover Letter,,"[name=""cand_cover_letter""]"
ma-analyst-ap00028,M&A Analyst - (AP00028),candidate_apply_cover,file,candidate_apply_cover,False,,,"[name=""candidate_apply_cover""]"
ma-analyst-ap00028,M&A Analyst - (AP00028),job_id,hidden,job_id,False,,,"[name=""job_id""]"
ma-analyst-ap00028,M&A Analyst - (AP00028),terms_cond_check,checkbox,terms_cond_check,False,,,"[name=""terms_cond_check""]"
performance-marketing-manager-ap00027,Performance Marketing Manager - (AP00027),pt_user_fname,text,First Name,False,First Name,,"[name=""pt_user_fname""]"
performance-marketing-manager-ap00027,Performance Marketing Manager - (AP00027),pt_user_lname,text,Last Name,False,Last Name,,"[name=""pt_user_lname""]"
performance-marketing-manager-ap00027,Performance Marketing Manager - (AP00027),user_email,text,Email Address,False,Email Address,,"[name=""user_email""]"
performance-marketing-manager-ap00027,Performance Marketing Manager - (AP00027),user_phone,tel,Phone Number,False,Phone Number,,#pt_user_phone_479077507
performance-marketing-manager-ap00027,Performance Marketing Manager - (AP00027),user_job_title,text,Current Job Title,False,Current Job Title,,"[name=""user_job_title""]"
performance-marketing-manager-ap00027,Performance Marketing Manager - (AP00027),user_salary,text,Current Salary,False,Current Salary,,"[name=""user_salary""]"
performance-marketing-manager-ap00027,Performance Marketing Manager - (AP00027),academic-level,select,Academic Level,False,Academic Level,,"[name=""academic-level""]"
performance-marketing-manager-ap00027,Performance Marketing Manager - (AP00027),Age,select,Age,False,Age,,"[name=""Age""]"
performance-marketing-manager-ap00027,Performance Marketing Manager - (AP00027),salary,text,salary,False,,,#salary24224
performance-marketing-manager-ap00027,Performance Marketing Manager - (AP00027),gender,select,Gender,False,Gender,,"[name=""gender""]"
performance-marketing-manager-ap00027,Performance Marketing Manager - (AP00027),industry,select,Industry,False,Industry,,"[name=""industry""]"
performance-marketing-manager-ap00027,Performance Marketing Manager - (AP00027),cand_woutreg_cv_file,file,cand_woutreg_cv_file,False,,,#cand_cv_filefield
performance-marketing-manager-ap00027,Performance Marketing Manager - (AP00027),cand_cover_letter,textarea,Cover Letter,False,Cover Letter,,"[name=""cand_cover_letter""]"
performance-marketing-manager-ap00027,Performance Marketing Manager - (AP00027),candidate_apply_cover,file,candidate_apply_cover,False,,,"[name=""candidate_apply_cover""]"
performance-marketing-manager-ap00027,Performance Marketing Manager - (AP00027),job_id,hidden,job_id,False,,,"[name=""job_id""]"
performance-marketing-manager-ap00027,Performance Marketing Manager - (AP00027),terms_cond_check,checkbox,terms_cond_check,False,,,"[name=""terms_cond_check""]"
paid-media-buyer-paid-ads-specialist-ap00026,Paid Media Buyer / Paid Ads Specialist - (AP00026),pt_user_fname,text,First Name,False,First Name,,"[name=""pt_user_fname""]"
paid-media-buyer-paid-ads-specialist-ap00026,Paid Media Buyer / Paid Ads Specialist - (AP00026),pt_user_lname,text,Last Name,False,Last Name,,"[name=""pt_user_lname""]"
paid-media-buyer-paid-ads-specialist-ap00026,Paid Media Buyer / Paid Ads Specialist - (AP00026),user_email,text,Email Address,False,Email Address,,"[name=""user_email""]"
paid-media-buyer-paid-ads-specialist-ap00026,Paid Media Buyer / Paid Ads Specialist - (AP00026),user_phone,tel,Phone Number,False,Phone Number,,#pt_user_phone_321656219
paid-media-buyer-paid-ads-specialist-ap00026,Paid Media Buyer / Paid Ads Specialist - (AP00026),user_job_title,text,Current Job Title,False,Current Job Title,,"[name=""user_job_title""]"
paid-media-buyer-paid-ads-specialist-ap00026,Paid Media Buyer / Paid Ads Specialist - (AP00026),user_salary,text,Current Salary,False,Current Salary,,"[name=""user_salary""]"
paid-media-buyer-paid-ads-specialist-ap00026,Paid Media Buyer / Paid Ads Specialist - (AP00026),academic-level,select,Academic Level,False,Academic Level,,"[name=""academic-level""]"
paid-media-buyer-paid-ads-specialist-ap00026,Paid Media Buyer / Paid Ads Specialist - (AP00026),Age,select,Age,False,Age,,"[name=""Age""]"
paid-media-buyer-paid-ads-specialist-ap00026,Paid Media Buyer / Paid Ads Specialist - (AP00026),salary,text,salary,False,,,#salary77649
paid-media-buyer-paid-ads-specialist-ap00026,Paid Media Buyer / Paid Ads Specialist - (AP00026),gender,select,Gender,False,Gender,,"[name=""gender""]"
paid-media-buyer-paid-ads-specialist-ap00026,Paid Media Buyer / Paid Ads Specialist - (AP00026),industry,select,Industry,False,Industry,,"[name=""industry""]"
paid-media-buyer-paid-ads-specialist-ap00026,Paid Media Buyer / Paid Ads Specialist - (AP00026),cand_woutreg_cv_file,file,cand_woutreg_cv_file,False,,,#cand_cv_filefield
paid-media-buyer-paid-ads-specialist-ap00026,Paid Media Buyer / Paid Ads Specialist - (AP00026),cand_cover_letter,textarea,Cover Letter,False,Cover Letter,,"[name=""cand_cover_letter""]"
paid-media-buyer-paid-ads-specialist-ap00026,Paid Media Buyer / Paid Ads Specialist - (AP00026),candidate_apply_cover,file,candidate_apply_cover,False,,,"[name=""candidate_apply_cover""]"
paid-media-buyer-paid-ads-specialist-ap00026,Paid Media Buyer / Paid Ads Specialist - (AP00026),job_id,hidden,job_id,False,,,"[name=""job_id""]"
paid-media-buyer-paid-ads-specialist-ap00026,Paid Media Buyer / Paid Ads Specialist - (AP00026),terms_cond_check,checkbox,terms_cond_check,False,,,"[name=""terms_cond_check""]"
financial-analyst-loan-support-specialist-hr75086,Financial Analyst / Loan Processor / Underwriter - (HR75086),pt_user_fname,text,First Name,False,First Name,,"[name=""pt_user_fname""]"
financial-analyst-loan-support-specialist-hr75086,Financial Analyst / Loan Processor / Underwriter - (HR75086),pt_user_lname,text,Last Name,False,Last Name,,"[name=""pt_user_lname""]"
financial-analyst-loan-support-specialist-hr75086,Financial Analyst / Loan Processor / Underwriter - (HR75086),user_email,text,Email Address,False,Email Address,,"[name=""user_email""]"
financial-analyst-loan-support-specialist-hr75086,Financial Analyst / Loan Processor / Underwriter - (HR75086),user_phone,tel,Phone Number,False,Phone Number,,#pt_user_phone_993293088
financial-analyst-loan-support-specialist-hr75086,Financial Analyst / Loan Processor / Underwriter - (HR75086),user_job_title,text,Current Job Title,False,Current Job Title,,"[name=""user_job_title""]"
financial-analyst-loan-support-specialist-hr75086,Financial Analyst / Loan Processor / Underwriter - (HR75086),user_salary,text,Current Salary,False,Current Salary,,"[name=""user_salary""]"
financial-analyst-loan-support-specialist-hr75086,Financial Analyst / Loan Processor / Underwriter - (HR75086),academic-level,select,Academic Level,False,Academic Level,,"[name=""academic-level""]"
financial-analyst-loan-support-specialist-hr75086,Financial Analyst / Loan Processor / Underwriter - (HR75086),Age,select,Age,False,Age,,"[name=""Age""]"
financial-analyst-loan-support-specialist-hr75086,Financial Analyst / Loan Processor / Underwriter - (HR75086),salary,text,salary,False,,,#salary83191
financial-analyst-loan-support-specialist-hr75086,Financial Analyst / Loan Processor / Underwriter - (HR75086),gender,select,Gender,False,Gender,,"[name=""gender""]"
financial-analyst-loan-support-specialist-hr75086,Financial Analyst / Loan Processor / Underwriter - (HR75086),industry,select,Industry,False,Industry,,"[name=""industry""]"
financial-analyst-loan-support-specialist-hr75086,Financial Analyst / Loan Processor / Underwriter - (HR75086),cand_woutreg_cv_file,file,cand_woutreg_cv_file,False,,,#cand_cv_filefield
financial-analyst-loan-support-specialist-hr75086,Financial Analyst / Loan Processor / Underwriter - (HR75086),cand_cover_letter,textarea,Cover Letter,False,Cover Letter,,"[name=""cand_cover_letter""]"
financial-analyst-loan-support-specialist-hr75086,Financial Analyst / Loan Processor / Underwriter - (HR75086),candidate_apply_cover,file,candidate_apply_cover,False,,,"[name=""candidate_apply_cover""]"
financial-analyst-loan-support-specialist-hr75086,Financial Analyst / Loan Processor / Underwriter - (HR75086),job_id,hidden,job_id,False,,,"[name=""job_id""]"
financial-analyst-loan-support-specialist-hr75086,Financial Analyst / Loan Processor / Underwriter - (HR75086),terms_cond_check,checkbox,terms_cond_check,False,,,"[name=""terms_cond_check""]"
bookkeeper-hr86622,Bookkeeper - (HR86622),pt_user_fname,text,First Name,False,First Name,,"[name=""pt_user_fname""]"
bookkeeper-hr86622,Bookkeeper - (HR86622),pt_user_lname,text,Last Name,False,Last Name,,"[name=""pt_user_lname""]"
bookkeeper-hr86622,Bookkeeper - (HR86622),user_email,text,Email Address,False,Email Address,,"[name=""user_email""]"
bookkeeper-hr86622,Bookkeeper - (HR86622),user_phone,tel,Phone Number,False,Phone Number,,#pt_user_phone_407805932
bookkeeper-hr86622,Bookkeeper - (HR86622),user_job_title,text,Current Job Title,False,Current Job Title,,"[name=""user_job_title""]"
bookkeeper-hr86622,Bookkeeper - (HR86622),user_salary,text,Current Salary,False,Current Salary,,"[name=""user_salary""]"
bookkeeper-hr86622,Bookkeeper - (HR86622),academic-level,select,Academic Level,False,Academic Level,,"[name=""academic-level""]"
bookkeeper-hr86622,Bookkeeper - (HR86622),Age,select,Age,False,Age,,"[name=""Age""]"
bookkeeper-hr86622,Bookkeeper - (HR86622),salary,text,salary,False,,,#salary12642
bookkeeper-hr86622,Bookkeeper - (HR86622),gender,select,Gender,False,Gender,,"[name=""gender""]"
bookkeeper-hr86622,Bookkeeper - (HR86622),industry,select,Industry,False,Industry,,"[name=""industry""]"
bookkeeper-hr86622,Bookkeeper - (HR86622),cand_woutreg_cv_file,file,cand_woutreg_cv_file,False,,,#cand_cv_filefield
bookkeeper-hr86622,Bookkeeper - (HR86622),cand_cover_letter,textarea,Cover Letter,False,Cover Letter,,"[name=""cand_cover_letter""]"
bookkeeper-hr86622,Bookkeeper - (HR86622),candidate_apply_cover,file,candidate_apply_cover,False,,,"[name=""candidate_apply_cover""]"
bookkeeper-hr86622,Bookkeeper - (HR86622),job_id,hidden,job_id,False,,,"[name=""job_id""]"
bookkeeper-hr86622,Bookkeeper - (HR86622),terms_cond_check,checkbox,terms_cond_check,False,,,"[name=""terms_cond_check""]"
customer-service-representative-hr78703,Customer Service Representative - (HR78703),pt_user_fname,text,First Name,False,First Name,,"[name=""pt_user_fname""]"
customer-service-representative-hr78703,Customer Service Representative - (HR78703),pt_user_lname,text,Last Name,False,Last Name,,"[name=""pt_user_lname""]"
customer-service-representative-hr78703,Customer Service Representative - (HR78703),user_email,text,Email Address,False,Email Address,,"[name=""user_email""]"
customer-service-representative-hr78703,Customer Service Representative - (HR78703),user_phone,tel,Phone Number,False,Phone Number,,#pt_user_phone_536954262
customer-service-representative-hr78703,Customer Service Representative - (HR78703),user_job_title,text,Current Job Title,False,Current Job Title,,"[name=""user_job_title""]"
customer-service-representative-hr78703,Customer Service Representative - (HR78703),user_salary,text,Current Salary,False,Current Salary,,"[name=""user_salary""]"
customer-service-representative-hr78703,Customer Service Representative - (HR78703),academic-level,select,Academic Level,False,Academic Level,,"[name=""academic-level""]"
customer-service-representative-hr78703,Customer Service Representative - (HR78703),Age,select,Age,False,Age,,"[name=""Age""]"
customer-service-representative-hr78703,Customer Service Representative - (HR78703),salary,text,salary,False,,,#salary118105
customer-service-representative-hr78703,Customer Service Representative - (HR78703),gender,select,Gender,False,Gender,,"[name=""gender""]"
customer-service-representative-hr78703,Customer Service Representative - (HR78703),industry,select,Industry,False,Industry,,"[name=""industry""]"
customer-service-representative-hr78703,Customer Service Representative - (HR78703),cand_woutreg_cv_file,file,cand_woutreg_cv_file,False,,,#cand_cv_filefield
customer-service-representative-hr78703,Customer Service Representative - (HR78703),cand_cover_letter,textarea,Cover Letter,False,Cover Letter,,"[name=""cand_cover_letter""]"
customer-service-representative-hr78703,Customer Service Representative - (HR78703),candidate_apply_cover,file,candidate_apply_cover,False,,,"[name=""candidate_apply_cover""]"
customer-service-representative-hr78703,Customer Service Representative - (HR78703),job_id,hidden,job_id,False,,,"[name=""job_id""]"
customer-service-representative-hr78703,Customer Service Representative - (HR78703),terms_cond_check,checkbox,terms_cond_check,False,,,"[name=""terms_cond_check""]"
accountant-hr70784,Accountant - (HR70784),pt_user_fname,text,First Name,False,First Name,,"[name=""pt_user_fname""]"
accountant-hr70784,Accountant - (HR70784),pt_user_lname,text,Last Name,False,Last Name,,"[name=""pt_user_lname""]"
accountant-hr70784,Accountant - (HR70784),user_email,text,Email Address,False,Email Address,,"[name=""user_email""]"
accountant-hr70784,Accountant - (HR70784),user_phone,tel,Phone Number,False,Phone Number,,#pt_user_phone_545041028
accountant-hr70784,Accountant - (HR70784),user_job_title,text,Current Job Title,False,Current Job Title,,"[name=""user_job_title""]"
accountant-hr70784,Accountant - (HR70784),user_salary,text,Current Salary,False,Current Salary,,"[name=""user_salary""]"
accountant-hr70784,Accountant - (HR70784),academic-level,select,Academic Level,False,Academic Level,,"[name=""academic-level""]"
accountant-hr70784,Accountant - (HR70784),Age,select,Age,False,Age,,"[name=""Age""]"
accountant-hr70784,Accountant - (HR70784),salary,text,salary,False,,,#salary71920
accountant-hr70784,Accountant - (HR70784),gender,select,Gender,False,Gender,,"[name=""gender""]"
accountant-hr70784,Accountant - (HR70784),industry,select,Industry,False,Industry,,"[name=""industry""]"
accountant-hr70784,Accountant - (HR70784),cand_woutreg_cv_file,file,cand_woutreg_cv_file,False,,,#cand_cv_filefield
accountant-hr70784,Accountant - (HR70784),cand_cover_letter,textarea,Cover Letter,False,Cover Letter,,"[name=""cand_cover_letter""]"
accountant-hr70784,Accountant - (HR70784),candidate_apply_cover,file,candidate_apply_cover,False,,,"[name=""candidate_apply_cover""]"
accountant-hr70784,Accountant - (HR70784),job_id,hidden,job_id,False,,,"[name=""job_id""]"
accountant-hr70784,Accountant - (HR70784),terms_cond_check,checkbox,terms_cond_check,False,,,"[name=""terms_cond_check""]"
operations-coordinator-hr62865,Operations Coordinator - (HR62865),pt_user_fname,text,First Name,False,First Name,,"[name=""pt_user_fname""]"
operations-coordinator-hr62865,Operations Coordinator - (HR62865),pt_user_lname,text,Last Name,False,Last Name,,"[name=""pt_user_lname""]"
operations-coordinator-hr62865,Operations Coordinator - (HR62865),user_email,text,Email Address,False,Email Address,,"[name=""user_email""]"
operations-coordinator-hr62865,Operations Coordinator - (HR62865),user_phone,tel,Phone Number,False,Phone Number,,#pt_user_phone_707175780
operations-coordinator-hr62865,Operations Coordinator - (HR62865),user_job_title,text,Current Job Title,False,Current Job Title,,"[name=""user_job_title""]"
operations-coordinator-hr62865,Operations Coordinator - (HR62865),user_salary,text,Current Salary,False,Current Salary,,"[name=""user_salary""]"
operations-coordinator-hr62865,Operations Coordinator - (HR62865),academic-level,select,Academic Level,False,Academic Level,,"[name=""academic-level""]"
operations-coordinator-hr62865,Operations Coordinator - (HR62865),Age,select,Age,False,Age,,"[name=""Age""]"
operations-coordinator-hr62865,Operations Coordinator - (HR62865),salary,text,salary,False,,,#salary121417
operations-coordinator-hr62865,Operations Coordinator - (HR62865),gender,select,Gender,False,Gender,,"[name=""gender""]"
operations-coordinator-hr62865,Operations Coordinator - (HR62865),industry,select,Industry,False,Industry,,"[name=""industry""]"
operations-coordinator-hr62865,Operations Coordinator - (HR62865),cand_woutreg_cv_file,file,cand_woutreg_cv_file,False,,,#cand_cv_filefield
operations-coordinator-hr62865,Operations Coordinator - (HR62865),cand_cover_letter,textarea,Cover Letter,False,Cover Letter,,"[name=""cand_cover_letter""]"
operations-coordinator-hr62865,Operations Coordinator - (HR62865),candidate_apply_cover,file,candidate_apply_cover,False,,,"[name=""candidate_apply_cover""]"
operations-coordinator-hr62865,Operations Coordinator - (HR62865),job_id,hidden,job_id,False,,,"[name=""job_id""]"
operations-coordinator-hr62865,Operations Coordinator - (HR62865),terms_cond_check,checkbox,terms_cond_check,False,,,"[name=""terms_cond_check""]"
private-office-director-strategic-operations-executive-support-hr92529,Private Office Director (Strategic Operations & Executive Support) - (HR92529),pt_user_fname,text,First Name,False,First Name,,"[name=""pt_user_fname""]"
private-office-director-strategic-operations-executive-support-hr92529,Private Office Director (Strategic Operations & Executive Support) - (HR92529),pt_user_lname,text,Last Name,False,Last Name,,"[name=""pt_user_lname""]"
private-office-director-strategic-operations-executive-support-hr92529,Private Office Director (Strategic Operations & Executive Support) - (HR92529),user_email,text,Email Address,False,Email Address,,"[name=""user_email""]"
private-office-director-strategic-operations-executive-support-hr92529,Private Office Director (Strategic Operations & Executive Support) - (HR92529),user_phone,tel,Phone Number,False,Phone Number,,#pt_user_phone_961462335
private-office-director-strategic-operations-executive-support-hr92529,Private Office Director (Strategic Operations & Executive Support) - (HR92529),user_job_title,text,Current Job Title,False,Current Job Title,,"[name=""user_job_title""]"
private-office-director-strategic-operations-executive-support-hr92529,Private Office Director (Strategic Operations & Executive Support) - (HR92529),user_salary,text,Current Salary,False,Current Salary,,"[name=""user_salary""]"
private-office-director-strategic-operations-executive-support-hr92529,Private Office Director (Strategic Operations & Executive Support) - (HR92529),academic-level,select,Academic Level,False,Academic Level,,"[name=""academic-level""]"
private-office-director-strategic-operations-executive-support-hr92529,Private Office Director (Strategic Operations & Executive Support) - (HR92529),Age,select,Age,False,Age,,"[name=""Age""]"
private-office-director-strategic-operations-executive-support-hr92529,Private Office Director (Strategic Operations & Executive Support) - (HR92529),salary,text,salary,False,,,#salary24562
private-office-director-strategic-operations-executive-support-hr92529,Private Office Director (Strategic Operations & Executive Support) - (HR92529),gender,select,Gender,False,Gender,,"[name=""gender""]"
private-office-director-strategic-operations-executive-support-hr92529,Private Office Director (Strategic Operations & Executive Support) - (HR92529),industry,select,Industry,False,Industry,,"[name=""industry""]"
private-office-director-strategic-operations-executive-support-hr92529,Private Office Director (Strategic Operations & Executive Support) - (HR92529),cand_woutreg_cv_file,file,cand_woutreg_cv_file,False,,,#cand_cv_filefield
private-office-director-strategic-operations-executive-support-hr92529,Private Office Director (Strategic Operations & Executive Support) - (HR92529),cand_cover_letter,textarea,Cover Letter,False,Cover Letter,,"[name=""cand_cover_letter""]"
private-office-director-strategic-operations-executive-support-hr92529,Private Office Director (Strategic Operations & Executive Support) - (HR92529),candidate_apply_cover,file,candidate_apply_cover,False,,,"[name=""candidate_apply_cover""]"
private-office-director-strategic-operations-executive-support-hr92529,Private Office Director (Strategic Operations & Executive Support) - (HR92529),job_id,hidden,job_id,False,,,"[name=""job_id""]"
private-office-director-strategic-operations-executive-support-hr92529,Private Office Director (Strategic Operations & Executive Support) - (HR92529),terms_cond_check,checkbox,terms_cond_check,False,,,"[name=""terms_cond_check""]"
